course,course_slug,section,title,video_id,source_id,duration_sec,duration_min,m3u8_url,m3u8_source,mp4_url,wistia_type,type
Plus Library,aptitude-qs-library,Goldman Sachs(Hard),Super Egg Drop,65703a39b72e49bc3d094101,8nvglfl7f6,1707.0,28.4,https://embed-cloudfront.wistia.com/deliveries/95f18a0519e391c246c9a4be6daf887671fb6a97.m3u8,player,,wistia,video
Plus Library,aptitude-qs-library,Adobe(Hard),Palindrome Partitioning II,65704185caacb2ebf20c8ee3,ozbf0imslx,756.0,12.6,https://embed-cloudfront.wistia.com/deliveries/95f18a0519e391c246c9a4be6daf887671fb6a97.m3u8,player,,wistia,video
Plus Library,aptitude-qs-library,Adobe(Hard),First Missing Positive,65704185caacb2ebf20c8edc,warpt0xf3x,596.0,9.9,https://embed-cloudfront.wistia.com/deliveries/95f18a0519e391c246c9a4be6daf887671fb6a97.m3u8,player,,wistia,video
Plus Library,aptitude-qs-library,Adobe(Hard),Unique Paths III,65704185caacb2ebf20c8ef1,1h8sr9wkmi,1095.0,18.2,https://embed-cloudfront.wistia.com/deliveries/95f18a0519e391c246c9a4be6daf887671fb6a97.m3u8,player,,wistia,video
Plus Library,aptitude-qs-library,Adobe(Medium),Maximum Area of a Piece of Cake After Horizontal And Vertical Cut,65704188656b0258d00eddbb,34loehr87w,806.0,13.4,https://embed-cloudfront.wistia.com/deliveries/95f18a0519e391c246c9a4be6daf887671fb6a97.m3u8,player,,wistia,video
Plus Library,aptitude-qs-library,Adobe(Medium),Minimum Number of Swaps to Make The String Balanced,65704188656b0258d00eddbe,udvo2s5rqm,460.0,7.7,https://embed-cloudfront.wistia.com/deliveries/95f18a0519e391c246c9a4be6daf887671fb6a97.m3u8,player,,wistia,video
Plus Library,aptitude-qs-library,Adobe(Medium),Minimize Maximum Pair Sum in Array,65704188656b0258d00eddbc,pm53l1rvoc,437.0,7.3,https://embed-cloudfront.wistia.com/deliveries/95f18a0519e391c246c9a4be6daf887671fb6a97.m3u8,player,,wistia,video
Plus Library,aptitude-qs-library,Adobe(Medium),Wiggle Sort II,65704188656b0258d00eddd0,roxqi3jgm9,440.0,7.3,https://embed-cloudfront.wistia.com/deliveries/95f18a0519e391c246c9a4be6daf887671fb6a97.m3u8,player,,wistia,video
Plus Library,aptitude-qs-library,Adobe(Easy),Reverse String II,656f0daec658f104e20ce698,5i9atczb1s,511.0,8.5,https://embed-cloudfront.wistia.com/deliveries/95f18a0519e391c246c9a4be6daf887671fb6a97.m3u8,player,,wistia,video
Plus Library,aptitude-qs-library,Adobe(Medium),Valid Sudoku,65704188656b0258d00eddcf,qrul46cd1l,879.0,14.7,https://embed-cloudfront.wistia.com/deliveries/95f18a0519e391c246c9a4be6daf887671fb6a97.m3u8,player,,wistia,video
Plus Library,aptitude-qs-library,Adobe(Medium),Sum in a Matrix,65704188656b0258d00eddcd,2krkpo7bdp,570.0,9.5,https://embed-cloudfront.wistia.com/deliveries/95f18a0519e391c246c9a4be6daf887671fb6a97.m3u8,player,,wistia,video
Plus Library,aptitude-qs-library,Adobe(Medium),Search a 2D Matrix,65704188656b0258d00eddcc,3rp5w2rd8l,582.0,9.7,https://embed-cloudfront.wistia.com/deliveries/95f18a0519e391c246c9a4be6daf887671fb6a97.m3u8,player,,wistia,video
Plus Library,aptitude-qs-library,Adobe(Medium),Maximum Bags With Full Capacity of Rocks,65704188656b0258d00eddcb,6yo1bqn7i7,587.0,9.8,https://embed-cloudfront.wistia.com/deliveries/95f18a0519e391c246c9a4be6daf887671fb6a97.m3u8,player,,wistia,video
Plus Library,aptitude-qs-library,Adobe(Medium),Triangle,65704188656b0258d00eddca,q39qrq8g5v,666.0,11.1,https://embed-cloudfront.wistia.com/deliveries/95f18a0519e391c246c9a4be6daf887671fb6a97.m3u8,player,,wistia,video
Plus Library,aptitude-qs-library,Adobe(Medium),Sum of Square Numbers,65704188656b0258d00eddc7,xt0w9hvxt8,475.0,7.9,https://embed-cloudfront.wistia.com/deliveries/95f18a0519e391c246c9a4be6daf887671fb6a97.m3u8,player,,wistia,video
Plus Library,aptitude-qs-library,Adobe(Medium),Subsets,65704188656b0258d00eddc6,de67ze2pke,505.0,8.4,https://embed-cloudfront.wistia.com/deliveries/95f18a0519e391c246c9a4be6daf887671fb6a97.m3u8,player,,wistia,video
Plus Library,aptitude-qs-library,Adobe(Medium),Sort Colors,65704188656b0258d00eddc5,vrhi7xbkbi,536.0,8.9,https://embed-cloudfront.wistia.com/deliveries/95f18a0519e391c246c9a4be6daf887671fb6a97.m3u8,player,,wistia,video
Plus Library,aptitude-qs-library,Adobe(Medium),Number of laser beams in a bank,65704188656b0258d00eddbf,o8bd36q8l1,571.0,9.5,https://embed-cloudfront.wistia.com/deliveries/95f18a0519e391c246c9a4be6daf887671fb6a97.m3u8,player,,wistia,video
Plus Library,aptitude-qs-library,Adobe(Easy),Minimum index sum of two lists,65704188656b0258d00eddbd,vom6s6bvwo,770.0,12.8,https://embed-cloudfront.wistia.com/deliveries/95f18a0519e391c246c9a4be6daf887671fb6a97.m3u8,player,,wistia,video
Plus Library,aptitude-qs-library,Adobe(Medium),Equal row and column pairs,65704188656b0258d00eddb8,vnpomp4j5y,678.0,11.3,https://embed-cloudfront.wistia.com/deliveries/95f18a0519e391c246c9a4be6daf887671fb6a97.m3u8,player,,wistia,video
Plus Library,aptitude-qs-library,Adobe(Medium),Determine if two strings are close,65704188656b0258d00eddb7,2urkrqo8co,745.0,12.4,https://embed-cloudfront.wistia.com/deliveries/95f18a0519e391c246c9a4be6daf887671fb6a97.m3u8,player,,wistia,video
Plus Library,aptitude-qs-library,Adobe(Medium),Check If a String can break another String,65704188656b0258d00eddb6,9t9y3a7755,603.0,10.1,https://embed-cloudfront.wistia.com/deliveries/95f18a0519e391c246c9a4be6daf887671fb6a97.m3u8,player,,wistia,video
Plus Library,aptitude-qs-library,Adobe(Hard),Reducing dishes,65704185caacb2ebf20c8ee4,t2skahp1z6,707.0,11.8,https://embed-cloudfront.wistia.com/deliveries/95f18a0519e391c246c9a4be6daf887671fb6a97.m3u8,player,,wistia,video
Plus Library,aptitude-qs-library,Atlassian(Medium),Unique Path II,65702733f12bb05fab0fa7a2,jtkk33zog9,1212.0,20.2,https://embed-cloudfront.wistia.com/deliveries/95f18a0519e391c246c9a4be6daf887671fb6a97.m3u8,player,,wistia,video
Plus Library,aptitude-qs-library,Goldman Sachs(Medium),Fraction to Recurring Decimal,65703a3c1fab7fd1d9003bf4,fo4zet3pom,712.0,11.9,https://embed-cloudfront.wistia.com/deliveries/95f18a0519e391c246c9a4be6daf887671fb6a97.m3u8,player,,wistia,video
Plus Library,aptitude-qs-library,Goldman Sachs(Medium),Knight Probability in Chessboard,65703a3c1fab7fd1d9003bf2,q3bpzag73m,1126.0,18.8,https://embed-cloudfront.wistia.com/deliveries/95f18a0519e391c246c9a4be6daf887671fb6a97.m3u8,player,,wistia,video
Plus Library,aptitude-qs-library,Goldman Sachs(Medium),Longest Word in Dictionary through Deleting,65703a3c1fab7fd1d9003bf0,tds296y5wi,903.0,15.1,https://embed-cloudfront.wistia.com/deliveries/95f18a0519e391c246c9a4be6daf887671fb6a97.m3u8,player,,wistia,video
Plus Library,aptitude-qs-library,Goldman Sachs(Medium),Spiral Matrix,65703a3c1fab7fd1d9003bee,w7qrjdtacs,1309.0,21.8,https://embed-cloudfront.wistia.com/deliveries/95f18a0519e391c246c9a4be6daf887671fb6a97.m3u8,player,,wistia,video
Plus Library,aptitude-qs-library,Goldman Sachs(Medium),Robot bounded in a circle,65703a3c1fab7fd1d9003bed,ydvg7588rv,1371.0,22.9,https://embed-cloudfront.wistia.com/deliveries/95f18a0519e391c246c9a4be6daf887671fb6a97.m3u8,player,,wistia,video
Plus Library,aptitude-qs-library,Goldman Sachs(Medium),Count Number of Teams,65703a3c1fab7fd1d9003bec,0yr3jc7fqx,883.0,14.7,https://embed-cloudfront.wistia.com/deliveries/95f18a0519e391c246c9a4be6daf887671fb6a97.m3u8,player,,wistia,video
Plus Library,aptitude-qs-library,Goldman Sachs(Medium),Minimum Window Substring,65703a3c1fab7fd1d9003beb,gzo7ujb0uj,1351.0,22.5,https://embed-cloudfront.wistia.com/deliveries/95f18a0519e391c246c9a4be6daf887671fb6a97.m3u8,player,,wistia,video
Plus Library,aptitude-qs-library,Goldman Sachs(Medium),Product of Array Except Self,65703a3c1fab7fd1d9003be9,pr3w38gber,1303.0,21.7,https://embed-cloudfront.wistia.com/deliveries/95f18a0519e391c246c9a4be6daf887671fb6a97.m3u8,player,,wistia,video
Plus Library,aptitude-qs-library,Goldman Sachs(Medium),Minimum Path Sum,65703a3c1fab7fd1d9003be7,at3kop68bz,1245.0,20.8,https://embed-cloudfront.wistia.com/deliveries/95f18a0519e391c246c9a4be6daf887671fb6a97.m3u8,player,,wistia,video
Plus Library,aptitude-qs-library,Goldman Sachs(Medium),Gas Station,65703a3c1fab7fd1d9003be6,fgedzpcee6,1460.0,24.3,https://embed-cloudfront.wistia.com/deliveries/95f18a0519e391c246c9a4be6daf887671fb6a97.m3u8,player,,wistia,video
Plus Library,aptitude-qs-library,Goldman Sachs(Medium),Minimum Area of Rectangle,65703a3c1fab7fd1d9003be4,wliuhvnh6e,1414.0,23.6,https://embed-cloudfront.wistia.com/deliveries/95f18a0519e391c246c9a4be6daf887671fb6a97.m3u8,player,,wistia,video
Plus Library,aptitude-qs-library,Goldman Sachs(Medium),Beautiful Arrangement,65703a3c1fab7fd1d9003bdf,hhllgvmla3,1443.0,24.1,https://embed-cloudfront.wistia.com/deliveries/95f18a0519e391c246c9a4be6daf887671fb6a97.m3u8,player,,wistia,video
Plus Library,aptitude-qs-library,Goldman Sachs(Hard),Last Substring in Lexicographical Order,65703a39b72e49bc3d0940ff,orjqlks39f,775.0,12.9,https://embed-cloudfront.wistia.com/deliveries/95f18a0519e391c246c9a4be6daf887671fb6a97.m3u8,player,,wistia,video
Plus Library,aptitude-qs-library,Goldman Sachs(Hard),Reaching Points,65703a39b72e49bc3d0940fd,lhljf0wxkf,949.0,15.8,https://embed-cloudfront.wistia.com/deliveries/95f18a0519e391c246c9a4be6daf887671fb6a97.m3u8,player,,wistia,video
Plus Library,aptitude-qs-library,Goldman Sachs(Hard),Shortest subarray with Sum at least K,65703a39b72e49bc3d0940fb,vfnlzi096d,1672.0,27.9,https://embed-cloudfront.wistia.com/deliveries/95f18a0519e391c246c9a4be6daf887671fb6a97.m3u8,player,,wistia,video
Plus Library,aptitude-qs-library,Atlassian(Medium),Find the City with the Smallest Number of Neighbors at a Threshold Distance,65702733f12bb05fab0fa79b,rnq7umyl45,1314.0,21.9,https://embed-cloudfront.wistia.com/deliveries/95f18a0519e391c246c9a4be6daf887671fb6a97.m3u8,player,,wistia,video
Plus Library,aptitude-qs-library,Google(Medium),Kth smallest element in a BST,65702fc50883bd1fe20d8825,0l14epd4vz,329.0,5.5,https://embed-cloudfront.wistia.com/deliveries/95f18a0519e391c246c9a4be6daf887671fb6a97.m3u8,player,,wistia,video
Plus Library,aptitude-qs-library,Google(Medium),String To Integer,65702fae10df62f31309e565,uw2na6ph1f,526.0,8.8,https://embed-cloudfront.wistia.com/deliveries/95f18a0519e391c246c9a4be6daf887671fb6a97.m3u8,player,,wistia,video
Plus Library,aptitude-qs-library,Google(Easy),Climbing stairs,65702f8ee9d8632154075285,ga3c1squ0q,354.0,5.9,https://embed-cloudfront.wistia.com/deliveries/95f18a0519e391c246c9a4be6daf887671fb6a97.m3u8,player,,wistia,video
Plus Library,aptitude-qs-library,Google(Medium),Longest Increasing Path in a Matrix,65702d0a0715027f2b0a58f5,uznvndeh8s,753.0,12.6,https://embed-cloudfront.wistia.com/deliveries/95f18a0519e391c246c9a4be6daf887671fb6a97.m3u8,player,,wistia,video
Plus Library,aptitude-qs-library,Atlassian(Medium),Shortest bridge,65702733f12bb05fab0fa7ab,3ekv8qly4u,1991.0,33.2,https://embed-cloudfront.wistia.com/deliveries/95f18a0519e391c246c9a4be6daf887671fb6a97.m3u8,player,,wistia,video
Plus Library,aptitude-qs-library,Atlassian(Medium),Smallest missing non-negative integer after operations,65702733f12bb05fab0fa7a3,sivmb6df0m,1377.0,22.9,https://embed-cloudfront.wistia.com/deliveries/95f18a0519e391c246c9a4be6daf887671fb6a97.m3u8,player,,wistia,video
Plus Library,aptitude-qs-library,Atlassian(Medium),Find minimum in rotated sorted array,65702733f12bb05fab0fa7a1,k4lcz3lev1,897.0,14.9,https://embed-cloudfront.wistia.com/deliveries/95f18a0519e391c246c9a4be6daf887671fb6a97.m3u8,player,,wistia,video
Plus Library,aptitude-qs-library,Atlassian(Medium),Maximum number of occurrences of a substring,65702733f12bb05fab0fa7a0,qfmo79zwyz,1541.0,25.7,https://embed-cloudfront.wistia.com/deliveries/95f18a0519e391c246c9a4be6daf887671fb6a97.m3u8,player,,wistia,video
Plus Library,aptitude-qs-library,Atlassian(Medium),Online election,65702733f12bb05fab0fa79f,iuqmo8t98s,1893.0,31.6,https://embed-cloudfront.wistia.com/deliveries/95f18a0519e391c246c9a4be6daf887671fb6a97.m3u8,player,,wistia,video
Plus Library,aptitude-qs-library,Atlassian(Medium),Top K frequent words,65702733f12bb05fab0fa79e,09rjmfvzho,2066.0,34.4,https://embed-cloudfront.wistia.com/deliveries/95f18a0519e391c246c9a4be6daf887671fb6a97.m3u8,player,,wistia,video
Plus Library,aptitude-qs-library,Atlassian(Medium),Rank Team By votes,65702733f12bb05fab0fa79d,gf5mdnje9z,1600.0,26.7,https://embed-cloudfront.wistia.com/deliveries/95f18a0519e391c246c9a4be6daf887671fb6a97.m3u8,player,,wistia,video
Plus Library,aptitude-qs-library,Atlassian(Medium),Design File System,65702733f12bb05fab0fa79c,7p70oieeij,1976.0,32.9,https://embed-cloudfront.wistia.com/deliveries/95f18a0519e391c246c9a4be6daf887671fb6a97.m3u8,player,,wistia,video
Plus Library,aptitude-qs-library,Atlassian(Medium),Design hit counter,65702733f12bb05fab0fa79a,o93evhbtfz,1396.0,23.3,https://embed-cloudfront.wistia.com/deliveries/95f18a0519e391c246c9a4be6daf887671fb6a97.m3u8,player,,wistia,video
Plus Library,aptitude-qs-library,Atlassian(Medium),Design a Stack With Increment Operation,65702733f12bb05fab0fa799,jzrdazjze7,1007.0,16.8,https://embed-cloudfront.wistia.com/deliveries/95f18a0519e391c246c9a4be6daf887671fb6a97.m3u8,player,,wistia,video
Plus Library,aptitude-qs-library,Atlassian(Medium),Finding the Users Active Minutes,65702733f12bb05fab0fa798,d99kvkpux5,1083.0,18.1,https://embed-cloudfront.wistia.com/deliveries/95f18a0519e391c246c9a4be6daf887671fb6a97.m3u8,player,,wistia,video
Plus Library,aptitude-qs-library,Atlassian(Hard),Consecutive numbers sum,657027303a4239ba8c03777a,pkd8pw68c7,674.0,11.2,https://embed-cloudfront.wistia.com/deliveries/95f18a0519e391c246c9a4be6daf887671fb6a97.m3u8,player,,wistia,video
Plus Library,aptitude-qs-library,Atlassian(Hard),Count vowels permutation,657027303a4239ba8c037779,5if1b3e0g2,1192.0,19.9,https://embed-cloudfront.wistia.com/deliveries/95f18a0519e391c246c9a4be6daf887671fb6a97.m3u8,player,,wistia,video
Plus Library,aptitude-qs-library,Atlassian(Hard),Count Palindromic Subsequences,657027303a4239ba8c037778,5tra6jjdiy,1840.0,30.7,https://embed-cloudfront.wistia.com/deliveries/95f18a0519e391c246c9a4be6daf887671fb6a97.m3u8,player,,wistia,video
Plus Library,aptitude-qs-library,Atlassian(Hard),Number of ways to form a target string given a dictionary,657027303a4239ba8c037777,tw7bt7kidr,1695.0,28.2,https://embed-cloudfront.wistia.com/deliveries/95f18a0519e391c246c9a4be6daf887671fb6a97.m3u8,player,,wistia,video
Plus Library,aptitude-qs-library,Atlassian(Hard),Minimum time to visit a cell in a grid,657027303a4239ba8c037776,hp9blk4gon,2003.0,33.4,https://embed-cloudfront.wistia.com/deliveries/95f18a0519e391c246c9a4be6daf887671fb6a97.m3u8,player,,wistia,video
Plus Library,aptitude-qs-library,Atlassian(Hard),Sliding window maximum,657027303a4239ba8c037775,aavdphxbw5,1547.0,25.8,https://embed-cloudfront.wistia.com/deliveries/95f18a0519e391c246c9a4be6daf887671fb6a97.m3u8,player,,wistia,video
Plus Library,aptitude-qs-library,Atlassian(Hard),Maximum profit in job scheduling,657027303a4239ba8c037774,ye1i32qudy,1912.0,31.9,https://embed-cloudfront.wistia.com/deliveries/95f18a0519e391c246c9a4be6daf887671fb6a97.m3u8,player,,wistia,video
Plus Library,aptitude-qs-library,Google(Medium),Longest Consecutive Sequence,656f2dee618ea9bd3902e8e3,ghd7dy75ba,558.0,9.3,https://embed-cloudfront.wistia.com/deliveries/95f18a0519e391c246c9a4be6daf887671fb6a97.m3u8,player,,wistia,video
Plus Library,aptitude-qs-library,Google(Medium),Sort list,656f2dee618ea9bd3902e8e1,bbp8dktmko,1059.0,17.6,https://embed-cloudfront.wistia.com/deliveries/95f18a0519e391c246c9a4be6daf887671fb6a97.m3u8,player,,wistia,video
Plus Library,aptitude-qs-library,Google(Medium),Clone graph,656f2dee618ea9bd3902e8df,uvixrhy847,837.0,13.9,https://embed-cloudfront.wistia.com/deliveries/95f18a0519e391c246c9a4be6daf887671fb6a97.m3u8,player,,wistia,video
Plus Library,aptitude-qs-library,Google(Medium),Sum Root to Leaf Numbers,656f2dee618ea9bd3902e8de,21n47m2c9t,697.0,11.6,https://embed-cloudfront.wistia.com/deliveries/95f18a0519e391c246c9a4be6daf887671fb6a97.m3u8,player,,wistia,video
Plus Library,aptitude-qs-library,Google(Medium),Permutations,656f2dee618ea9bd3902e8dc,4w1w90jpe1,947.0,15.8,https://embed-cloudfront.wistia.com/deliveries/95f18a0519e391c246c9a4be6daf887671fb6a97.m3u8,player,,wistia,video
Plus Library,aptitude-qs-library,Google(Medium),Word Search,656f2dee618ea9bd3902e8da,5c5d49dqj0,832.0,13.9,https://embed-cloudfront.wistia.com/deliveries/95f18a0519e391c246c9a4be6daf887671fb6a97.m3u8,player,,wistia,video
Plus Library,aptitude-qs-library,Google(Medium),Merge Intervals,656f2dee618ea9bd3902e8d9,cwv3ohn5n8,772.0,12.9,https://embed-cloudfront.wistia.com/deliveries/95f18a0519e391c246c9a4be6daf887671fb6a97.m3u8,player,,wistia,video
Plus Library,aptitude-qs-library,Google(Medium),Rotate image-matrix,656f2dee618ea9bd3902e8d8,9xfh8q07ld,451.0,7.5,https://embed-cloudfront.wistia.com/deliveries/95f18a0519e391c246c9a4be6daf887671fb6a97.m3u8,player,,wistia,video
Plus Library,aptitude-qs-library,Google(Medium),Palindrome Partitioning,656f2dee618ea9bd3902e8d7,rp63lafil5,1431.0,23.9,https://embed-cloudfront.wistia.com/deliveries/95f18a0519e391c246c9a4be6daf887671fb6a97.m3u8,player,,wistia,video
Plus Library,aptitude-qs-library,Microsoft(Hard),Longest Increasing Subsequence,656f2c91c31d15a52a015434,gxo5le01kz,787.0,13.1,https://embed-cloudfront.wistia.com/deliveries/95f18a0519e391c246c9a4be6daf887671fb6a97.m3u8,player,,wistia,video
Plus Library,aptitude-qs-library,Microsoft(Medium),Reorganize Strings,656f2bc37d024b839e030815,oxkwg9e1nc,1249.0,20.8,https://embed-cloudfront.wistia.com/deliveries/95f18a0519e391c246c9a4be6daf887671fb6a97.m3u8,player,,wistia,video
Plus Library,aptitude-qs-library,Microsoft(Medium),Valid Stack Sequence Explanation,656f2bc37d024b839e030814,d6jmv0giqp,548.0,9.1,https://embed-cloudfront.wistia.com/deliveries/95f18a0519e391c246c9a4be6daf887671fb6a97.m3u8,player,,wistia,video
Plus Library,aptitude-qs-library,Microsoft(Medium),4 Sum,656f2bc37d024b839e030813,v4j50wotuk,1125.0,18.8,https://embed-cloudfront.wistia.com/deliveries/95f18a0519e391c246c9a4be6daf887671fb6a97.m3u8,player,,wistia,video
Plus Library,aptitude-qs-library,Microsoft(Medium),Longest Substring,656f2bc37d024b839e030812,nmtydn66jv,688.0,11.5,https://embed-cloudfront.wistia.com/deliveries/95f18a0519e391c246c9a4be6daf887671fb6a97.m3u8,player,,wistia,video
Plus Library,aptitude-qs-library,Microsoft(Medium),Delete a node Explanation,656f2bc37d024b839e030811,45m7n773hw,497.0,8.3,https://embed-cloudfront.wistia.com/deliveries/95f18a0519e391c246c9a4be6daf887671fb6a97.m3u8,player,,wistia,video
Plus Library,aptitude-qs-library,Microsoft(Medium),Generate Parentheses,656f2bc37d024b839e030810,swh2lvl5je,1113.0,18.6,https://embed-cloudfront.wistia.com/deliveries/95f18a0519e391c246c9a4be6daf887671fb6a97.m3u8,player,,wistia,video
Plus Library,aptitude-qs-library,Microsoft(Medium),Reverse a Linked List,656f2bc37d024b839e03080f,oujqjiyggm,1026.0,17.1,https://embed-cloudfront.wistia.com/deliveries/95f18a0519e391c246c9a4be6daf887671fb6a97.m3u8,player,,wistia,video
Plus Library,aptitude-qs-library,Microsoft(Medium),Number of 1 bits,656f2bc37d024b839e03080e,v6qzc50qhj,464.0,7.7,https://embed-cloudfront.wistia.com/deliveries/95f18a0519e391c246c9a4be6daf887671fb6a97.m3u8,player,,wistia,video
Plus Library,aptitude-qs-library,Microsoft(Medium),Linked List Cycle,656f2bc37d024b839e03080d,acfvrgw2w5,510.0,8.5,https://embed-cloudfront.wistia.com/deliveries/95f18a0519e391c246c9a4be6daf887671fb6a97.m3u8,player,,wistia,video
Plus Library,aptitude-qs-library,Microsoft(Medium),Next permutation,656f2bc37d024b839e03080c,23021xymak,1072.0,17.9,https://embed-cloudfront.wistia.com/deliveries/95f18a0519e391c246c9a4be6daf887671fb6a97.m3u8,player,,wistia,video
Plus Library,aptitude-qs-library,Microsoft(Medium),Number of Substrings with 1s,656f2bc37d024b839e03080b,ebic4pgqyk,701.0,11.7,https://embed-cloudfront.wistia.com/deliveries/95f18a0519e391c246c9a4be6daf887671fb6a97.m3u8,player,,wistia,video
Plus Library,aptitude-qs-library,Google(Easy),Greatest Common Divisor of Strings,656f2bb3baea3758cb01b162,k1rwzpuose,610.0,10.2,https://embed-cloudfront.wistia.com/deliveries/95f18a0519e391c246c9a4be6daf887671fb6a97.m3u8,player,,wistia,video
Plus Library,aptitude-qs-library,Google(Easy),Longest Common Prefix,656f2bb3baea3758cb01b160,ghd7dy75ba,558.0,9.3,https://embed-cloudfront.wistia.com/deliveries/95f18a0519e391c246c9a4be6daf887671fb6a97.m3u8,player,,wistia,video
Plus Library,aptitude-qs-library,Google(Easy),Invert Binary Tree,656f2bb3baea3758cb01b15d,gb26hhlvkd,657.0,10.9,https://embed-cloudfront.wistia.com/deliveries/95f18a0519e391c246c9a4be6daf887671fb6a97.m3u8,player,,wistia,video
Plus Library,aptitude-qs-library,Google(Easy),Kth row of Pascal's triangle,656f2bb3baea3758cb01b15b,u4n3nlnjcm,595.0,9.9,https://embed-cloudfront.wistia.com/deliveries/95f18a0519e391c246c9a4be6daf887671fb6a97.m3u8,player,,wistia,video
Plus Library,aptitude-qs-library,Adobe(Easy),Toeplitz Matrix,656f0e4cb090d340510ffb38,5ux89i7y8z,416.0,6.9,https://embed-cloudfront.wistia.com/deliveries/95f18a0519e391c246c9a4be6daf887671fb6a97.m3u8,player,,wistia,video
Plus Library,aptitude-qs-library,Adobe(Easy),To Lower Case,656f0e1058cbc3e9960a90a6,gxjk8aytsw,389.0,6.5,https://embed-cloudfront.wistia.com/deliveries/95f18a0519e391c246c9a4be6daf887671fb6a97.m3u8,player,,wistia,video
Plus Library,aptitude-qs-library,Adobe(Easy),Shortest Distance to a Character,656f0dbc4ac4e2135b05a736,rkztyyn5cu,671.0,11.2,https://embed-cloudfront.wistia.com/deliveries/95f18a0519e391c246c9a4be6daf887671fb6a97.m3u8,player,,wistia,video
Plus Library,aptitude-qs-library,Adobe(Easy),Remove Element,656f0d992c85a0587d0bb3f5,lwljkrr6ws,357.0,6.0,https://embed-cloudfront.wistia.com/deliveries/95f18a0519e391c246c9a4be6daf887671fb6a97.m3u8,player,,wistia,video
Plus Library,aptitude-qs-library,Adobe(Easy),Length of last word,656f014a96683d963002f3a5,42ctuazvpo,417.0,7.0,https://embed-cloudfront.wistia.com/deliveries/95f18a0519e391c246c9a4be6daf887671fb6a97.m3u8,player,,wistia,video
Plus Library,aptitude-qs-library,Adobe(Easy),Baseball Game,656f00c1489b086ae70e9535,w8trvsxt78,694.0,11.6,https://embed-cloudfront.wistia.com/deliveries/95f18a0519e391c246c9a4be6daf887671fb6a97.m3u8,player,,wistia,video
Plus Library,aptitude-qs-library,Goldman Sachs(Easy),K-different pairs in an Array,656ef3f803c54fa5a502b286,hoz9ky5fcx,1962.0,32.7,https://embed-cloudfront.wistia.com/deliveries/95f18a0519e391c246c9a4be6daf887671fb6a97.m3u8,player,,wistia,video
Plus Library,aptitude-qs-library,Goldman Sachs(Easy),Robot return to origin,656ef3bd8fc640318300eed3,s3bzliaewt,830.0,13.8,https://embed-cloudfront.wistia.com/deliveries/95f18a0519e391c246c9a4be6daf887671fb6a97.m3u8,player,,wistia,video
Plus Library,aptitude-qs-library,Goldman Sachs(Easy),Move Zeroes,656ef36ba5e39598ad0f9096,6ghasvjmj2,1209.0,20.1,https://embed-cloudfront.wistia.com/deliveries/95f18a0519e391c246c9a4be6daf887671fb6a97.m3u8,player,,wistia,video
Plus Library,aptitude-qs-library,Goldman Sachs(Easy),Power of three,656ef34e84533a40a907eb13,7g9z0psxe9,1025.0,17.1,https://embed-cloudfront.wistia.com/deliveries/95f18a0519e391c246c9a4be6daf887671fb6a97.m3u8,player,,wistia,video
Plus Library,aptitude-qs-library,Goldman Sachs(Easy),Find Pivot Element,656ef1b77b6576ead505b496,znm7s01qo4,1256.0,20.9,https://embed-cloudfront.wistia.com/deliveries/95f18a0519e391c246c9a4be6daf887671fb6a97.m3u8,player,,wistia,video
Plus Library,aptitude-qs-library,Goldman Sachs(Easy),First Unique Character in String,656ef1a67f5d414de40d96f5,bbx7yet17u,893.0,14.9,https://embed-cloudfront.wistia.com/deliveries/95f18a0519e391c246c9a4be6daf887671fb6a97.m3u8,player,,wistia,video
Plus Library,aptitude-qs-library,Atlassian (Easy),Arranging Coins,656ee32fadb61015aa0dec45,dw1axep7gj,1183.0,19.7,https://embed-cloudfront.wistia.com/deliveries/95f18a0519e391c246c9a4be6daf887671fb6a97.m3u8,player,,wistia,video
Plus Library,aptitude-qs-library,Atlassian (Easy),Single Number,656ee31ec66beb24d9031093,8jc4pft11f,1083.0,18.1,https://embed-cloudfront.wistia.com/deliveries/95f18a0519e391c246c9a4be6daf887671fb6a97.m3u8,player,,wistia,video
Plus Library,aptitude-qs-library,Atlassian (Easy),Logger Rate Limiter,656ee30f554b3ea1880eda16,d90snw9k7n,987.0,16.4,https://embed-cloudfront.wistia.com/deliveries/95f18a0519e391c246c9a4be6daf887671fb6a97.m3u8,player,,wistia,video
Plus Library,aptitude-qs-library,Google(Hard),Largest Rectangle in Histogram,656ed7a26fb00091c50ce9e5,u7gun1h5ju,812.0,13.5,https://embed-cloudfront.wistia.com/deliveries/95f18a0519e391c246c9a4be6daf887671fb6a97.m3u8,player,,wistia,video
Plus Library,aptitude-qs-library,Google(Hard),Wildcard matching,656ed88cf8100d91e20f1bc5,kqpl0yu3r7,1001.0,16.7,https://embed-cloudfront.wistia.com/deliveries/95f18a0519e391c246c9a4be6daf887671fb6a97.m3u8,player,,wistia,video
Plus Library,aptitude-qs-library,Google(Hard),Find the Shortest Superstring,656ed80351d563d38102b945,lxlyv67xnq,931.0,15.5,https://embed-cloudfront.wistia.com/deliveries/95f18a0519e391c246c9a4be6daf887671fb6a97.m3u8,player,,wistia,video
Plus Library,aptitude-qs-library,Google(Hard),Maximal Rectangle,656ed7b77da32838450164e8,h7hng6gip0,433.0,7.2,https://embed-cloudfront.wistia.com/deliveries/95f18a0519e391c246c9a4be6daf887671fb6a97.m3u8,player,,wistia,video
Plus Library,aptitude-qs-library,Microsoft(Easy),Valid Palindrome,656ece8b8d82c7226e05bf65,6aoivvtr98,700.0,11.7,https://embed-cloudfront.wistia.com/deliveries/95f18a0519e391c246c9a4be6daf887671fb6a97.m3u8,player,,wistia,video
Plus Library,aptitude-qs-library,Microsoft(Easy),Defanged IP Address,656eced62bf375c9730cb9a3,pwdhphn9px,366.0,6.1,https://embed-cloudfront.wistia.com/deliveries/95f18a0519e391c246c9a4be6daf887671fb6a97.m3u8,player,,wistia,video
Plus Library,aptitude-qs-library,Microsoft(Easy),Palindrome Number,656ecd8ba4bcb8aa6f0863e5,tjbat0axm2,550.0,9.2,https://embed-cloudfront.wistia.com/deliveries/95f18a0519e391c246c9a4be6daf887671fb6a97.m3u8,player,,wistia,video
Plus Library,aptitude-qs-library,Microsoft(Easy),Sign of the product of an array,656ecd79814447443b0b9ca5,7tgiyvuety,303.0,5.0,https://embed-cloudfront.wistia.com/deliveries/95f18a0519e391c246c9a4be6daf887671fb6a97.m3u8,player,,wistia,video
Plus Library,aptitude-qs-library,Amazon [Hard],Longest Valid Parantheses,656c78546d5520ebd30b99f5,3g4zcyhtqn,700.0,11.7,https://embed-cloudfront.wistia.com/deliveries/95f18a0519e391c246c9a4be6daf887671fb6a97.m3u8,player,,wistia,video
Plus Library,aptitude-qs-library,Amazon [Hard],Race Car,656c783dcc381afe6a075256,zyr13yz0l7,823.0,13.7,https://embed-cloudfront.wistia.com/deliveries/95f18a0519e391c246c9a4be6daf887671fb6a97.m3u8,player,,wistia,video
Plus Library,aptitude-qs-library,Amazon [Hard],Find Median from Data Stream,656c78267f3aeab7f807cf85,8mle4z25hs,705.0,11.8,https://embed-cloudfront.wistia.com/deliveries/95f18a0519e391c246c9a4be6daf887671fb6a97.m3u8,player,,wistia,video
Plus Library,aptitude-qs-library,Amazon [Hard],Merge K Sorted Lists,656c780e1d0fa904c700d9c5,zsbgp7jtrz,1116.0,18.6,https://embed-cloudfront.wistia.com/deliveries/95f18a0519e391c246c9a4be6daf887671fb6a97.m3u8,player,,wistia,video
Plus Library,aptitude-qs-library,Amazon [Hard],Median of Two Sorted Arrays,656c77fba2917cafb2019e75,0h7ql53fim,1355.0,22.6,https://embed-cloudfront.wistia.com/deliveries/95f18a0519e391c246c9a4be6daf887671fb6a97.m3u8,player,,wistia,video
Plus Library,aptitude-qs-library,Amazon [Hard],Kth Smallest Pair Distance,656c77db266c1e487b0aa875,eb6lyl2vey,869.0,14.5,https://embed-cloudfront.wistia.com/deliveries/95f18a0519e391c246c9a4be6daf887671fb6a97.m3u8,player,,wistia,video
Plus Library,aptitude-qs-library,Amazon [Medium],LRU Cache,656c77692555c9c12d0d96f3,zbemah3zgy,1539.0,25.6,https://embed-cloudfront.wistia.com/deliveries/95f18a0519e391c246c9a4be6daf887671fb6a97.m3u8,player,,wistia,video
Plus Library,aptitude-qs-library,Amazon [Medium],Unique Paths,656c7753aee81e6db00ff035,mgd2104ah4,989.0,16.5,https://embed-cloudfront.wistia.com/deliveries/95f18a0519e391c246c9a4be6daf887671fb6a97.m3u8,player,,wistia,video
Plus Library,aptitude-qs-library,Amazon [Medium],Jump Game,656c77437806e57d2801d6c5,o666dyg6wr,894.0,14.9,https://embed-cloudfront.wistia.com/deliveries/95f18a0519e391c246c9a4be6daf887671fb6a97.m3u8,player,,wistia,video
Plus Library,aptitude-qs-library,Amazon [Medium],Find Good Days to Rob the Bank,656c772c45f363067a06eb65,yjhs4thv1j,1037.0,17.3,https://embed-cloudfront.wistia.com/deliveries/95f18a0519e391c246c9a4be6daf887671fb6a97.m3u8,player,,wistia,video
Plus Library,aptitude-qs-library,Amazon [Medium],Longest Palindromic Substring,656c7711f939158e4f037fd5,8fmte9oxy8,970.0,16.2,https://embed-cloudfront.wistia.com/deliveries/95f18a0519e391c246c9a4be6daf887671fb6a97.m3u8,player,,wistia,video
Plus Library,aptitude-qs-library,Amazon [Medium],Course Schedule,656c76fe9dd6b884d7093383,9wdvi4ze8v,933.0,15.6,https://embed-cloudfront.wistia.com/deliveries/95f18a0519e391c246c9a4be6daf887671fb6a97.m3u8,player,,wistia,video
Plus Library,aptitude-qs-library,Amazon [Medium],Number of Islands,656c76d97be873515604c747,qq80i65jfg,929.0,15.5,https://embed-cloudfront.wistia.com/deliveries/95f18a0519e391c246c9a4be6daf887671fb6a97.m3u8,player,,wistia,video
Plus Library,aptitude-qs-library,Amazon [Medium],Rotting Oranges,656c76bca717739e4b0e80c5,bxhmppzmyl,1231.0,20.5,https://embed-cloudfront.wistia.com/deliveries/95f18a0519e391c246c9a4be6daf887671fb6a97.m3u8,player,,wistia,video
Plus Library,aptitude-qs-library,Amazon [Medium],Minimum No. of Swaps,656c768f342d51e3d4055637,cw9knhss6u,817.0,13.6,https://embed-cloudfront.wistia.com/deliveries/95f18a0519e391c246c9a4be6daf887671fb6a97.m3u8,player,,wistia,video
Plus Library,aptitude-qs-library,Amazon [Medium],Flatten Binary Tree to Linked List,656c766dac67bc6bc20efa55,l06o9rb7ab,730.0,12.2,https://embed-cloudfront.wistia.com/deliveries/95f18a0519e391c246c9a4be6daf887671fb6a97.m3u8,player,,wistia,video
Plus Library,aptitude-qs-library,Amazon [Medium],All Nodes Distance K from Binary Tree,656c7649e6ac3c58e200ba05,683wmgm0g1,962.0,16.0,https://embed-cloudfront.wistia.com/deliveries/95f18a0519e391c246c9a4be6daf887671fb6a97.m3u8,player,,wistia,video
Plus Library,aptitude-qs-library,Amazon [Medium],Group Anagram,656c762d1909284555064266,9dxyb1ttg8,1053.0,17.6,https://embed-cloudfront.wistia.com/deliveries/95f18a0519e391c246c9a4be6daf887671fb6a97.m3u8,player,,wistia,video
Plus Library,aptitude-qs-library,Amazon [Medium],Meeting Rooms II,656c76152cc39c6b010a4895,3ahjjzu1na,761.0,12.7,https://embed-cloudfront.wistia.com/deliveries/95f18a0519e391c246c9a4be6daf887671fb6a97.m3u8,player,,wistia,video
Plus Library,aptitude-qs-library,Amazon [Medium],Kth Largest Element in an Array,656c7601a1f32894740bc5f5,quweqyv8f8,596.0,9.9,https://embed-cloudfront.wistia.com/deliveries/95f18a0519e391c246c9a4be6daf887671fb6a97.m3u8,player,,wistia,video
Plus Library,aptitude-qs-library,Amazon [Medium],Find K Closest Elements,656c75f303037bea430abb15,ixadlbevui,861.0,14.3,https://embed-cloudfront.wistia.com/deliveries/95f18a0519e391c246c9a4be6daf887671fb6a97.m3u8,player,,wistia,video
Plus Library,aptitude-qs-library,Amazon [Medium],Car Pooling,656c75e1b937c7f293074a75,df7zxn3liz,855.0,14.2,https://embed-cloudfront.wistia.com/deliveries/95f18a0519e391c246c9a4be6daf887671fb6a97.m3u8,player,,wistia,video
Plus Library,aptitude-qs-library,Amazon [Medium],Sum of Subarray Ranges,656c75d05b57a64b4c093465,e0y84q767z,697.0,11.6,https://embed-cloudfront.wistia.com/deliveries/95f18a0519e391c246c9a4be6daf887671fb6a97.m3u8,player,,wistia,video
Plus Library,aptitude-qs-library,Amazon [Medium],Partition List,656c75bdbd2426f4f802ee23,kr924ixc2z,609.0,10.2,https://embed-cloudfront.wistia.com/deliveries/95f18a0519e391c246c9a4be6daf887671fb6a97.m3u8,player,,wistia,video
Plus Library,aptitude-qs-library,Amazon [Easy],Last Stone Weight,656c757e96ae902cd40307c5,thpkxivhhh,1018.0,17.0,https://embed-cloudfront.wistia.com/deliveries/95f18a0519e391c246c9a4be6daf887671fb6a97.m3u8,player,,wistia,video
Plus Library,aptitude-qs-library,Amazon [Easy],Palindromic Linked List,656c756b48581d520a0db0c6,xl61fn3jw5,1210.0,20.2,https://embed-cloudfront.wistia.com/deliveries/95f18a0519e391c246c9a4be6daf887671fb6a97.m3u8,player,,wistia,video
Plus Library,aptitude-qs-library,Amazon [Easy],Intersection of Two Linked Lists,656c75550039cfc50d0ed876,tor9bzna9s,894.0,14.9,https://embed-cloudfront.wistia.com/deliveries/95f18a0519e391c246c9a4be6daf887671fb6a97.m3u8,player,,wistia,video
Plus Library,aptitude-qs-library,Amazon [Easy],Merge Two Sorted Lists,656c7542910a442b4f035305,pko3a3e6z9,1293.0,21.6,https://embed-cloudfront.wistia.com/deliveries/95f18a0519e391c246c9a4be6daf887671fb6a97.m3u8,player,,wistia,video
Plus Library,aptitude-qs-library,Amazon [Easy],Missing Number,656c707589e35cf3910784a5,ovf8exipjg,603.0,10.1,https://embed-cloudfront.wistia.com/deliveries/95f18a0519e391c246c9a4be6daf887671fb6a97.m3u8,player,,wistia,video
Plus Library,aptitude-qs-library,Amazon [Easy],Pascal's Triangle,656c70588eda7d9419078933,sa4a9luq2j,962.0,16.0,https://embed-cloudfront.wistia.com/deliveries/95f18a0519e391c246c9a4be6daf887671fb6a97.m3u8,player,,wistia,video
Plus Library,aptitude-qs-library,Amazon [Easy],Merge Sorted Array,656c704638347093660f5de8,i5a4ve33k0,1396.0,23.3,https://embed-cloudfront.wistia.com/deliveries/95f18a0519e391c246c9a4be6daf887671fb6a97.m3u8,player,,wistia,video
Plus Library,aptitude-qs-library,Amazon [Easy],Remove Duplicates from Sorted Array,656c6fdb09d7fc71f302cd25,sz83lzg6nl,1113.0,18.6,https://embed-cloudfront.wistia.com/deliveries/95f18a0519e391c246c9a4be6daf887671fb6a97.m3u8,player,,wistia,video
DevHub Library,aptitude-teacher2,Kubernetes,Configure app with Ingress,68cebaaa7c311b72e301b597,nzpgn263ao,803.0,13.4,https://embed-cloudfront.wistia.com/deliveries/95f18a0519e391c246c9a4be6daf887671fb6a97.m3u8,player,,wistia,video
DevHub Library,aptitude-teacher2,Kubernetes,Helm - Package Manager,68cebab11d3ed0936d0dad46,hvlkjssuvv,565.0,9.4,https://embed-cloudfront.wistia.com/deliveries/95f18a0519e391c246c9a4be6daf887671fb6a97.m3u8,player,,wistia,video
DevHub Library,aptitude-teacher2,Kubernetes,Helm chart structure,68cebab76580337f6f0de33e,tzfb8qi3df,359.0,6.0,https://embed-cloudfront.wistia.com/deliveries/95f18a0519e391c246c9a4be6daf887671fb6a97.m3u8,player,,wistia,video
DevHub Library,aptitude-teacher2,Kubernetes,Ingress Controller,68cebaa3a0ea9c3ac206e7a3,p5ny8kj7bk,198.0,3.3,https://embed-cloudfront.wistia.com/deliveries/95f18a0519e391c246c9a4be6daf887671fb6a97.m3u8,player,,wistia,video
DevHub Library,aptitude-teacher2,Kubernetes,Ingress in K8s,68ceba9dfdcd71d916038e6a,c2flkbv4ec,324.0,5.4,https://embed-cloudfront.wistia.com/deliveries/95f18a0519e391c246c9a4be6daf887671fb6a97.m3u8,player,,wistia,video
DevHub Library,aptitude-teacher2,Kubernetes,Kubens Installation,68ceba97f451018f7e03afe7,stk2l4ehbs,132.0,2.2,https://embed-cloudfront.wistia.com/deliveries/95f18a0519e391c246c9a4be6daf887671fb6a97.m3u8,player,,wistia,video
DevHub Library,aptitude-teacher2,Kubernetes,Scope,68ceba942f607c9afd04fb65,4isqcadhys,205.0,3.4,https://embed-cloudfront.wistia.com/deliveries/95f18a0519e391c246c9a4be6daf887671fb6a97.m3u8,player,,wistia,video
DevHub Library,aptitude-teacher2,Kubernetes,Custom Namespaces,68ceba8a928b93ddce09d858,vbwb6jzsnw,246.0,4.1,https://embed-cloudfront.wistia.com/deliveries/95f18a0519e391c246c9a4be6daf887671fb6a97.m3u8,player,,wistia,video
DevHub Library,aptitude-teacher2,Kubernetes,Namespace Use cases,68ceba831f344a0d0902e096,yfkjvoxuvw,382.0,6.4,https://embed-cloudfront.wistia.com/deliveries/95f18a0519e391c246c9a4be6daf887671fb6a97.m3u8,player,,wistia,video
DevHub Library,aptitude-teacher2,Kubernetes,Namespace in K8s,68ceba7b928b93ddce09d856,wzsw7szp05,354.0,5.9,https://embed-cloudfront.wistia.com/deliveries/95f18a0519e391c246c9a4be6daf887671fb6a97.m3u8,player,,wistia,video
DevHub Library,aptitude-teacher2,Kubernetes,Configuring Mongo Express,68cea4f0b2fb687dca095b93,eor2s75hmg,792.0,13.2,https://embed-cloudfront.wistia.com/deliveries/95f18a0519e391c246c9a4be6daf887671fb6a97.m3u8,player,,wistia,video
DevHub Library,aptitude-teacher2,Kubernetes,Configuring Mongodb,68cea4eaa14d608a310b2c73,xtggxovf3w,900.0,15.0,https://embed-cloudfront.wistia.com/deliveries/95f18a0519e391c246c9a4be6daf887671fb6a97.m3u8,player,,wistia,video
DevHub Library,aptitude-teacher2,Kubernetes,Deploying mongo-app in K8s,68cea4e494631ac64b081f95,5n02a9q5ro,414.0,6.9,https://embed-cloudfront.wistia.com/deliveries/95f18a0519e391c246c9a4be6daf887671fb6a97.m3u8,player,,wistia,video
DevHub Library,aptitude-teacher2,Kubernetes,Status in Configuration,68cea4df9c440be2a90f6120,09g07byfcz,175.0,2.9,https://embed-cloudfront.wistia.com/deliveries/95f18a0519e391c246c9a4be6daf887671fb6a97.m3u8,player,,wistia,video
DevHub Library,aptitude-teacher2,Kubernetes,YAML Configurations,68cea4d9a7ec1d94d401e246,ilv1peo7kb,1124.0,18.7,https://embed-cloudfront.wistia.com/deliveries/95f18a0519e391c246c9a4be6daf887671fb6a97.m3u8,player,,wistia,video
DevHub Library,aptitude-teacher2,Kubernetes,APPLY Command,68cea4d26ab19826aa09b267,qk0y7ag0ar,278.0,4.6,https://embed-cloudfront.wistia.com/deliveries/95f18a0519e391c246c9a4be6daf887671fb6a97.m3u8,player,,wistia,video
DevHub Library,aptitude-teacher2,Kubernetes,Debugging Commands [LOGS & EXEC],68cea4cc397b15a7dd03f395,ehmihzztge,566.0,9.4,https://embed-cloudfront.wistia.com/deliveries/95f18a0519e391c246c9a4be6daf887671fb6a97.m3u8,player,,wistia,video
DevHub Library,aptitude-teacher2,Kubernetes,CREATE Command,68cea4c64068b25ad50eaa58,qrxlnkafc8,701.0,11.7,https://embed-cloudfront.wistia.com/deliveries/95f18a0519e391c246c9a4be6daf887671fb6a97.m3u8,player,,wistia,video
DevHub Library,aptitude-teacher2,Kubernetes,Kubectl Commands [GET],68cea4c11a7b0be613005247,fft61hqxow,336.0,5.6,https://embed-cloudfront.wistia.com/deliveries/95f18a0519e391c246c9a4be6daf887671fb6a97.m3u8,player,,wistia,video
DevHub Library,aptitude-teacher2,Kubernetes,Installation,68c3ea666dcbe169de0e8ab9,e6s5jtnt7k,87.0,1.4,https://embed-cloudfront.wistia.com/deliveries/95f18a0519e391c246c9a4be6daf887671fb6a97.m3u8,player,,wistia,video
DevHub Library,aptitude-teacher2,Kubernetes,Local Setup - Minikube & Kubectl,68c3ea602ecc738ea30ef5c5,z7axsskqcp,323.0,5.4,https://embed-cloudfront.wistia.com/deliveries/95f18a0519e391c246c9a4be6daf887671fb6a97.m3u8,player,,wistia,video
DevHub Library,aptitude-teacher2,Kubernetes,Summary,68c3ea5b195790ee3b0f2315,godcaqbpng,157.0,2.6,https://embed-cloudfront.wistia.com/deliveries/95f18a0519e391c246c9a4be6daf887671fb6a97.m3u8,player,,wistia,video
DevHub Library,aptitude-teacher2,Kubernetes,Kubernetes Architecture,68c3ea535a0dd43fe70b4365,6t3v2v7yr8,753.0,12.6,https://embed-cloudfront.wistia.com/deliveries/95f18a0519e391c246c9a4be6daf887671fb6a97.m3u8,player,,wistia,video
DevHub Library,aptitude-teacher2,Kubernetes,Deployment & StatefulSet,68c3e2f2cf2bb8bc380e8d45,lv2a64o6ay,354.0,5.9,,,,wistia,video
DevHub Library,aptitude-teacher2,Kubernetes,Volumes,68c3e2ec67d2fc280e00b385,n94jnm15z2,89.0,1.5,,,,wistia,video
DevHub Library,aptitude-teacher2,Kubernetes,ConfigMap & Secret,68c3e2e64f4a79770a056ac3,1vec5rx518,204.0,3.4,https://embed-cloudfront.wistia.com/deliveries/95f18a0519e391c246c9a4be6daf887671fb6a97.m3u8,player,,wistia,video
DevHub Library,aptitude-teacher2,Kubernetes,Service & Ingress,68c3e2dfefe54c8242082705,nwosss0ctg,256.0,4.3,https://embed-cloudfront.wistia.com/deliveries/95f18a0519e391c246c9a4be6daf887671fb6a97.m3u8,player,,wistia,video
DevHub Library,aptitude-teacher2,Kubernetes,Components - Node & Pod,68c3e2d9dd92d4b5cb0303a6,z631i4u1wf,288.0,4.8,https://embed-cloudfront.wistia.com/deliveries/95f18a0519e391c246c9a4be6daf887671fb6a97.m3u8,player,,wistia,video
DevHub Library,aptitude-teacher2,Kubernetes,What is Kubernetes-,68c3e2c802914e588500e0f5,3mp70ohtzg,518.0,8.6,,,,wistia,video
DevHub Library,aptitude-teacher2,Important Note,Welcome to DevHub Library!,66743beb258f9f2b3e0e55e3,y9vq324nox,210.0,3.5,,,,wistia,video
DevHub Library,aptitude-teacher2,CI/CD - Complete Tutorial,Continuous Integration & Continuous Delivery,6886d00a5db0b936dc0bee18,8crt8w2gsy,358.0,6.0,,,,wistia,video
DevHub Library,aptitude-teacher2,CI/CD - Complete Tutorial,Automate .env backup,6886d05d5e3846260404c9e3,503f3z0dun,439.0,7.3,https://embed-cloudfront.wistia.com/deliveries/95f18a0519e391c246c9a4be6daf887671fb6a97.m3u8,player,,wistia,video
DevHub Library,aptitude-teacher2,CI/CD - Complete Tutorial,Workflow Summary,6886d06f73496918840d3a25,rsuknoi6zi,316.0,5.3,https://embed-cloudfront.wistia.com/deliveries/95f18a0519e391c246c9a4be6daf887671fb6a97.m3u8,player,,wistia,video
DevHub Library,aptitude-teacher2,CI/CD - Complete Tutorial,CI-CD for Frontend Module,6886d0658577270465047075,tbrd2mf9qj,1277.0,21.3,https://embed-cloudfront.wistia.com/deliveries/95f18a0519e391c246c9a4be6daf887671fb6a97.m3u8,player,,wistia,video
DevHub Library,aptitude-teacher2,CI/CD - Complete Tutorial,CI-CD for Backend Module,6886d056c4230b87bc0464e6,91wyv3zh0x,942.0,15.7,https://embed-cloudfront.wistia.com/deliveries/95f18a0519e391c246c9a4be6daf887671fb6a97.m3u8,player,,wistia,video
DevHub Library,aptitude-teacher2,CI/CD - Complete Tutorial,Set up AWS EC2,6886d047deb95b665f0c8126,6pmr00jpa5,552.0,9.2,https://embed-cloudfront.wistia.com/deliveries/95f18a0519e391c246c9a4be6daf887671fb6a97.m3u8,player,,wistia,video
DevHub Library,aptitude-teacher2,CI/CD - Complete Tutorial,CI-CD for MERN Project,6886d0407b41a58d81087cb5,zflmrxx4y1,275.0,4.6,https://embed-cloudfront.wistia.com/deliveries/95f18a0519e391c246c9a4be6daf887671fb6a97.m3u8,player,,wistia,video
DevHub Library,aptitude-teacher2,CI/CD - Complete Tutorial,Our first CI setup,6886d039b928d4f2610d7a35,o9qadxn0b9,601.0,10.0,https://embed-cloudfront.wistia.com/deliveries/95f18a0519e391c246c9a4be6daf887671fb6a97.m3u8,player,,wistia,video
DevHub Library,aptitude-teacher2,CI/CD - Complete Tutorial,Set up JS project with Jest,6886d032812bab63df091c75,airtvqz0nl,699.0,11.7,https://embed-cloudfront.wistia.com/deliveries/95f18a0519e391c246c9a4be6daf887671fb6a97.m3u8,player,,wistia,video
DevHub Library,aptitude-teacher2,CI/CD - Complete Tutorial,.yaml for Automation,6886d02a042bd6d14a023cc6,2kg1uc2kp1,370.0,6.2,https://embed-cloudfront.wistia.com/deliveries/95f18a0519e391c246c9a4be6daf887671fb6a97.m3u8,player,,wistia,video
DevHub Library,aptitude-teacher2,CI/CD - Complete Tutorial,Working with Github Actions,6886d022feb3db86b2099625,pav80274ep,377.0,6.3,https://embed-cloudfront.wistia.com/deliveries/95f18a0519e391c246c9a4be6daf887671fb6a97.m3u8,player,,wistia,video
DevHub Library,aptitude-teacher2,CI/CD - Complete Tutorial,CI-CD Tools,6886d0198481857699005859,esisqwfffu,107.0,1.8,https://embed-cloudfront.wistia.com/deliveries/95f18a0519e391c246c9a4be6daf887671fb6a97.m3u8,player,,wistia,video
DevHub Library,aptitude-teacher2,CI/CD - Complete Tutorial,CI-CD Pipeline,6886d0131048867051008f5a,w4z9tfosq8,202.0,3.4,https://embed-cloudfront.wistia.com/deliveries/95f18a0519e391c246c9a4be6daf887671fb6a97.m3u8,player,,wistia,video
DevHub Library,aptitude-teacher2,(5) Building SigmaGPT with OpenAI APIs,Setup -test- Route,68725ff616a4e14dbf04d565,9kv8tbueoh,307.0,5.1,https://embed-cloudfront.wistia.com/deliveries/95f18a0519e391c246c9a4be6daf887671fb6a97.m3u8,player,,wistia,video
DevHub Library,aptitude-teacher2,(5) Building SigmaGPT with OpenAI APIs,Setup Routes,686990397f1d79b1ff041ae6,qs6xd47iie,602.0,10.0,https://embed-cloudfront.wistia.com/deliveries/95f18a0519e391c246c9a4be6daf887671fb6a97.m3u8,player,,wistia,video
DevHub Library,aptitude-teacher2,(5) Building SigmaGPT with OpenAI APIs,Setup -chat- Route,6869904d7c63838bae0dd7a5,vqkbdg91q9,1076.0,17.9,https://embed-cloudfront.wistia.com/deliveries/95f18a0519e391c246c9a4be6daf887671fb6a97.m3u8,player,,wistia,video
DevHub Library,aptitude-teacher2,(5) Building SigmaGPT with OpenAI APIs,Implement Dropdown & extra feature ideas,686991b0f9eb1f547a0f2ce6,dso2nirg8o,856.0,14.3,https://embed-cloudfront.wistia.com/deliveries/95f18a0519e391c246c9a4be6daf887671fb6a97.m3u8,player,,wistia,video
DevHub Library,aptitude-teacher2,(5) Building SigmaGPT with OpenAI APIs,Delete a Thread,68699106fae0a76d370552e5,qeycy97axn,513.0,8.6,https://embed-cloudfront.wistia.com/deliveries/95f18a0519e391c246c9a4be6daf887671fb6a97.m3u8,player,,wistia,video
DevHub Library,aptitude-teacher2,(5) Building SigmaGPT with OpenAI APIs,Display chats in Thread,686990fc35d749a9150f04e5,08do6o21jq,772.0,12.9,https://embed-cloudfront.wistia.com/deliveries/95f18a0519e391c246c9a4be6daf887671fb6a97.m3u8,player,,wistia,video
DevHub Library,aptitude-teacher2,(5) Building SigmaGPT with OpenAI APIs,Configure New Chat,686990ed627d70c9170349ab,70jisotd7z,258.0,4.3,https://embed-cloudfront.wistia.com/deliveries/95f18a0519e391c246c9a4be6daf887671fb6a97.m3u8,player,,wistia,video
DevHub Library,aptitude-teacher2,(5) Building SigmaGPT with OpenAI APIs,Display Thread History,686990e3fe8900a12d0546c5,nb8mjqscjf,583.0,9.7,https://embed-cloudfront.wistia.com/deliveries/95f18a0519e391c246c9a4be6daf887671fb6a97.m3u8,player,,wistia,video
DevHub Library,aptitude-teacher2,(5) Building SigmaGPT with OpenAI APIs,Add Typing Effect,686990d83c8929b22f0d9ab5,pwn7x0s3hz,624.0,10.4,https://embed-cloudfront.wistia.com/deliveries/95f18a0519e391c246c9a4be6daf887671fb6a97.m3u8,player,,wistia,video
DevHub Library,aptitude-teacher2,(5) Building SigmaGPT with OpenAI APIs,Format GPT Reply,686990d0eda11c4b550a4be3,qbirat5qe2,431.0,7.2,https://embed-cloudfront.wistia.com/deliveries/95f18a0519e391c246c9a4be6daf887671fb6a97.m3u8,player,,wistia,video
DevHub Library,aptitude-teacher2,(5) Building SigmaGPT with OpenAI APIs,Display Chats,686990c8c9b4908d980fc956,n56tudgh7r,1074.0,17.9,https://embed-cloudfront.wistia.com/deliveries/95f18a0519e391c246c9a4be6daf887671fb6a97.m3u8,player,,wistia,video
DevHub Library,aptitude-teacher2,(5) Building SigmaGPT with OpenAI APIs,Adding Loader,686990ba0b5bdf27dd0e18a3,2cep1a3ra4,189.0,3.1,https://embed-cloudfront.wistia.com/deliveries/95f18a0519e391c246c9a4be6daf887671fb6a97.m3u8,player,,wistia,video
DevHub Library,aptitude-teacher2,(5) Building SigmaGPT with OpenAI APIs,Functionality- Get Reply for Prompt,686990b2f19e8a54c601bf65,lvpmxxnkov,774.0,12.9,https://embed-cloudfront.wistia.com/deliveries/95f18a0519e391c246c9a4be6daf887671fb6a97.m3u8,player,,wistia,video
DevHub Library,aptitude-teacher2,(5) Building SigmaGPT with OpenAI APIs,Styling ChatWindow,686990a106c7607dd1011eb5,l3zfef340i,642.0,10.7,https://embed-cloudfront.wistia.com/deliveries/95f18a0519e391c246c9a4be6daf887671fb6a97.m3u8,player,,wistia,video
DevHub Library,aptitude-teacher2,(5) Building SigmaGPT with OpenAI APIs,Building ChatWindow,6869909a7f080c9c5f0146f5,ow1q2vvx61,277.0,4.6,https://embed-cloudfront.wistia.com/deliveries/95f18a0519e391c246c9a4be6daf887671fb6a97.m3u8,player,,wistia,video
DevHub Library,aptitude-teacher2,(5) Building SigmaGPT with OpenAI APIs,Styling Sidebar,686990934f2d315472092b65,y2genzjx3b,650.0,10.8,https://embed-cloudfront.wistia.com/deliveries/95f18a0519e391c246c9a4be6daf887671fb6a97.m3u8,player,,wistia,video
DevHub Library,aptitude-teacher2,(5) Building SigmaGPT with OpenAI APIs,Building the Sidebar,6869908c6c98c3438a098cc5,7ybx5goa98,246.0,4.1,https://embed-cloudfront.wistia.com/deliveries/95f18a0519e391c246c9a4be6daf887671fb6a97.m3u8,player,,wistia,video
DevHub Library,aptitude-teacher2,(5) Building SigmaGPT with OpenAI APIs,Starting with Frontend- Frontend setup,6869907d58a59a60e2044246,tk2y4wktdp,767.0,12.8,https://embed-cloudfront.wistia.com/deliveries/95f18a0519e391c246c9a4be6daf887671fb6a97.m3u8,player,,wistia,video
DevHub Library,aptitude-teacher2,(5) Building SigmaGPT with OpenAI APIs,Connecting with Database,68699033507f74a8590ee3e5,lczfufqbcs,439.0,7.3,https://embed-cloudfront.wistia.com/deliveries/95f18a0519e391c246c9a4be6daf887671fb6a97.m3u8,player,,wistia,video
DevHub Library,aptitude-teacher2,(5) Building SigmaGPT with OpenAI APIs,Setting up Utils,68699028ac93811478011b29,av3y5q2qpr,169.0,2.8,https://embed-cloudfront.wistia.com/deliveries/95f18a0519e391c246c9a4be6daf887671fb6a97.m3u8,player,,wistia,video
DevHub Library,aptitude-teacher2,(5) Building SigmaGPT with OpenAI APIs,Creating Models,686990205cd55ac7bb023d36,vhkil4cr3e,660.0,11.0,https://embed-cloudfront.wistia.com/deliveries/95f18a0519e391c246c9a4be6daf887671fb6a97.m3u8,player,,wistia,video
DevHub Library,aptitude-teacher2,(5) Building SigmaGPT with OpenAI APIs,Using OpenAI with API endpoints,6869901a15fd00f65c0856d5,qgt4z8smuh,779.0,13.0,https://embed-cloudfront.wistia.com/deliveries/95f18a0519e391c246c9a4be6daf887671fb6a97.m3u8,player,,wistia,video
DevHub Library,aptitude-teacher2,(5) Building SigmaGPT with OpenAI APIs,Using OpenAI with npm,6869900abd9ef38d300e9fc6,t6taj5akcg,408.0,6.8,https://embed-cloudfront.wistia.com/deliveries/95f18a0519e391c246c9a4be6daf887671fb6a97.m3u8,player,,wistia,video
DevHub Library,aptitude-teacher2,(5) Building SigmaGPT with OpenAI APIs,Setup & Explore OpenAI APIs,68698fffbf1b1443a30fdc75,4p1rvc5czy,330.0,5.5,https://embed-cloudfront.wistia.com/deliveries/95f18a0519e391c246c9a4be6daf887671fb6a97.m3u8,player,,wistia,video
DevHub Library,aptitude-teacher2,(5) Building SigmaGPT with OpenAI APIs,Project Overview,68698ff4b9bb7348300a9df7,isca1yt9z7,391.0,6.5,https://embed-cloudfront.wistia.com/deliveries/95f18a0519e391c246c9a4be6daf887671fb6a97.m3u8,player,,wistia,video
DevHub Library,aptitude-teacher2,Docker - Complete Tutorial,Docker Installation (Windows OS),67e2b1a910a3ca1f9d0c0255,ci8kfs9umk,139.0,2.3,https://embed-cloudfront.wistia.com/deliveries/95f18a0519e391c246c9a4be6daf887671fb6a97.m3u8,player,,wistia,video
DevHub Library,aptitude-teacher2,Docker - Complete Tutorial,Docker Installation (Mac OS),67e2b1138a91b8357e0cb546,zrlvbzoynf,71.0,1.2,https://embed-cloudfront.wistia.com/deliveries/95f18a0519e391c246c9a4be6daf887671fb6a97.m3u8,player,,wistia,video
DevHub Library,aptitude-teacher2,Docker - Complete Tutorial,Revisiting Docker Network,67bf124803456d28f7028545,0bza8iuux5,382.0,6.4,https://embed-cloudfront.wistia.com/deliveries/95f18a0519e391c246c9a4be6daf887671fb6a97.m3u8,player,,wistia,video
DevHub Library,aptitude-teacher2,Docker - Complete Tutorial,Volumes Commands,67bf123a62cf231dfb0da075,59v6ylm5cy,377.0,6.3,https://embed-cloudfront.wistia.com/deliveries/95f18a0519e391c246c9a4be6daf887671fb6a97.m3u8,player,,wistia,video
DevHub Library,aptitude-teacher2,Docker - Complete Tutorial,Docker Volumes,67bf1226e88bb1c7e501d137,dqfszben55,475.0,7.9,https://embed-cloudfront.wistia.com/deliveries/95f18a0519e391c246c9a4be6daf887671fb6a97.m3u8,player,,wistia,video
DevHub Library,aptitude-teacher2,Docker - Complete Tutorial,Publish Image on DockerHub,67bf120104f53d903c0d9f87,6mcugh2no5,240.0,4.0,https://embed-cloudfront.wistia.com/deliveries/95f18a0519e391c246c9a4be6daf887671fb6a97.m3u8,player,,wistia,video
DevHub Library,aptitude-teacher2,Docker - Complete Tutorial,Creating Dockerfile,67bf11f70830aa058b024056,imlk7l45fv,537.0,8.9,https://embed-cloudfront.wistia.com/deliveries/95f18a0519e391c246c9a4be6daf887671fb6a97.m3u8,player,,wistia,video
DevHub Library,aptitude-teacher2,Docker - Complete Tutorial,Use Case- Dockerizing our App,67bf11ee6429b6b2c90eedb6,p1z0fawqvn,379.0,6.3,https://embed-cloudfront.wistia.com/deliveries/95f18a0519e391c246c9a4be6daf887671fb6a97.m3u8,player,,wistia,video
DevHub Library,aptitude-teacher2,Docker - Complete Tutorial,Docker Compose,67bf11dac00bbf101100fc25,526kgluon7,912.0,15.2,https://embed-cloudfront.wistia.com/deliveries/95f18a0519e391c246c9a4be6daf887671fb6a97.m3u8,player,,wistia,video
DevHub Library,aptitude-teacher2,Docker - Complete Tutorial,Connect DB with Node App,67bf11d381d626ac000902e5,bc8803mm0x,289.0,4.8,https://embed-cloudfront.wistia.com/deliveries/95f18a0519e391c246c9a4be6daf887671fb6a97.m3u8,player,,wistia,video
DevHub Library,aptitude-teacher2,Docker - Complete Tutorial,Set up mongo & mongo-express,67bf11c4210a8b25190873f6,39j7ryydeu,512.0,8.5,https://embed-cloudfront.wistia.com/deliveries/95f18a0519e391c246c9a4be6daf887671fb6a97.m3u8,player,,wistia,video
DevHub Library,aptitude-teacher2,Docker - Complete Tutorial,Docker Network,67bf11b8852741c74405cee5,abadx9bwp2,105.0,1.8,https://embed-cloudfront.wistia.com/deliveries/95f18a0519e391c246c9a4be6daf887671fb6a97.m3u8,player,,wistia,video
DevHub Library,aptitude-teacher2,Docker - Complete Tutorial,Use Case- Use Docker with Development,67bf11b0f2713374e305fcf5,aqr89ba4qm,322.0,5.4,https://embed-cloudfront.wistia.com/deliveries/95f18a0519e391c246c9a4be6daf887671fb6a97.m3u8,player,,wistia,video
DevHub Library,aptitude-teacher2,Docker - Complete Tutorial,Troubleshoot Commands,67bf11805f0961f8090c24b7,h51ql4s0vk,210.0,3.5,https://embed-cloudfront.wistia.com/deliveries/95f18a0519e391c246c9a4be6daf887671fb6a97.m3u8,player,,wistia,video
DevHub Library,aptitude-teacher2,Docker - Complete Tutorial,Port Binding,67bf117a3ddd9c4d7e041593,icaugvwo2f,316.0,5.3,https://embed-cloudfront.wistia.com/deliveries/95f18a0519e391c246c9a4be6daf887671fb6a97.m3u8,player,,wistia,video
DevHub Library,aptitude-teacher2,Docker - Complete Tutorial,More Docker Commands,67bf0fb8c17807b1dc0efc06,tqoa46nihz,457.0,7.6,https://embed-cloudfront.wistia.com/deliveries/95f18a0519e391c246c9a4be6daf887671fb6a97.m3u8,player,,wistia,video
DevHub Library,aptitude-teacher2,Docker - Complete Tutorial,Image vs Container,67bf0fafc79a9df25606ee87,n84rlgoksg,123.0,2.0,https://embed-cloudfront.wistia.com/deliveries/95f18a0519e391c246c9a4be6daf887671fb6a97.m3u8,player,,wistia,video
DevHub Library,aptitude-teacher2,Docker - Complete Tutorial,Docker vs Virtual Machine,67bf0fa6ca1ff6a812018b77,hv3ili22cg,210.0,3.5,https://embed-cloudfront.wistia.com/deliveries/95f18a0519e391c246c9a4be6daf887671fb6a97.m3u8,player,,wistia,video
DevHub Library,aptitude-teacher2,Docker - Complete Tutorial,Important Docker Commands,67bf0f9cb4245db78f055496,sam73qkgl0,621.0,10.3,https://embed-cloudfront.wistia.com/deliveries/95f18a0519e391c246c9a4be6daf887671fb6a97.m3u8,player,,wistia,video
DevHub Library,aptitude-teacher2,Docker - Complete Tutorial,What is Docker- [Container & Image],67bf0f8e865fd01db3092c25,2jk7f421rh,381.0,6.3,https://embed-cloudfront.wistia.com/deliveries/95f18a0519e391c246c9a4be6daf887671fb6a97.m3u8,player,,wistia,video
DevHub Library,aptitude-teacher2,Docker - Complete Tutorial,Why do we need Docker-,67bf0f80b92d9755cc0d9f5a,7vpyqdz9dx,264.0,4.4,https://embed-cloudfront.wistia.com/deliveries/95f18a0519e391c246c9a4be6daf887671fb6a97.m3u8,player,,wistia,video
DevHub Library,aptitude-teacher2,(4) Building a Social Media Platform (Linkedin - Part B),Creating the User Profile Page - 2,66f536a7041e11e2cd04c125,7zunifltyd,451.0,7.5,https://embed-cloudfront.wistia.com/deliveries/95f18a0519e391c246c9a4be6daf887671fb6a97.m3u8,player,,wistia,video
DevHub Library,aptitude-teacher2,(4) Building a Social Media Platform (Linkedin - Part B),Implementing Post Options - Share Functionality - 2,66f536386449df77c9063e33,wvpwh9ueps,137.0,2.3,https://embed-cloudfront.wistia.com/deliveries/95f18a0519e391c246c9a4be6daf887671fb6a97.m3u8,player,,wistia,video
DevHub Library,aptitude-teacher2,(4) Building a Social Media Platform (Linkedin - Part B),Deploying our LinkedIn Clone,66f5297352d08e1c7c015863,oe86laocdy,913.0,15.2,https://embed-cloudfront.wistia.com/deliveries/95f18a0519e391c246c9a4be6daf887671fb6a97.m3u8,player,,wistia,video
DevHub Library,aptitude-teacher2,(4) Building a Social Media Platform (Linkedin - Part B),Navigating to a particular User Profile using SSR,66e91f677442905d3209b305,1iunlokuxh,689.0,11.5,https://embed-cloudfront.wistia.com/deliveries/95f18a0519e391c246c9a4be6daf887671fb6a97.m3u8,player,,wistia,video
DevHub Library,aptitude-teacher2,(4) Building a Social Media Platform (Linkedin - Part B),Implementing Post Options - Share Functionality,66e91ef47b80a9ad7d02f9c5,divvvrga97,467.0,7.8,https://embed-cloudfront.wistia.com/deliveries/95f18a0519e391c246c9a4be6daf887671fb6a97.m3u8,player,,wistia,video
DevHub Library,aptitude-teacher2,(4) Building a Social Media Platform (Linkedin - Part A),Connecting the Auth with Backend,66e91e72bdb2639c3a0f1d63,x9um2jikt8,1315.0,21.9,https://embed-cloudfront.wistia.com/deliveries/95f18a0519e391c246c9a4be6daf887671fb6a97.m3u8,player,,wistia,video
DevHub Library,aptitude-teacher2,(4) Building a Social Media Platform (Linkedin - Part A),Delete flag concept and Implementing the Delete functionality,66e91de24ebbae772606a9d7,vtaj5lh3ow,556.0,9.3,https://embed-cloudfront.wistia.com/deliveries/95f18a0519e391c246c9a4be6daf887671fb6a97.m3u8,player,,wistia,video
DevHub Library,aptitude-teacher2,(4) Building a Social Media Platform (Linkedin - Part A),Connection Request Functionality,66e91dbe8e94e38230094fd6,v8um9xpf2j,857.0,14.3,https://embed-cloudfront.wistia.com/deliveries/95f18a0519e391c246c9a4be6daf887671fb6a97.m3u8,player,,wistia,video
DevHub Library,aptitude-teacher2,(4) Building a Social Media Platform (Linkedin - Part A),Implementing the Download Profile Functionality,66e91da9111b0eb31b02e03c,4o8g0wo2ld,655.0,10.9,https://embed-cloudfront.wistia.com/deliveries/95f18a0519e391c246c9a4be6daf887671fb6a97.m3u8,player,,wistia,video
DevHub Library,aptitude-teacher2,(4) Building a Social Media Platform (Linkedin - Part A),Setting up Multer and Updating Profile Picture,66e91d78c68eeab05b0b18b7,i4bfeccate,613.0,10.2,https://embed-cloudfront.wistia.com/deliveries/95f18a0519e391c246c9a4be6daf887671fb6a97.m3u8,player,,wistia,video
DevHub Library,aptitude-teacher2,(4) Building a Social Media Platform (Linkedin - Part A),Introduction to Project and Overview,66e91cf0d735a15b110e7ac9,t4kkwlyf04,299.0,5.0,https://embed-cloudfront.wistia.com/deliveries/95f18a0519e391c246c9a4be6daf887671fb6a97.m3u8,player,,wistia,video
DevHub Library,aptitude-teacher2,(4) Building a Social Media Platform (Linkedin - Part A),Setting up the Project,66e91d35d2060c6bd103df6a,oa9b3di88e,372.0,6.2,https://embed-cloudfront.wistia.com/deliveries/95f18a0519e391c246c9a4be6daf887671fb6a97.m3u8,player,,wistia,video
DevHub Library,aptitude-teacher2,(4) Building a Social Media Platform (Linkedin - Part A),"Introduction to NextJS, SSR and SSG",66e91d0ad6119cf335029108,80snjtrhcl,455.0,7.6,https://embed-cloudfront.wistia.com/deliveries/95f18a0519e391c246c9a4be6daf887671fb6a97.m3u8,player,,wistia,video
DevHub Library,aptitude-teacher2,(4) Building a Social Media Platform (Linkedin - Part B),Finishing the App with Responsiveness - Media Queries,66e9201d316fd175cf0e9ca7,mvo2acow91,1266.0,21.1,https://embed-cloudfront.wistia.com/deliveries/95f18a0519e391c246c9a4be6daf887671fb6a97.m3u8,player,,wistia,video
DevHub Library,aptitude-teacher2,(4) Building a Social Media Platform (Linkedin - Part B),Adding the Add work Functionality with Modal,66e9200343e49e1f59048845,b0dhtpj22l,734.0,12.2,https://embed-cloudfront.wistia.com/deliveries/95f18a0519e391c246c9a4be6daf887671fb6a97.m3u8,player,,wistia,video
DevHub Library,aptitude-teacher2,(4) Building a Social Media Platform (Linkedin - Part B),Profile Page Update Functionality,66e91ff5defcb842950c9935,aepmc5u6f3,1004.0,16.7,https://embed-cloudfront.wistia.com/deliveries/95f18a0519e391c246c9a4be6daf887671fb6a97.m3u8,player,,wistia,video
DevHub Library,aptitude-teacher2,(4) Building a Social Media Platform (Linkedin - Part B),Creating the Profile page Skeleton,66e91fe764dcb1a77a0b1da3,2w1pipsin1,1309.0,21.8,https://embed-cloudfront.wistia.com/deliveries/95f18a0519e391c246c9a4be6daf887671fb6a97.m3u8,player,,wistia,video
DevHub Library,aptitude-teacher2,(4) Building a Social Media Platform (Linkedin - Part B),Seeing My Connection Request and Accepting it,66e91fd788fac865dd0f74ff,g8xzy0p1zd,1617.0,26.9,https://embed-cloudfront.wistia.com/deliveries/95f18a0519e391c246c9a4be6daf887671fb6a97.m3u8,player,,wistia,video
DevHub Library,aptitude-teacher2,(4) Building a Social Media Platform (Linkedin - Part B),Creating resume download functionality,66e91fc8c08be6dab20be9f5,96dmwp5myv,485.0,8.1,https://embed-cloudfront.wistia.com/deliveries/95f18a0519e391c246c9a4be6daf887671fb6a97.m3u8,player,,wistia,video
DevHub Library,aptitude-teacher2,(4) Building a Social Media Platform (Linkedin - Part B),Implementing User Work History on Profile Page,66e91fb81a19794eab07b9f5,w6pnfs49sw,165.0,2.8,https://embed-cloudfront.wistia.com/deliveries/95f18a0519e391c246c9a4be6daf887671fb6a97.m3u8,player,,wistia,video
DevHub Library,aptitude-teacher2,(4) Building a Social Media Platform (Linkedin - Part B),Creating the Connection Functionality - Sending Connection Request,66e91fa1ac26e4cffd0ae4cd,zotl01i344,874.0,14.6,https://embed-cloudfront.wistia.com/deliveries/95f18a0519e391c246c9a4be6daf887671fb6a97.m3u8,player,,wistia,video
DevHub Library,aptitude-teacher2,(4) Building a Social Media Platform (Linkedin - Part B),Creating the User Profile page,66e91f76fd6cb646d803d925,6xctooio3i,707.0,11.8,https://embed-cloudfront.wistia.com/deliveries/95f18a0519e391c246c9a4be6daf887671fb6a97.m3u8,player,,wistia,video
DevHub Library,aptitude-teacher2,(4) Building a Social Media Platform (Linkedin - Part B),Creating the Discover users functionality,66e91f2e76f562c8910b3d78,5d9p3pgf6g,387.0,6.5,https://embed-cloudfront.wistia.com/deliveries/95f18a0519e391c246c9a4be6daf887671fb6a97.m3u8,player,,wistia,video
DevHub Library,aptitude-teacher2,(4) Building a Social Media Platform (Linkedin - Part A),"Starting with Frontend, Redux, BundlePhobia",66e91e028fb89ad7b000b399,5cd55gme27,338.0,5.6,https://embed-cloudfront.wistia.com/deliveries/95f18a0519e391c246c9a4be6daf887671fb6a97.m3u8,player,,wistia,video
DevHub Library,aptitude-teacher2,(4) Building a Social Media Platform (Linkedin - Part A),Styling UI for Getting All Posts in The Dashboard,66e91eb9d6959c4e9e0223cb,pu3hft2z8b,1439.0,24.0,https://embed-cloudfront.wistia.com/deliveries/95f18a0519e391c246c9a4be6daf887671fb6a97.m3u8,player,,wistia,video
DevHub Library,aptitude-teacher2,(4) Building a Social Media Platform (Linkedin - Part B),Implementing Comment Get and Post Functionality,66e91f1f565938c560050121,kgtj9756q2,1257.0,20.9,https://embed-cloudfront.wistia.com/deliveries/95f18a0519e391c246c9a4be6daf887671fb6a97.m3u8,player,,wistia,video
DevHub Library,aptitude-teacher2,(4) Building a Social Media Platform (Linkedin - Part B),Comment Functionality UI,66e91f104e6ce3b8ac0cd687,uig35gkt9a,860.0,14.3,https://embed-cloudfront.wistia.com/deliveries/95f18a0519e391c246c9a4be6daf887671fb6a97.m3u8,player,,wistia,video
DevHub Library,aptitude-teacher2,(4) Building a Social Media Platform (Linkedin - Part A),Fetching posts from API and Showing it in a Card View,66e91ee7caba036d8f08fee8,1cn7r03d0y,1133.0,18.9,https://embed-cloudfront.wistia.com/deliveries/95f18a0519e391c246c9a4be6daf887671fb6a97.m3u8,player,,wistia,video
DevHub Library,aptitude-teacher2,(4) Building a Social Media Platform (Linkedin - Part A),Creating the post feed functionality,66e91edaf5a51271360b6326,5rmq28fs3r,657.0,10.9,https://embed-cloudfront.wistia.com/deliveries/95f18a0519e391c246c9a4be6daf887671fb6a97.m3u8,player,,wistia,video
DevHub Library,aptitude-teacher2,(4) Building a Social Media Platform (Linkedin - Part A),Integrating the backend - Getting and Posting the posts,66e91ecb9ada02ec180fb2e3,x3jjc0zjxk,1299.0,21.6,https://embed-cloudfront.wistia.com/deliveries/95f18a0519e391c246c9a4be6daf887671fb6a97.m3u8,player,,wistia,video
DevHub Library,aptitude-teacher2,(4) Building a Social Media Platform (Linkedin - Part A),Pure CSS Techniques - Creating Layout for Dashboard,66e91ea70189a452370cae96,7b28nd14lx,1149.0,19.1,https://embed-cloudfront.wistia.com/deliveries/95f18a0519e391c246c9a4be6daf887671fb6a97.m3u8,player,,wistia,video
DevHub Library,aptitude-teacher2,(4) Building a Social Media Platform (Linkedin - Part A),Connecting Dashboard Component with Reducer,66e91e95582821f1de07da67,26xq22nj7x,991.0,16.5,https://embed-cloudfront.wistia.com/deliveries/95f18a0519e391c246c9a4be6daf887671fb6a97.m3u8,player,,wistia,video
DevHub Library,aptitude-teacher2,(4) Building a Social Media Platform (Linkedin - Part A),Creating the Dashboard - Posts Reducer,66e91e81409e1771820dacfb,c2ut3901nf,969.0,16.1,https://embed-cloudfront.wistia.com/deliveries/95f18a0519e391c246c9a4be6daf887671fb6a97.m3u8,player,,wistia,video
DevHub Library,aptitude-teacher2,(4) Building a Social Media Platform (Linkedin - Part A),Creating the Authentication Component - UI,66e91e611e82e300ab00b779,y15oovon3p,1143.0,19.1,https://embed-cloudfront.wistia.com/deliveries/95f18a0519e391c246c9a4be6daf887671fb6a97.m3u8,player,,wistia,video
DevHub Library,aptitude-teacher2,(4) Building a Social Media Platform (Linkedin - Part A),Implementing Landing Page UI,66e91e548ea90757db0b6c26,jeq8ztdeoe,1253.0,20.9,https://embed-cloudfront.wistia.com/deliveries/95f18a0519e391c246c9a4be6daf887671fb6a97.m3u8,player,,wistia,video
DevHub Library,aptitude-teacher2,(4) Building a Social Media Platform (Linkedin - Part A),Understanding the Styling system in Reactjs,66e91e44fbeec75226064996,fshu0ybgno,257.0,4.3,https://embed-cloudfront.wistia.com/deliveries/95f18a0519e391c246c9a4be6daf887671fb6a97.m3u8,player,,wistia,video
DevHub Library,aptitude-teacher2,(4) Building a Social Media Platform (Linkedin - Part A),Designing the Home - Landing Page,66e91e3304d61830b10e22a5,mjj31bfgij,351.0,5.8,https://embed-cloudfront.wistia.com/deliveries/95f18a0519e391c246c9a4be6daf887671fb6a97.m3u8,player,,wistia,video
DevHub Library,aptitude-teacher2,(4) Building a Social Media Platform (Linkedin - Part A),Setting Up Redux and Authentication,66e91e225c9bb61c5603f066,ztdt15c3gx,1504.0,25.1,https://embed-cloudfront.wistia.com/deliveries/95f18a0519e391c246c9a4be6daf887671fb6a97.m3u8,player,,wistia,video
DevHub Library,aptitude-teacher2,(4) Building a Social Media Platform (Linkedin - Part A),Setting Up Config for API Connection,66e91e1450d73ddbc90f3c19,bo48uly0dc,255.0,4.2,https://embed-cloudfront.wistia.com/deliveries/95f18a0519e391c246c9a4be6daf887671fb6a97.m3u8,player,,wistia,video
DevHub Library,aptitude-teacher2,(4) Building a Social Media Platform (Linkedin - Part A),Implementing CRUD Functionality for Comments,66e91df261652470eb04d709,tqk02gogs4,720.0,12.0,https://embed-cloudfront.wistia.com/deliveries/95f18a0519e391c246c9a4be6daf887671fb6a97.m3u8,player,,wistia,video
DevHub Library,aptitude-teacher2,(4) Building a Social Media Platform (Linkedin - Part A),Using Multer to Implement Post Functionality by User,66e91dd271e24dc9cd0fbe18,i0dhpm4mbg,494.0,8.2,https://embed-cloudfront.wistia.com/deliveries/95f18a0519e391c246c9a4be6daf887671fb6a97.m3u8,player,,wistia,video
DevHub Library,aptitude-teacher2,(4) Building a Social Media Platform (Linkedin - Part A),Exploring PDF Download option,66e91d9ad5443de54b019946,7ybz5sawt0,1116.0,18.6,https://embed-cloudfront.wistia.com/deliveries/95f18a0519e391c246c9a4be6daf887671fb6a97.m3u8,player,,wistia,video
DevHub Library,aptitude-teacher2,(4) Building a Social Media Platform (Linkedin - Part A),Updating and Getting User Profile,66e91d8be7763a29050d89d6,oxitc1c8px,697.0,11.6,https://embed-cloudfront.wistia.com/deliveries/95f18a0519e391c246c9a4be6daf887671fb6a97.m3u8,player,,wistia,video
DevHub Library,aptitude-teacher2,(4) Building a Social Media Platform (Linkedin - Part A),Testing with HTTP & Login,66e91d634e84adbd50050923,r9ztvk8nsh,539.0,9.0,https://embed-cloudfront.wistia.com/deliveries/95f18a0519e391c246c9a4be6daf887671fb6a97.m3u8,player,,wistia,video
DevHub Library,aptitude-teacher2,(4) Building a Social Media Platform (Linkedin - Part A),Registration & Setting up the Routes,66e91d53760ae80cf20c8d95,bip1ejowkc,426.0,7.1,https://embed-cloudfront.wistia.com/deliveries/95f18a0519e391c246c9a4be6daf887671fb6a97.m3u8,player,,wistia,video
DevHub Library,aptitude-teacher2,(4) Building a Social Media Platform (Linkedin - Part A),Creating Models for Mongoose,66e91d44f6f9ade08e069453,2r6mczde84,1371.0,22.9,https://embed-cloudfront.wistia.com/deliveries/95f18a0519e391c246c9a4be6daf887671fb6a97.m3u8,player,,wistia,video
DevHub Library,aptitude-teacher2,(1) Building a Stock Trading Platform (Zerodha - Backend),CRUD from the dashboard,66d06da6864f11eaf806b8a8,1mrx1ourla,1169.0,19.5,https://embed-cloudfront.wistia.com/deliveries/95f18a0519e391c246c9a4be6daf887671fb6a97.m3u8,player,,wistia,video
DevHub Library,aptitude-teacher2,(3) Building a Version Control System (Github - Frontend),Deploying the Backend - 2,66b1eb4361a21ded9c00ae8c,d1bzmy6kw8,820.0,13.7,https://embed-cloudfront.wistia.com/deliveries/95f18a0519e391c246c9a4be6daf887671fb6a97.m3u8,player,,wistia,video
DevHub Library,aptitude-teacher2,(3) Building a Version Control System (Github - Frontend),Deploying the Backend - 1,66b1eb3344ba3c5f1406c4d8,fmsq8buw5k,649.0,10.8,https://embed-cloudfront.wistia.com/deliveries/95f18a0519e391c246c9a4be6daf887671fb6a97.m3u8,player,,wistia,video
DevHub Library,aptitude-teacher2,(3) Building a Version Control System (Github - Frontend),Deploying the Frontend,66b1eb1af1e39412540d7eb5,yjtrmenm62,557.0,9.3,https://embed-cloudfront.wistia.com/deliveries/95f18a0519e391c246c9a4be6daf887671fb6a97.m3u8,player,,wistia,video
DevHub Library,aptitude-teacher2,(3) Building a Version Control System (Github - Frontend),Building the Logout Functionality,66b1eb0a201f83134f02ed68,mkhbh63e49,663.0,11.1,https://embed-cloudfront.wistia.com/deliveries/95f18a0519e391c246c9a4be6daf887671fb6a97.m3u8,player,,wistia,video
DevHub Library,aptitude-teacher2,(3) Building a Version Control System (Github - Frontend),Testing Signup and Login Functionality,66b1ea8aa011774475034285,2xondx0fgc,652.0,10.9,https://embed-cloudfront.wistia.com/deliveries/95f18a0519e391c246c9a4be6daf887671fb6a97.m3u8,player,,wistia,video
DevHub Library,aptitude-teacher2,(3) Building a Version Control System (Github - Frontend),Creating Folder Structure and Auth Context,66b1e9d934465659c40449d5,cfjge59s1q,819.0,13.7,https://embed-cloudfront.wistia.com/deliveries/95f18a0519e391c246c9a4be6daf887671fb6a97.m3u8,player,,wistia,video
DevHub Library,aptitude-teacher2,(3) Building a Version Control System (Github - Frontend),Setting up the FrontEnd React App,66b1e9d178390fec850ad495,ugectk5pbi,663.0,11.1,https://embed-cloudfront.wistia.com/deliveries/95f18a0519e391c246c9a4be6daf887671fb6a97.m3u8,player,,wistia,video
DevHub Library,aptitude-teacher2,(3) Building a Version Control System (Github - Backend),Setting up MongoDB database,66aa20106286aa03d10c2038,hf99hek2ae,776.0,12.9,https://embed-cloudfront.wistia.com/deliveries/95f18a0519e391c246c9a4be6daf887671fb6a97.m3u8,player,,wistia,video
DevHub Library,aptitude-teacher2,(3) Building a Version Control System (Github - Backend),Setting up and Configuring AWS,66aa1e6a4ae887dc76001d13,i24bdxegzn,936.0,15.6,https://embed-cloudfront.wistia.com/deliveries/95f18a0519e391c246c9a4be6daf887671fb6a97.m3u8,player,,wistia,video
DevHub Library,aptitude-teacher2,(3) Building a Version Control System (Github - Backend),Working on the pushChanges Logic,66aa1eaa2251805b9f0853c5,31foia8lkj,827.0,13.8,https://embed-cloudfront.wistia.com/deliveries/95f18a0519e391c246c9a4be6daf887671fb6a97.m3u8,player,,wistia,video
DevHub Library,aptitude-teacher2,(3) Building a Version Control System (Github - Backend),Working on the addFile logic,66aa1e1b34bee5a0b70e2f46,sj3ev4m24p,652.0,10.9,https://embed-cloudfront.wistia.com/deliveries/95f18a0519e391c246c9a4be6daf887671fb6a97.m3u8,player,,wistia,video
DevHub Library,aptitude-teacher2,(3) Building a Version Control System (Github - Backend),Creating the folder structure,66aa1cbcd3fd79cc7e0aad06,6jpe3lx94v,409.0,6.8,https://embed-cloudfront.wistia.com/deliveries/95f18a0519e391c246c9a4be6daf887671fb6a97.m3u8,player,,wistia,video
DevHub Library,aptitude-teacher2,(3) Building a Version Control System (Github - Frontend),Building the Contributions HeatMap,66b1eafc8400b3040805c9dc,qo39dzz7co,1494.0,24.9,https://embed-cloudfront.wistia.com/deliveries/95f18a0519e391c246c9a4be6daf887671fb6a97.m3u8,player,,wistia,video
DevHub Library,aptitude-teacher2,(3) Building a Version Control System (Github - Frontend),Building the User Profile,66b1eaed4eae42c7ea094bb3,vfx5kp9fby,703.0,11.7,https://embed-cloudfront.wistia.com/deliveries/95f18a0519e391c246c9a4be6daf887671fb6a97.m3u8,player,,wistia,video
DevHub Library,aptitude-teacher2,(3) Building a Version Control System (Github - Frontend),Building the Navbar,66b1eade201f83134f02ed67,72dt6c1rrm,818.0,13.6,https://embed-cloudfront.wistia.com/deliveries/95f18a0519e391c246c9a4be6daf887671fb6a97.m3u8,player,,wistia,video
DevHub Library,aptitude-teacher2,(3) Building a Version Control System (Github - Frontend),Building the Dashboard - 3,66b1eac2da1aa4c4da0920a5,9c2xmil4m4,430.0,7.2,https://embed-cloudfront.wistia.com/deliveries/95f18a0519e391c246c9a4be6daf887671fb6a97.m3u8,player,,wistia,video
DevHub Library,aptitude-teacher2,(3) Building a Version Control System (Github - Frontend),Building the Dashboard - 2,66b1eab1eca83e33680044a5,ujolow2onz,775.0,12.9,https://embed-cloudfront.wistia.com/deliveries/95f18a0519e391c246c9a4be6daf887671fb6a97.m3u8,player,,wistia,video
DevHub Library,aptitude-teacher2,(3) Building a Version Control System (Github - Frontend),Building the Dashboard - 1,66b1ea9cc462b5ffb709dc7a,th6dhfdejm,1029.0,17.1,https://embed-cloudfront.wistia.com/deliveries/95f18a0519e391c246c9a4be6daf887671fb6a97.m3u8,player,,wistia,video
DevHub Library,aptitude-teacher2,(3) Building a Version Control System (Github - Frontend),Building the Login Functionality,66b1ea7ba05540eb2206ea6e,1vo6ycl41d,489.0,8.2,https://embed-cloudfront.wistia.com/deliveries/95f18a0519e391c246c9a4be6daf887671fb6a97.m3u8,player,,wistia,video
DevHub Library,aptitude-teacher2,(3) Building a Version Control System (Github - Frontend),Building the Signup Functionality,66b1e9e7007af5c0f90f6ce6,hx64dbvfz7,1005.0,16.8,https://embed-cloudfront.wistia.com/deliveries/95f18a0519e391c246c9a4be6daf887671fb6a97.m3u8,player,,wistia,video
DevHub Library,aptitude-teacher2,(3) Building a Version Control System (Github - Frontend),Working on the FrontEnd Router,66b1e9e1778fa9f9830bb0b5,0vv9cb8wp3,856.0,14.3,https://embed-cloudfront.wistia.com/deliveries/95f18a0519e391c246c9a4be6daf887671fb6a97.m3u8,player,,wistia,video
DevHub Library,aptitude-teacher2,(3) Building a Version Control System (Github - Backend),Working on Issue Controller,66aa24f02f4afd45f20c4227,e12q9ffgtm,632.0,10.5,https://embed-cloudfront.wistia.com/deliveries/95f18a0519e391c246c9a4be6daf887671fb6a97.m3u8,player,,wistia,video
DevHub Library,aptitude-teacher2,(3) Building a Version Control System (Github - Backend),Updating and Deleting Repository,66aa24d7eea969b7fc007646,4w6v4pez67,666.0,11.1,https://embed-cloudfront.wistia.com/deliveries/95f18a0519e391c246c9a4be6daf887671fb6a97.m3u8,player,,wistia,video
DevHub Library,aptitude-teacher2,(3) Building a Version Control System (Github - Backend),Fetching Repository details,66aa24bf1db16932140b2d75,kvmmg2gv3g,936.0,15.6,https://embed-cloudfront.wistia.com/deliveries/95f18a0519e391c246c9a4be6daf887671fb6a97.m3u8,player,,wistia,video
DevHub Library,aptitude-teacher2,(3) Building a Version Control System (Github - Backend),Creating a new Repository,66aa24937ee72fae81048ce5,niey9pbbnn,980.0,16.3,https://embed-cloudfront.wistia.com/deliveries/95f18a0519e391c246c9a4be6daf887671fb6a97.m3u8,player,,wistia,video
DevHub Library,aptitude-teacher2,(3) Building a Version Control System (Github - Backend),Updating and Deleting User Profile,66aa240e1bc20e20730d6745,wtuses0a5m,737.0,12.3,https://embed-cloudfront.wistia.com/deliveries/95f18a0519e391c246c9a4be6daf887671fb6a97.m3u8,player,,wistia,video
DevHub Library,aptitude-teacher2,(3) Building a Version Control System (Github - Backend),Fetching User Profile,66aa23c1a6ae388efe012bf8,otge6ud0gj,819.0,13.7,https://embed-cloudfront.wistia.com/deliveries/95f18a0519e391c246c9a4be6daf887671fb6a97.m3u8,player,,wistia,video
DevHub Library,aptitude-teacher2,(3) Building a Version Control System (Github - Backend),User Login,66aa2397794fce5d9d0e8e85,prkgdxrzxn,481.0,8.0,https://embed-cloudfront.wistia.com/deliveries/95f18a0519e391c246c9a4be6daf887671fb6a97.m3u8,player,,wistia,video
DevHub Library,aptitude-teacher2,(3) Building a Version Control System (Github - Backend),User Signup,66aa238b235960cf37084933,vsxmecf57m,1289.0,21.5,https://embed-cloudfront.wistia.com/deliveries/95f18a0519e391c246c9a4be6daf887671fb6a97.m3u8,player,,wistia,video
DevHub Library,aptitude-teacher2,(3) Building a Version Control System (Github - Backend),Setting up Issue Functionality,66aa23596d405b93620a9cc5,jrj6b0twyi,414.0,6.9,https://embed-cloudfront.wistia.com/deliveries/95f18a0519e391c246c9a4be6daf887671fb6a97.m3u8,player,,wistia,video
DevHub Library,aptitude-teacher2,(3) Building a Version Control System (Github - Backend),Setting up Repository Functionality,66aa2316b54d590c9103cb15,sn5e6gulov,607.0,10.1,https://embed-cloudfront.wistia.com/deliveries/95f18a0519e391c246c9a4be6daf887671fb6a97.m3u8,player,,wistia,video
DevHub Library,aptitude-teacher2,(3) Building a Version Control System (Github - Backend),Setting up User Functionality,66aa22f67fca2c77570672f8,5pcirfoq3u,907.0,15.1,https://embed-cloudfront.wistia.com/deliveries/95f18a0519e391c246c9a4be6daf887671fb6a97.m3u8,player,,wistia,video
DevHub Library,aptitude-teacher2,(3) Building a Version Control System (Github - Backend),Creating Schemas and Models,66aa20d2ff8988b10e0b4b25,kh0wspwyfv,870.0,14.5,https://embed-cloudfront.wistia.com/deliveries/95f18a0519e391c246c9a4be6daf887671fb6a97.m3u8,player,,wistia,video
DevHub Library,aptitude-teacher2,(3) Building a Version Control System (Github - Backend),Writing the Server Creation Logic,66aa20b0d4c340a2b4050d76,glzcxkczjv,724.0,12.1,https://embed-cloudfront.wistia.com/deliveries/95f18a0519e391c246c9a4be6daf887671fb6a97.m3u8,player,,wistia,video
DevHub Library,aptitude-teacher2,(3) Building a Version Control System (Github - Backend),Writing the Server Creation Logic (Stitched Clip),66aa2067f312fd131f03c887,r0ntbch0ho,701.0,11.7,https://embed-cloudfront.wistia.com/deliveries/95f18a0519e391c246c9a4be6daf887671fb6a97.m3u8,player,,wistia,video
DevHub Library,aptitude-teacher2,(3) Building a Version Control System (Github - Backend),Working on the commitChanges logic,66aa1e3ea1a33979140c7af6,v5wngty51c,1097.0,18.3,https://embed-cloudfront.wistia.com/deliveries/95f18a0519e391c246c9a4be6daf887671fb6a97.m3u8,player,,wistia,video
DevHub Library,aptitude-teacher2,(3) Building a Version Control System (Github - Backend),Creating the Backend folder structure,66aa1fc885bc04a3fd060566,4xyhkzufue,666.0,11.1,https://embed-cloudfront.wistia.com/deliveries/95f18a0519e391c246c9a4be6daf887671fb6a97.m3u8,player,,wistia,video
DevHub Library,aptitude-teacher2,(3) Building a Version Control System (Github - Backend),Working on the revertChanges Logic,66aa1f936cbba83d96041f7b,6tfn0282dx,557.0,9.3,https://embed-cloudfront.wistia.com/deliveries/95f18a0519e391c246c9a4be6daf887671fb6a97.m3u8,player,,wistia,video
DevHub Library,aptitude-teacher2,(3) Building a Version Control System (Github - Backend),Working on the pullChanges Logic,66aa1ed18015337ee00c32a6,uokdbelrjg,632.0,10.5,https://embed-cloudfront.wistia.com/deliveries/95f18a0519e391c246c9a4be6daf887671fb6a97.m3u8,player,,wistia,video
DevHub Library,aptitude-teacher2,(3) Building a Version Control System (Github - Backend),Working on the initRepo Logic,66aa1d38e68e4bf8b4060d38,v0hyc5i0yn,766.0,12.8,https://embed-cloudfront.wistia.com/deliveries/95f18a0519e391c246c9a4be6daf887671fb6a97.m3u8,player,,wistia,video
DevHub Library,aptitude-teacher2,(3) Building a Version Control System (Github - Backend),Reading Terminal Commands from the users,66aa1cde7157907d5902c2cd,3gqznjorkg,878.0,14.6,https://embed-cloudfront.wistia.com/deliveries/95f18a0519e391c246c9a4be6daf887671fb6a97.m3u8,player,,wistia,video
DevHub Library,aptitude-teacher2,(3) Building a Version Control System (Github - Backend),Planning the Project Structures - API Endpoints,66aa1c7f38945472610f5fff,1ytk2bu54s,335.0,5.6,https://embed-cloudfront.wistia.com/deliveries/95f18a0519e391c246c9a4be6daf887671fb6a97.m3u8,player,,wistia,video
DevHub Library,aptitude-teacher2,(3) Building a Version Control System (Github - Backend),Planning the Project Structures - Database Schema and Models,66aa1bfc4d86e6cf1400f2c5,rv4o4d6he9,298.0,5.0,https://embed-cloudfront.wistia.com/deliveries/95f18a0519e391c246c9a4be6daf887671fb6a97.m3u8,player,,wistia,video
DevHub Library,aptitude-teacher2,(3) Building a Version Control System (Github - Backend),Planning the Project Structures - Frontend Components,66aa1b742f47607f79024a57,7i8u42xqxg,255.0,4.2,https://embed-cloudfront.wistia.com/deliveries/95f18a0519e391c246c9a4be6daf887671fb6a97.m3u8,player,,wistia,video
DevHub Library,aptitude-teacher2,(3) Building a Version Control System (Github - Backend),Planning the Project Structure - Console Commands,66aa1b3ffdbd9387e8049426,okv9zh1h6d,734.0,12.2,https://embed-cloudfront.wistia.com/deliveries/95f18a0519e391c246c9a4be6daf887671fb6a97.m3u8,player,,wistia,video
DevHub Library,aptitude-teacher2,(3) Building a Version Control System (Github - Backend),Index - Agenda Video,66aa0ca4f720529a2f000016,bf23j1az41,1017.0,16.9,https://embed-cloudfront.wistia.com/deliveries/95f18a0519e391c246c9a4be6daf887671fb6a97.m3u8,player,,wistia,video
DevHub Library,aptitude-teacher2,(3) Building a Version Control System (Github - Backend),Project Walkthrough,66aa0bb4bc0e3d8d16092f68,2olyqvxs60,825.0,13.8,https://embed-cloudfront.wistia.com/deliveries/95f18a0519e391c246c9a4be6daf887671fb6a97.m3u8,player,,wistia,video
DevHub Library,aptitude-teacher2,(2) Building a Video Conferencing Platform (Zoom),Deployment,66802a7114c81a9eea0c1f63,h39kruzolq,1708.0,28.5,https://embed-cloudfront.wistia.com/deliveries/95f18a0519e391c246c9a4be6daf887671fb6a97.m3u8,player,,wistia,video
DevHub Library,aptitude-teacher2,(2) Building a Video Conferencing Platform (Zoom),Project Introduction,66800599c9b93f0a71017e15,0mzjitmrgi,86.0,1.4,https://embed-cloudfront.wistia.com/deliveries/95f18a0519e391c246c9a4be6daf887671fb6a97.m3u8,player,,wistia,video
DevHub Library,aptitude-teacher2,(2) Building a Video Conferencing Platform (Zoom),Home Component,6680268fb6599f170d0def35,vuez6wqxte,1380.0,23.0,https://embed-cloudfront.wistia.com/deliveries/95f18a0519e391c246c9a4be6daf887671fb6a97.m3u8,player,,wistia,video
DevHub Library,aptitude-teacher2,(2) Building a Video Conferencing Platform (Zoom),HOF for Auth Guard,6680260c46f9692cfc0f812e,zra8qi59m5,259.0,4.3,https://embed-cloudfront.wistia.com/deliveries/95f18a0519e391c246c9a4be6daf887671fb6a97.m3u8,player,,wistia,video
DevHub Library,aptitude-teacher2,(2) Building a Video Conferencing Platform (Zoom),Real-time messages using Sockets,6680257b13ee08813601b016,ri6uqqqq7y,1042.0,17.4,https://embed-cloudfront.wistia.com/deliveries/95f18a0519e391c246c9a4be6daf887671fb6a97.m3u8,player,,wistia,video
DevHub Library,aptitude-teacher2,(2) Building a Video Conferencing Platform (Zoom),Chat window UI,6680254520e89674cf066a07,ji3i5jw5i8,593.0,9.9,https://embed-cloudfront.wistia.com/deliveries/95f18a0519e391c246c9a4be6daf887671fb6a97.m3u8,player,,wistia,video
DevHub Library,aptitude-teacher2,(2) Building a Video Conferencing Platform (Zoom),Screen Share Feature,6680250dcdab8e3962027945,ctqnxvbfw6,653.0,10.9,https://embed-cloudfront.wistia.com/deliveries/95f18a0519e391c246c9a4be6daf887671fb6a97.m3u8,player,,wistia,video
DevHub Library,aptitude-teacher2,(2) Building a Video Conferencing Platform (Zoom),Showing ID for videos,668024adeb056624720e4cd3,1j5p6fcpa1,480.0,8.0,https://embed-cloudfront.wistia.com/deliveries/95f18a0519e391c246c9a4be6daf887671fb6a97.m3u8,player,,wistia,video
DevHub Library,aptitude-teacher2,(2) Building a Video Conferencing Platform (Zoom),Resolving Errors,6680236612865ee64d0282b6,4pu2faz41s,109.0,1.8,https://embed-cloudfront.wistia.com/deliveries/95f18a0519e391c246c9a4be6daf887671fb6a97.m3u8,player,,wistia,video
DevHub Library,aptitude-teacher2,(2) Building a Video Conferencing Platform (Zoom),Stream Offers as Video,668022d522eae96bef02ade3,vm438rhya2,1691.0,28.2,https://embed-cloudfront.wistia.com/deliveries/95f18a0519e391c246c9a4be6daf887671fb6a97.m3u8,player,,wistia,video
DevHub Library,aptitude-teacher2,(2) Building a Video Conferencing Platform (Zoom),Connection through WebRTC,6680229d4c9b972ba209b118,9vhktwmex2,1558.0,26.0,https://embed-cloudfront.wistia.com/deliveries/95f18a0519e391c246c9a4be6daf887671fb6a97.m3u8,player,,wistia,video
DevHub Library,aptitude-teacher2,(2) Building a Video Conferencing Platform (Zoom),Video and Audio Controls,668021ed266cc0f2870f6715,7fbto4g90i,1033.0,17.2,https://embed-cloudfront.wistia.com/deliveries/95f18a0519e391c246c9a4be6daf887671fb6a97.m3u8,player,,wistia,video
DevHub Library,aptitude-teacher2,(2) Building a Video Conferencing Platform (Zoom),Activating the STUN Server,668009123172bda47d013409,sbsgb7zdfz,1011.0,16.9,https://embed-cloudfront.wistia.com/deliveries/95f18a0519e391c246c9a4be6daf887671fb6a97.m3u8,player,,wistia,video
DevHub Library,aptitude-teacher2,(2) Building a Video Conferencing Platform (Zoom),Context API and Creating Auth Flow,66800863e940e12680002bc3,ubd9uq2sp0,1442.0,24.0,https://embed-cloudfront.wistia.com/deliveries/95f18a0519e391c246c9a4be6daf887671fb6a97.m3u8,player,,wistia,video
DevHub Library,aptitude-teacher2,(2) Building a Video Conferencing Platform (Zoom),Merging Socket & Express Server,668007c1163c0959e103da6a,xhyjinyydz,145.0,2.4,https://embed-cloudfront.wistia.com/deliveries/95f18a0519e391c246c9a4be6daf887671fb6a97.m3u8,player,,wistia,video
DevHub Library,aptitude-teacher2,(2) Building a Video Conferencing Platform (Zoom),Socket for Live Interaction,6680079ecaf2aee2270d9385,3mmtk8qmg3,1465.0,24.4,https://embed-cloudfront.wistia.com/deliveries/95f18a0519e391c246c9a4be6daf887671fb6a97.m3u8,player,,wistia,video
DevHub Library,aptitude-teacher2,(2) Building a Video Conferencing Platform (Zoom),Authentication Routes,6680076225cb1731120a4445,mhzv0dg9a4,1305.0,21.8,https://embed-cloudfront.wistia.com/deliveries/95f18a0519e391c246c9a4be6daf887671fb6a97.m3u8,player,,wistia,video
DevHub Library,aptitude-teacher2,(2) Building a Video Conferencing Platform (Zoom),Creating DB Models,668007430f14290e900db706,3y4wxtukqx,204.0,3.4,https://embed-cloudfront.wistia.com/deliveries/95f18a0519e391c246c9a4be6daf887671fb6a97.m3u8,player,,wistia,video
DevHub Library,aptitude-teacher2,(2) Building a Video Conferencing Platform (Zoom),Setting up Backend Structure,6680071cf84989ef42030d73,ch5a8nyzc7,1230.0,20.5,https://embed-cloudfront.wistia.com/deliveries/95f18a0519e391c246c9a4be6daf887671fb6a97.m3u8,player,,wistia,video
DevHub Library,aptitude-teacher2,(2) Building a Video Conferencing Platform (Zoom),Technologies used,668006cdf30f4f7f0b09e216,82qwopwd4b,554.0,9.2,https://embed-cloudfront.wistia.com/deliveries/95f18a0519e391c246c9a4be6daf887671fb6a97.m3u8,player,,wistia,video
DevHub Library,aptitude-teacher2,(2) Building a Video Conferencing Platform (Zoom),Project Planning,668006a107ea02ca950fce55,47kk63wf8s,675.0,11.2,https://embed-cloudfront.wistia.com/deliveries/95f18a0519e391c246c9a4be6daf887671fb6a97.m3u8,player,,wistia,video
DevHub Library,aptitude-teacher2,(2) Building a Video Conferencing Platform (Zoom),Project Demo,6681594080f5800c68055e57,kpf708jik0,303.0,5.0,https://embed-cloudfront.wistia.com/deliveries/95f18a0519e391c246c9a4be6daf887671fb6a97.m3u8,player,,wistia,video
DevHub Library,aptitude-teacher2,(2) Building a Video Conferencing Platform (Zoom),WebRTC Architectures,66815937831c81a006033003,1eyf84l2fm,932.0,15.5,https://embed-cloudfront.wistia.com/deliveries/95f18a0519e391c246c9a4be6daf887671fb6a97.m3u8,player,,wistia,video
DevHub Library,aptitude-teacher2,(2) Building a Video Conferencing Platform (Zoom),What is WebRTC-,6681592c91934e6ec509b145,70fvc14ua8,871.0,14.5,https://embed-cloudfront.wistia.com/deliveries/95f18a0519e391c246c9a4be6daf887671fb6a97.m3u8,player,,wistia,video
DevHub Library,aptitude-teacher2,(2) Building a Video Conferencing Platform (Zoom),Covering Fundamentals,66815922def20a4baf004897,8z8ciezhuy,696.0,11.6,https://embed-cloudfront.wistia.com/deliveries/95f18a0519e391c246c9a4be6daf887671fb6a97.m3u8,player,,wistia,video
DevHub Library,aptitude-teacher2,(2) Building a Video Conferencing Platform (Zoom),Implementing History feature,668026b85ff8fef92607d1b3,ysszqlgd1j,1262.0,21.0,https://embed-cloudfront.wistia.com/deliveries/95f18a0519e391c246c9a4be6daf887671fb6a97.m3u8,player,,wistia,video
DevHub Library,aptitude-teacher2,(2) Building a Video Conferencing Platform (Zoom),Improving Meet UI,668024d468fe8c84d805fc95,co0yt6m0p9,1608.0,26.8,https://embed-cloudfront.wistia.com/deliveries/95f18a0519e391c246c9a4be6daf887671fb6a97.m3u8,player,,wistia,video
DevHub Library,aptitude-teacher2,(2) Building a Video Conferencing Platform (Zoom),Creating Authentication Page,668008330aecdeca40046343,aumx7agkbf,959.0,16.0,https://embed-cloudfront.wistia.com/deliveries/95f18a0519e391c246c9a4be6daf887671fb6a97.m3u8,player,,wistia,video
DevHub Library,aptitude-teacher2,(2) Building a Video Conferencing Platform (Zoom),Creating Landing Page,6680081988c60efe2e095075,5ocqhlgoyh,1246.0,20.8,https://embed-cloudfront.wistia.com/deliveries/95f18a0519e391c246c9a4be6daf887671fb6a97.m3u8,player,,wistia,video
DevHub Library,aptitude-teacher2,(2) Building a Video Conferencing Platform (Zoom),Setting up the Router,66800800f2899b17b30c62d5,0c7c619424,439.0,7.3,https://embed-cloudfront.wistia.com/deliveries/95f18a0519e391c246c9a4be6daf887671fb6a97.m3u8,player,,wistia,video
DevHub Library,aptitude-teacher2,(2) Building a Video Conferencing Platform (Zoom),Setting up Frontend Structure,668007d678786ffc1a049013,n61fftuwid,113.0,1.9,https://embed-cloudfront.wistia.com/deliveries/95f18a0519e391c246c9a4be6daf887671fb6a97.m3u8,player,,wistia,video
DevHub Library,aptitude-teacher2,(1) Building a Stock Trading Platform (Zerodha - Backend),Unit Testing with JEST,6665de6be7591898520deee6,bz4xdutrf0,738.0,12.3,https://embed-cloudfront.wistia.com/deliveries/95f18a0519e391c246c9a4be6daf887671fb6a97.m3u8,player,,wistia,video
DevHub Library,aptitude-teacher2,(1) Building a Stock Trading Platform (Zerodha - Backend),How does Testing work-,6673f1320a0958318f03fc95,hqky7twj8g,475.0,7.9,https://embed-cloudfront.wistia.com/deliveries/95f18a0519e391c246c9a4be6daf887671fb6a97.m3u8,player,,wistia,video
DevHub Library,aptitude-teacher2,(1) Building a Stock Trading Platform (Zerodha - Backend),Holdings Starter Data,6665dad982eb37c815060de7,ofb9fzdtl8,720.0,12.0,https://embed-cloudfront.wistia.com/deliveries/95f18a0519e391c246c9a4be6daf887671fb6a97.m3u8,player,,wistia,video
DevHub Library,aptitude-teacher2,(1) Building a Stock Trading Platform (Zerodha - Frontend),Home Components (Part 4),6665d77c9ca83339420aabb6,ejmzs3xfbr,1361.0,22.7,https://embed-cloudfront.wistia.com/deliveries/95f18a0519e391c246c9a4be6daf887671fb6a97.m3u8,player,,wistia,video
DevHub Library,aptitude-teacher2,(1) Building a Stock Trading Platform (Zerodha - Frontend),Home Components (Part 3),6665d778f596c4c3a909d0f5,syhs7ytyar,1273.0,21.2,https://embed-cloudfront.wistia.com/deliveries/95f18a0519e391c246c9a4be6daf887671fb6a97.m3u8,player,,wistia,video
DevHub Library,aptitude-teacher2,(1) Building a Stock Trading Platform (Zerodha - Frontend),Home Components (Part 2),6665d774e1ac1512e102bfe5,ftxlk9rh1k,661.0,11.0,https://embed-cloudfront.wistia.com/deliveries/95f18a0519e391c246c9a4be6daf887671fb6a97.m3u8,player,,wistia,video
DevHub Library,aptitude-teacher2,(1) Building a Stock Trading Platform (Zerodha - Frontend),Home Components (Part 1),6665d75c8eff11dae8065888,bwzzczq48w,600.0,10.0,https://embed-cloudfront.wistia.com/deliveries/95f18a0519e391c246c9a4be6daf887671fb6a97.m3u8,player,,wistia,video
DevHub Library,aptitude-teacher2,(1) Building a Stock Trading Platform (Zerodha - Backend),Deployment on AWS,6665e0227617f237160945cb,q400hm473y,790.0,13.2,https://embed-cloudfront.wistia.com/deliveries/95f18a0519e391c246c9a4be6daf887671fb6a97.m3u8,player,,wistia,video
DevHub Library,aptitude-teacher2,(1) Building a Stock Trading Platform (Zerodha - Backend),Exploring Stock Market Live APIs,6665ddb48b7c0b511b0aefd7,uwbd3x4tl0,474.0,7.9,https://embed-cloudfront.wistia.com/deliveries/95f18a0519e391c246c9a4be6daf887671fb6a97.m3u8,player,,wistia,video
DevHub Library,aptitude-teacher2,(1) Building a Stock Trading Platform (Zerodha - Backend),Plotting Graphs with chart.js,6665dd43ef1f87bd3907aeb9,99w4wh51jr,922.0,15.4,https://embed-cloudfront.wistia.com/deliveries/95f18a0519e391c246c9a4be6daf887671fb6a97.m3u8,player,,wistia,video
DevHub Library,aptitude-teacher2,(1) Building a Stock Trading Platform (Zerodha - Backend),Implement User Authentication,6665dc7243bcd13eba0b81a7,y6ricgwwhr,418.0,7.0,https://embed-cloudfront.wistia.com/deliveries/95f18a0519e391c246c9a4be6daf887671fb6a97.m3u8,player,,wistia,video
DevHub Library,aptitude-teacher2,(1) Building a Stock Trading Platform (Zerodha - Backend),Fetch Data from Dashboard,6665db2416a95bf247015289,00yedhc51k,1030.0,17.2,https://embed-cloudfront.wistia.com/deliveries/95f18a0519e391c246c9a4be6daf887671fb6a97.m3u8,player,,wistia,video
DevHub Library,aptitude-teacher2,(1) Building a Stock Trading Platform (Zerodha - Backend),Testing API Endpoints,6665db10bc22afb858045825,767hjhuqdv,497.0,8.3,https://embed-cloudfront.wistia.com/deliveries/95f18a0519e391c246c9a4be6daf887671fb6a97.m3u8,player,,wistia,video
DevHub Library,aptitude-teacher2,(1) Building a Stock Trading Platform (Zerodha - Backend),Creating Schemas & Models,6665dacb4e065fed440daf39,3ur3yldyfh,453.0,7.5,https://embed-cloudfront.wistia.com/deliveries/95f18a0519e391c246c9a4be6daf887671fb6a97.m3u8,player,,wistia,video
DevHub Library,aptitude-teacher2,(1) Building a Stock Trading Platform (Zerodha - Backend),Connect MongoDB with Express (Part b),6665dabfe6d63393c40037b5,7fsfpewrv0,841.0,14.0,https://embed-cloudfront.wistia.com/deliveries/95f18a0519e391c246c9a4be6daf887671fb6a97.m3u8,player,,wistia,video
DevHub Library,aptitude-teacher2,(1) Building a Stock Trading Platform (Zerodha - Backend),Connect MongoDB with Express (Part a),6665d97fd54c25d7ff06b435,09ei101dsr,606.0,10.1,https://embed-cloudfront.wistia.com/deliveries/95f18a0519e391c246c9a4be6daf887671fb6a97.m3u8,player,,wistia,video
DevHub Library,aptitude-teacher2,(1) Building a Stock Trading Platform (Zerodha - Backend),Setting up MongoDB,6665d96a70bcd64d2b079495,0i5k2anyvp,664.0,11.1,https://embed-cloudfront.wistia.com/deliveries/95f18a0519e391c246c9a4be6daf887671fb6a97.m3u8,player,,wistia,video
DevHub Library,aptitude-teacher2,(1) Building a Stock Trading Platform (Zerodha - Frontend),-WatchList- Component (Part 3),6665d9337e8a5afb41013c35,dc642quorc,719.0,12.0,https://embed-cloudfront.wistia.com/deliveries/95f18a0519e391c246c9a4be6daf887671fb6a97.m3u8,player,,wistia,video
DevHub Library,aptitude-teacher2,(1) Building a Stock Trading Platform (Zerodha - Frontend),-WatchList- Component (Part 2),6665d9290cf60e3e2e06bb55,t4bokziuej,696.0,11.6,https://embed-cloudfront.wistia.com/deliveries/95f18a0519e391c246c9a4be6daf887671fb6a97.m3u8,player,,wistia,video
DevHub Library,aptitude-teacher2,(1) Building a Stock Trading Platform (Zerodha - Frontend),-WatchList- Component (Part 1),6665d925f8440fe3a70d3b55,j74fsqnfhj,612.0,10.2,https://embed-cloudfront.wistia.com/deliveries/95f18a0519e391c246c9a4be6daf887671fb6a97.m3u8,player,,wistia,video
DevHub Library,aptitude-teacher2,(1) Building a Stock Trading Platform (Zerodha - Frontend),Add Data to Holdings & Positions,6665d90a16e5fa4df90320e5,jf53fi99ll,1009.0,16.8,https://embed-cloudfront.wistia.com/deliveries/95f18a0519e391c246c9a4be6daf887671fb6a97.m3u8,player,,wistia,video
DevHub Library,aptitude-teacher2,(1) Building a Stock Trading Platform (Zerodha - Frontend),Setup Dashboard Menu,6665d8ef5c98a8c5fe088b46,jhgpkx1wca,878.0,14.6,https://embed-cloudfront.wistia.com/deliveries/95f18a0519e391c246c9a4be6daf887671fb6a97.m3u8,player,,wistia,video
DevHub Library,aptitude-teacher2,(1) Building a Stock Trading Platform (Zerodha - Frontend),Creating Dashboard Components,6665d8e08e6e45c0060478b5,9k3efd3yr5,509.0,8.5,https://embed-cloudfront.wistia.com/deliveries/95f18a0519e391c246c9a4be6daf887671fb6a97.m3u8,player,,wistia,video
DevHub Library,aptitude-teacher2,(1) Building a Stock Trading Platform (Zerodha - Frontend),Exploring the Dashboard,6665d8d0dfce3a95d2063e76,8zzt9gjy7u,973.0,16.2,https://embed-cloudfront.wistia.com/deliveries/95f18a0519e391c246c9a4be6daf887671fb6a97.m3u8,player,,wistia,video
DevHub Library,aptitude-teacher2,(1) Building a Stock Trading Platform (Zerodha - Frontend),-Support- Component (Part 2),6665d8c3071f079547067ba6,huyhidzq27,1448.0,24.1,https://embed-cloudfront.wistia.com/deliveries/95f18a0519e391c246c9a4be6daf887671fb6a97.m3u8,player,,wistia,video
DevHub Library,aptitude-teacher2,(1) Building a Stock Trading Platform (Zerodha - Frontend),-Support- Component (Part 1),6665d8be0226293e08018985,p2el0rrnam,528.0,8.8,https://embed-cloudfront.wistia.com/deliveries/95f18a0519e391c246c9a4be6daf887671fb6a97.m3u8,player,,wistia,video
DevHub Library,aptitude-teacher2,(1) Building a Stock Trading Platform (Zerodha - Frontend),Implement -Pricing- Component,6665d8811ba00743790e24f5,p86ohstwgd,1006.0,16.8,https://embed-cloudfront.wistia.com/deliveries/95f18a0519e391c246c9a4be6daf887671fb6a97.m3u8,player,,wistia,video
DevHub Library,aptitude-teacher2,(1) Building a Stock Trading Platform (Zerodha - Frontend),RightSection in -Product- Component,6665d86d471f95acd108d595,nto0yagebn,791.0,13.2,https://embed-cloudfront.wistia.com/deliveries/95f18a0519e391c246c9a4be6daf887671fb6a97.m3u8,player,,wistia,video
DevHub Library,aptitude-teacher2,(1) Building a Stock Trading Platform (Zerodha - Frontend),LeftSection in -Product- Component,6665d84056ea295624020e66,6agtc5hy0b,1355.0,22.6,https://embed-cloudfront.wistia.com/deliveries/95f18a0519e391c246c9a4be6daf887671fb6a97.m3u8,player,,wistia,video
DevHub Library,aptitude-teacher2,(1) Building a Stock Trading Platform (Zerodha - Frontend),Implement -About- Component,6665d82cc9612ec0de0ff455,7hzpwnqznl,1133.0,18.9,https://embed-cloudfront.wistia.com/deliveries/95f18a0519e391c246c9a4be6daf887671fb6a97.m3u8,player,,wistia,video
DevHub Library,aptitude-teacher2,(1) Building a Stock Trading Platform (Zerodha - Frontend),Setting up React Router,6665d7b6ff9f81d6840aec86,pauqgtjyl1,818.0,13.6,https://embed-cloudfront.wistia.com/deliveries/95f18a0519e391c246c9a4be6daf887671fb6a97.m3u8,player,,wistia,video
DevHub Library,aptitude-teacher2,(1) Building a Stock Trading Platform (Zerodha - Frontend),"Navbar, Footer & Open Account",6665d7a838412d8ef20a5997,b2w6q15f97,1534.0,25.6,https://embed-cloudfront.wistia.com/deliveries/95f18a0519e391c246c9a4be6daf887671fb6a97.m3u8,player,,wistia,video
DevHub Library,aptitude-teacher2,(1) Building a Stock Trading Platform (Zerodha - Frontend),Structuring Landing Page,6665d7480710e4685d0f5c06,0r0swr3h8u,817.0,13.6,https://embed-cloudfront.wistia.com/deliveries/95f18a0519e391c246c9a4be6daf887671fb6a97.m3u8,player,,wistia,video
DevHub Library,aptitude-teacher2,(1) Building a Stock Trading Platform (Zerodha - Frontend),Identifying Major Components,6665d670199776c2a90fbb65,uii0xarv73,930.0,15.5,https://embed-cloudfront.wistia.com/deliveries/95f18a0519e391c246c9a4be6daf887671fb6a97.m3u8,player,,wistia,video
DevHub Library,aptitude-teacher2,(1) Building a Stock Trading Platform (Zerodha - Frontend),Default Files & Folders,6665d61f678a4f938908b6aa,ng8lyeysno,989.0,16.5,https://embed-cloudfront.wistia.com/deliveries/95f18a0519e391c246c9a4be6daf887671fb6a97.m3u8,player,,wistia,video
DevHub Library,aptitude-teacher2,(1) Building a Stock Trading Platform (Zerodha - Frontend),Setting up our React Project,6665d49082e5b43a26091f75,086xka6jpa,606.0,10.1,https://embed-cloudfront.wistia.com/deliveries/95f18a0519e391c246c9a4be6daf887671fb6a97.m3u8,player,,wistia,video
DevHub Library,aptitude-teacher2,(1) Building a Stock Trading Platform (Zerodha - Frontend),Project Overview,6665d2e67b96f43b1f052b75,f43z8bnizp,634.0,10.6,https://embed-cloudfront.wistia.com/deliveries/95f18a0519e391c246c9a4be6daf887671fb6a97.m3u8,player,,wistia,video
DevHub Library,aptitude-teacher2,(1) Building a Stock Trading Platform (Zerodha - Frontend),Installing Basic Tools,6665d2c01bd15cea8000eb29,yl02u9j22k,229.0,3.8,https://embed-cloudfront.wistia.com/deliveries/95f18a0519e391c246c9a4be6daf887671fb6a97.m3u8,player,,wistia,video
DevHub Library,aptitude-teacher2,(1) Building a Stock Trading Platform (Zerodha - Frontend),Project Demo,6665d23d82be7d4a6a0bc3c5,ocl4ate6f4,296.0,4.9,https://embed-cloudfront.wistia.com/deliveries/95f18a0519e391c246c9a4be6daf887671fb6a97.m3u8,player,,wistia,video
Aptitude Preparation (English),delta-library,Quantitative Aptitude (Teacher 1),"Time, Speed and Distance",6697a9f4a5384b5f4508d8e5,ibc8uiqnjb,4034.0,67.2,https://embed-cloudfront.wistia.com/deliveries/b1da16b9daf007bf9dae2f457b630fffeed9d8fa.m3u8,player,,wistia,video
Aptitude Preparation (English),delta-library,Verbal Ability ,Synonyms,6697c12baafa9c2f2c006a07,5ysnt3frtk,488.0,8.1,https://embed-cloudfront.wistia.com/deliveries/b1da16b9daf007bf9dae2f457b630fffeed9d8fa.m3u8,player,,wistia,video
Aptitude Preparation (English),delta-library,Mentorship Sessions,Aptitude Preparation Live session by Aman sir,66bf310fa424f71fbc059477,a94t2ivslh,3461.0,57.7,https://embed-cloudfront.wistia.com/deliveries/b1da16b9daf007bf9dae2f457b630fffeed9d8fa.m3u8,player,,wistia,video
Aptitude Preparation (English),delta-library,Quantitative Aptitude (Teacher 1),Simplification,66bcbf2d132c1f10c0022625,d5t0d0xrw2,3130.0,52.2,https://embed-cloudfront.wistia.com/deliveries/b1da16b9daf007bf9dae2f457b630fffeed9d8fa.m3u8,player,,wistia,video
Aptitude Preparation (English),delta-library,Quantitative Aptitude (Teacher 1),Simple Interest and Compound Interest,6697a9454c2c9fa9af0311d5,w02yf4o5j4,5937.0,99.0,https://embed-cloudfront.wistia.com/deliveries/b1da16b9daf007bf9dae2f457b630fffeed9d8fa.m3u8,player,,wistia,video
Aptitude Preparation (English),delta-library,Logical Reasoning (Teacher 1),Series (Number Series),6697bf8b6e4cc343dc08cf95,p447lbk7ca,3204.0,53.4,https://embed-cloudfront.wistia.com/deliveries/b1da16b9daf007bf9dae2f457b630fffeed9d8fa.m3u8,player,,wistia,video
Aptitude Preparation (English),delta-library,Logical Reasoning (Teacher 1),Series (Letter and Mixed Series),6698bcac03b4e03e95035697,twx3tagxvx,2840.0,47.3,https://embed-cloudfront.wistia.com/deliveries/b1da16b9daf007bf9dae2f457b630fffeed9d8fa.m3u8,player,,wistia,video
Aptitude Preparation (English),delta-library,Verbal Ability ,Reading Comprehension,6697c1ea663376cc930001c6,pn00fkfndw,1245.0,20.8,https://embed-cloudfront.wistia.com/deliveries/b1da16b9daf007bf9dae2f457b630fffeed9d8fa.m3u8,player,,wistia,video
Aptitude Preparation (English),delta-library,Verbal Ability ,Active Passive,6697c1d31c9103ed460366e9,fw2q8az0kg,835.0,13.9,https://embed-cloudfront.wistia.com/deliveries/b1da16b9daf007bf9dae2f457b630fffeed9d8fa.m3u8,player,,wistia,video
Aptitude Preparation (English),delta-library,Verbal Ability ,Substitution,6697c1c5bcbc29534c062537,7po96djxgp,713.0,11.9,https://embed-cloudfront.wistia.com/deliveries/b1da16b9daf007bf9dae2f457b630fffeed9d8fa.m3u8,player,,wistia,video
Aptitude Preparation (English),delta-library,Verbal Ability ,Idioms and Phrases,6697c1ae133ce55f240acf15,wviaxmme1w,701.0,11.7,https://embed-cloudfront.wistia.com/deliveries/b1da16b9daf007bf9dae2f457b630fffeed9d8fa.m3u8,player,,wistia,video
Aptitude Preparation (English),delta-library,Verbal Ability ,Sentence Improvement,6697c1923cc6640a2c051c65,d1owwzf4i0,1763.0,29.4,https://embed-cloudfront.wistia.com/deliveries/b1da16b9daf007bf9dae2f457b630fffeed9d8fa.m3u8,player,,wistia,video
Aptitude Preparation (English),delta-library,Verbal Ability ,Cloze Test,6697c175ba55a1c89d0a4abc,imm6cs7ca0,1050.0,17.5,https://embed-cloudfront.wistia.com/deliveries/b1da16b9daf007bf9dae2f457b630fffeed9d8fa.m3u8,player,,wistia,video
Aptitude Preparation (English),delta-library,Verbal Ability ,Direct Indirect Speech,6697c15d908ac645b00b1b86,ol8y60xmj2,1353.0,22.6,https://embed-cloudfront.wistia.com/deliveries/b1da16b9daf007bf9dae2f457b630fffeed9d8fa.m3u8,player,,wistia,video
Aptitude Preparation (English),delta-library,Verbal Ability ,Antonyms,6697c147a6515f92a700fe26,h3ola72nhz,680.0,11.3,https://embed-cloudfront.wistia.com/deliveries/b1da16b9daf007bf9dae2f457b630fffeed9d8fa.m3u8,player,,wistia,video
Aptitude Preparation (English),delta-library,Verbal Ability ,Spotting Errors,6697c115d928217f5804a4c9,9q71gdwtif,1059.0,17.6,https://embed-cloudfront.wistia.com/deliveries/b1da16b9daf007bf9dae2f457b630fffeed9d8fa.m3u8,player,,wistia,video
Aptitude Preparation (English),delta-library,Logical Reasoning (Teacher 1),Venn Diagrams,6697c0bdfacd8ea158086306,8qdrl81ts4,2481.0,41.4,https://embed-cloudfront.wistia.com/deliveries/b1da16b9daf007bf9dae2f457b630fffeed9d8fa.m3u8,player,,wistia,video
Aptitude Preparation (English),delta-library,Logical Reasoning (Teacher 1),Critical Reasoning,6697c0a88088a9f3370fbf77,8ncd8q1245,5447.0,90.8,https://embed-cloudfront.wistia.com/deliveries/b1da16b9daf007bf9dae2f457b630fffeed9d8fa.m3u8,player,,wistia,video
Aptitude Preparation (English),delta-library,Logical Reasoning (Teacher 1),MIsc Puzzles,6697c0998eb723b40a05c113,hnz4jm1p0b,3529.0,58.8,https://embed-cloudfront.wistia.com/deliveries/b1da16b9daf007bf9dae2f457b630fffeed9d8fa.m3u8,player,,wistia,video
Aptitude Preparation (English),delta-library,Logical Reasoning (Teacher 1),Ordering and Seq. Puzzles,6697c081f4a7a6697801c099,y8492gmj0o,5225.0,87.1,https://embed-cloudfront.wistia.com/deliveries/b1da16b9daf007bf9dae2f457b630fffeed9d8fa.m3u8,player,,wistia,video
Aptitude Preparation (English),delta-library,Logical Reasoning (Teacher 1),Games,6697c066d25125d9a1086cb3,ivfi679dzu,2874.0,47.9,https://embed-cloudfront.wistia.com/deliveries/b1da16b9daf007bf9dae2f457b630fffeed9d8fa.m3u8,player,,wistia,video
Aptitude Preparation (English),delta-library,Logical Reasoning (Teacher 1),Circular Arrangements,6697c056672da61e5503aafc,vop5i83izm,3474.0,57.9,https://embed-cloudfront.wistia.com/deliveries/b1da16b9daf007bf9dae2f457b630fffeed9d8fa.m3u8,player,,wistia,video
Aptitude Preparation (English),delta-library,Logical Reasoning (Teacher 1),Linear Arrangements,6697c0473fbf60610d0c91d5,rpr4j3s5rv,3163.0,52.7,https://embed-cloudfront.wistia.com/deliveries/b1da16b9daf007bf9dae2f457b630fffeed9d8fa.m3u8,player,,wistia,video
Aptitude Preparation (English),delta-library,Logical Reasoning (Teacher 1),Cubes and Dice,6697c0353e457ae5e7075b76,mo1qep6qus,2601.0,43.4,https://embed-cloudfront.wistia.com/deliveries/b1da16b9daf007bf9dae2f457b630fffeed9d8fa.m3u8,player,,wistia,video
Aptitude Preparation (English),delta-library,Logical Reasoning (Teacher 1),Syllogism,6697c020ea72db49670feb53,sj8syl0dj1,2234.0,37.2,https://embed-cloudfront.wistia.com/deliveries/b1da16b9daf007bf9dae2f457b630fffeed9d8fa.m3u8,player,,wistia,video
Aptitude Preparation (English),delta-library,Logical Reasoning (Teacher 1),Direction Sense,6697c0105e371e6070005316,92ql2el5aa,2584.0,43.1,https://embed-cloudfront.wistia.com/deliveries/b1da16b9daf007bf9dae2f457b630fffeed9d8fa.m3u8,player,,wistia,video
Aptitude Preparation (English),delta-library,Logical Reasoning (Teacher 1),Blood Relations,6697bfef7dfb688fc101d9e5,pu29hteefb,3518.0,58.6,https://embed-cloudfront.wistia.com/deliveries/b1da16b9daf007bf9dae2f457b630fffeed9d8fa.m3u8,player,,wistia,video
Aptitude Preparation (English),delta-library,Logical Reasoning (Teacher 1),Clocks and Calendars,6697bfdefd64eea86b0a69c3,sjj2k8969s,3784.0,63.1,https://embed-cloudfront.wistia.com/deliveries/b1da16b9daf007bf9dae2f457b630fffeed9d8fa.m3u8,player,,wistia,video
Aptitude Preparation (English),delta-library,Logical Reasoning (Teacher 1),Coding Decoding,6697bfa2190ed467ef017ba5,nezx4xp7vg,4069.0,67.8,https://embed-cloudfront.wistia.com/deliveries/b1da16b9daf007bf9dae2f457b630fffeed9d8fa.m3u8,player,,wistia,video
Aptitude Preparation (English),delta-library,Data Interpretation (Teacher 1),Mixed Charts,6697bf3315dd71709c00ddab,bp75rgpeh4,3917.0,65.3,https://embed-cloudfront.wistia.com/deliveries/b1da16b9daf007bf9dae2f457b630fffeed9d8fa.m3u8,player,,wistia,video
Aptitude Preparation (English),delta-library,Data Interpretation (Teacher 1),Tables,6697bf20361bac32330da0e4,1ymkyxo4ir,3770.0,62.8,https://embed-cloudfront.wistia.com/deliveries/b1da16b9daf007bf9dae2f457b630fffeed9d8fa.m3u8,player,,wistia,video
Aptitude Preparation (English),delta-library,Data Interpretation (Teacher 1),Pie Charts,6697bf0527cc48c5600ffa2a,rcy7dnx3nz,3312.0,55.2,https://embed-cloudfront.wistia.com/deliveries/b1da16b9daf007bf9dae2f457b630fffeed9d8fa.m3u8,player,,wistia,video
Aptitude Preparation (English),delta-library,Data Interpretation (Teacher 1),Bar Charts,6697bef327cc48c5600ffa29,uoyy8fjscz,3414.0,56.9,https://embed-cloudfront.wistia.com/deliveries/b1da16b9daf007bf9dae2f457b630fffeed9d8fa.m3u8,player,,wistia,video
Aptitude Preparation (English),delta-library,Quantitative Aptitude (Teacher 1),Probability,6697bb287570586d550a2bb7,1c06gjenr2,4171.0,69.5,https://embed-cloudfront.wistia.com/deliveries/b1da16b9daf007bf9dae2f457b630fffeed9d8fa.m3u8,player,,wistia,video
Aptitude Preparation (English),delta-library,Quantitative Aptitude (Teacher 1),Permutation and Combination,6697ba9509dbd00d930bfed6,lwqula89gi,4049.0,67.5,https://embed-cloudfront.wistia.com/deliveries/b1da16b9daf007bf9dae2f457b630fffeed9d8fa.m3u8,player,,wistia,video
Aptitude Preparation (English),delta-library,Quantitative Aptitude (Teacher 1),Mensuration,6697ba584cb138caa6011568,eqbxg1clnr,3976.0,66.3,https://embed-cloudfront.wistia.com/deliveries/b1da16b9daf007bf9dae2f457b630fffeed9d8fa.m3u8,player,,wistia,video
Aptitude Preparation (English),delta-library,Quantitative Aptitude (Teacher 1),Geometry,6697ba2bb796dd103b05d9a5,gmtq9gc0uz,4204.0,70.1,https://embed-cloudfront.wistia.com/deliveries/b1da16b9daf007bf9dae2f457b630fffeed9d8fa.m3u8,player,,wistia,video
Aptitude Preparation (English),delta-library,Quantitative Aptitude (Teacher 1),HCF and LCM,6697ba0b95cabde13a02ef06,qhhmj1wdig,2455.0,40.9,https://embed-cloudfront.wistia.com/deliveries/b1da16b9daf007bf9dae2f457b630fffeed9d8fa.m3u8,player,,wistia,video
Aptitude Preparation (English),delta-library,Quantitative Aptitude (Teacher 1),"Numbers, Divisibility, Remainders and Cyclicity",6697aaa51e09c3a53f0a2de5,8jaaqbl5d8,4724.0,78.7,https://embed-cloudfront.wistia.com/deliveries/b1da16b9daf007bf9dae2f457b630fffeed9d8fa.m3u8,player,,wistia,video
Aptitude Preparation (English),delta-library,Quantitative Aptitude (Teacher 1),Ages,6697aa190068438216088785,msa8c3ko4v,2278.0,38.0,https://embed-cloudfront.wistia.com/deliveries/b1da16b9daf007bf9dae2f457b630fffeed9d8fa.m3u8,player,,wistia,video
Aptitude Preparation (English),delta-library,Quantitative Aptitude (Teacher 1),"Trains, Boats and Streams",6697a9d16066a44c1600fa65,69uxhw91me,3521.0,58.7,https://embed-cloudfront.wistia.com/deliveries/b1da16b9daf007bf9dae2f457b630fffeed9d8fa.m3u8,player,,wistia,video
Aptitude Preparation (English),delta-library,Quantitative Aptitude (Teacher 1),Time and Work,6697a9a8e5f13bff840f5848,lxywpq1zk0,3648.0,60.8,https://embed-cloudfront.wistia.com/deliveries/b1da16b9daf007bf9dae2f457b630fffeed9d8fa.m3u8,player,,wistia,video
Aptitude Preparation (English),delta-library,Quantitative Aptitude (Teacher 1),Mixture and Alligation,6697a969293ef0a1f60c8c29,mznhjowkhv,2667.0,44.5,https://embed-cloudfront.wistia.com/deliveries/b1da16b9daf007bf9dae2f457b630fffeed9d8fa.m3u8,player,,wistia,video
Aptitude Preparation (English),delta-library,Quantitative Aptitude (Teacher 1),Averages,6697a9591427b52042028325,2ybggowvjg,3528.0,58.8,https://embed-cloudfront.wistia.com/deliveries/b1da16b9daf007bf9dae2f457b630fffeed9d8fa.m3u8,player,,wistia,video
Aptitude Preparation (English),delta-library,Quantitative Aptitude (Teacher 1),Partnership,6697a93077d4037ca80f1a55,vqx67up2ni,2634.0,43.9,https://embed-cloudfront.wistia.com/deliveries/b1da16b9daf007bf9dae2f457b630fffeed9d8fa.m3u8,player,,wistia,video
Aptitude Preparation (English),delta-library,Quantitative Aptitude (Teacher 1),Profit and Loss,6697a90e5ba68ca75c014546,e5skzdfamz,4142.0,69.0,https://embed-cloudfront.wistia.com/deliveries/b1da16b9daf007bf9dae2f457b630fffeed9d8fa.m3u8,player,,wistia,video
Aptitude Preparation (English),delta-library,Quantitative Aptitude (Teacher 1),Ratio and Proportion,6697a0999725739dd702e806,is3i30iaxv,3729.0,62.1,https://embed-cloudfront.wistia.com/deliveries/b1da16b9daf007bf9dae2f457b630fffeed9d8fa.m3u8,player,,wistia,video
Aptitude Preparation (English),delta-library,Quantitative Aptitude (Teacher 1),Percentages,66979e8944e35db8730d8a65,vygc7pjjx6,3593.0,59.9,https://embed-cloudfront.wistia.com/deliveries/b1da16b9daf007bf9dae2f457b630fffeed9d8fa.m3u8,player,,wistia,video
Aptitude Preparation (Hinglish),plus-library,Quantitative Aptitude,Percentages,66b74b867f809db01009516b,a83aumthgn,3726.0,62.1,https://embed-cloudfront.wistia.com/deliveries/1ee4b7beeaa4e4eeb2cce41daa0037af9b9a62a2.m3u8,player,,wistia,video
Aptitude Preparation (Hinglish),plus-library,Verbal Ability,Synonyms,66b74bbc7f809db01009524a,5ysnt3frtk,488.0,8.1,https://embed-cloudfront.wistia.com/deliveries/1ee4b7beeaa4e4eeb2cce41daa0037af9b9a62a2.m3u8,player,,wistia,video
Aptitude Preparation (Hinglish),plus-library,Mentorship Sessions,Aptitude Preparation Live session by Aman sir,66bf39e42d0079c345025503,a94t2ivslh,3461.0,57.7,https://embed-cloudfront.wistia.com/deliveries/1ee4b7beeaa4e4eeb2cce41daa0037af9b9a62a2.m3u8,player,,wistia,video
Aptitude Preparation (Hinglish),plus-library,Verbal Ability,Reading Comprehension,66b74bc27f809db010095262,pn00fkfndw,1245.0,20.8,https://embed-cloudfront.wistia.com/deliveries/1ee4b7beeaa4e4eeb2cce41daa0037af9b9a62a2.m3u8,player,,wistia,video
Aptitude Preparation (Hinglish),plus-library,Verbal Ability,Active Passive,66b74bc27f809db01009525f,fw2q8az0kg,835.0,13.9,https://embed-cloudfront.wistia.com/deliveries/1ee4b7beeaa4e4eeb2cce41daa0037af9b9a62a2.m3u8,player,,wistia,video
Aptitude Preparation (Hinglish),plus-library,Verbal Ability,Substitution,66b74bc17f809db01009525c,7po96djxgp,713.0,11.9,https://embed-cloudfront.wistia.com/deliveries/1ee4b7beeaa4e4eeb2cce41daa0037af9b9a62a2.m3u8,player,,wistia,video
Aptitude Preparation (Hinglish),plus-library,Verbal Ability,Idioms and Phrases,66b74bc07f809db010095259,wviaxmme1w,701.0,11.7,https://embed-cloudfront.wistia.com/deliveries/1ee4b7beeaa4e4eeb2cce41daa0037af9b9a62a2.m3u8,player,,wistia,video
Aptitude Preparation (Hinglish),plus-library,Verbal Ability,Sentence Improvement,66b74bbf7f809db010095256,d1owwzf4i0,1763.0,29.4,https://embed-cloudfront.wistia.com/deliveries/1ee4b7beeaa4e4eeb2cce41daa0037af9b9a62a2.m3u8,player,,wistia,video
Aptitude Preparation (Hinglish),plus-library,Verbal Ability,Cloze Test,66b74bbe7f809db010095253,imm6cs7ca0,1050.0,17.5,https://embed-cloudfront.wistia.com/deliveries/1ee4b7beeaa4e4eeb2cce41daa0037af9b9a62a2.m3u8,player,,wistia,video
Aptitude Preparation (Hinglish),plus-library,Verbal Ability,Direct Indirect Speech,66b74bbe7f809db010095250,ol8y60xmj2,1353.0,22.6,https://embed-cloudfront.wistia.com/deliveries/1ee4b7beeaa4e4eeb2cce41daa0037af9b9a62a2.m3u8,player,,wistia,video
Aptitude Preparation (Hinglish),plus-library,Verbal Ability,Antonyms,66b74bbd7f809db01009524d,h3ola72nhz,680.0,11.3,https://embed-cloudfront.wistia.com/deliveries/1ee4b7beeaa4e4eeb2cce41daa0037af9b9a62a2.m3u8,player,,wistia,video
Aptitude Preparation (Hinglish),plus-library,Verbal Ability,Spotting Errors,66b74bbb7f809db010095247,9q71gdwtif,1059.0,17.6,https://embed-cloudfront.wistia.com/deliveries/1ee4b7beeaa4e4eeb2cce41daa0037af9b9a62a2.m3u8,player,,wistia,video
Aptitude Preparation (Hinglish),plus-library,Logical Reasoning,Puzzles - Days-Months based,66b74bb97f809db01009523d,du19cgfwke,2646.0,44.1,https://embed-cloudfront.wistia.com/deliveries/1ee4b7beeaa4e4eeb2cce41daa0037af9b9a62a2.m3u8,player,,wistia,video
Aptitude Preparation (Hinglish),plus-library,Logical Reasoning,Puzzles - Stack based,66b74bb87f809db010095238,6223x4iblb,1840.0,30.7,https://embed-cloudfront.wistia.com/deliveries/1ee4b7beeaa4e4eeb2cce41daa0037af9b9a62a2.m3u8,player,,wistia,video
Aptitude Preparation (Hinglish),plus-library,Logical Reasoning,Puzzles - Ordering,66b74bb67f809db010095233,ma1grmzp9o,1068.0,17.8,https://embed-cloudfront.wistia.com/deliveries/1ee4b7beeaa4e4eeb2cce41daa0037af9b9a62a2.m3u8,player,,wistia,video
Aptitude Preparation (Hinglish),plus-library,Logical Reasoning,Seating Arrangement - Circular,66b74bb57f809db01009522e,vux6lscxtn,2640.0,44.0,https://embed-cloudfront.wistia.com/deliveries/1ee4b7beeaa4e4eeb2cce41daa0037af9b9a62a2.m3u8,player,,wistia,video
Aptitude Preparation (Hinglish),plus-library,Logical Reasoning,Seating Arrangement - Linear,66b74bb47f809db010095229,ckbu13tfg5,2966.0,49.4,https://embed-cloudfront.wistia.com/deliveries/1ee4b7beeaa4e4eeb2cce41daa0037af9b9a62a2.m3u8,player,,wistia,video
Aptitude Preparation (Hinglish),plus-library,Logical Reasoning,Venn Diagrams,66b74bb27f809db010095224,2gk99x6v9h,1073.0,17.9,https://embed-cloudfront.wistia.com/deliveries/1ee4b7beeaa4e4eeb2cce41daa0037af9b9a62a2.m3u8,player,,wistia,video
Aptitude Preparation (Hinglish),plus-library,Logical Reasoning,Games and Tournaments,66b74bb17f809db01009521f,vf1fkv9mq9,1577.0,26.3,https://embed-cloudfront.wistia.com/deliveries/1ee4b7beeaa4e4eeb2cce41daa0037af9b9a62a2.m3u8,player,,wistia,video
Aptitude Preparation (Hinglish),plus-library,Logical Reasoning,Cubes,66b74bb07f809db01009521a,13l26x37uv,1532.0,25.5,https://embed-cloudfront.wistia.com/deliveries/1ee4b7beeaa4e4eeb2cce41daa0037af9b9a62a2.m3u8,player,,wistia,video
Aptitude Preparation (Hinglish),plus-library,Logical Reasoning,Calendars,66b74baf7f809db010095215,rr0cifojq9,3105.0,51.8,https://embed-cloudfront.wistia.com/deliveries/1ee4b7beeaa4e4eeb2cce41daa0037af9b9a62a2.m3u8,player,,wistia,video
Aptitude Preparation (Hinglish),plus-library,Logical Reasoning,Blood Relations,66b74bae7f809db010095210,lvtla5qnrk,3818.0,63.6,https://embed-cloudfront.wistia.com/deliveries/1ee4b7beeaa4e4eeb2cce41daa0037af9b9a62a2.m3u8,player,,wistia,video
Aptitude Preparation (Hinglish),plus-library,Logical Reasoning,Syllogism,66b74bac7f809db01009520b,jc86szodbf,3956.0,65.9,https://embed-cloudfront.wistia.com/deliveries/1ee4b7beeaa4e4eeb2cce41daa0037af9b9a62a2.m3u8,player,,wistia,video
Aptitude Preparation (Hinglish),plus-library,Logical Reasoning,Distance and Direction,66b74bab7f809db010095206,rs3oufi5k3,2790.0,46.5,https://embed-cloudfront.wistia.com/deliveries/1ee4b7beeaa4e4eeb2cce41daa0037af9b9a62a2.m3u8,player,,wistia,video
Aptitude Preparation (Hinglish),plus-library,Logical Reasoning,Coding Decoding,66b74baa7f809db010095201,r23amjkv1q,4824.0,80.4,https://embed-cloudfront.wistia.com/deliveries/1ee4b7beeaa4e4eeb2cce41daa0037af9b9a62a2.m3u8,player,,wistia,video
Aptitude Preparation (Hinglish),plus-library,Logical Reasoning,Alpha-Numeric Series,66b74ba97f809db0100951fc,02pyoz37ez,2421.0,40.4,https://embed-cloudfront.wistia.com/deliveries/1ee4b7beeaa4e4eeb2cce41daa0037af9b9a62a2.m3u8,player,,wistia,video
Aptitude Preparation (Hinglish),plus-library,Logical Reasoning,Letter Series,66b74ba87f809db0100951f7,4ss2ixpgvd,3038.0,50.6,https://embed-cloudfront.wistia.com/deliveries/1ee4b7beeaa4e4eeb2cce41daa0037af9b9a62a2.m3u8,player,,wistia,video
Aptitude Preparation (Hinglish),plus-library,Logical Reasoning,Number Series,66b74ba67f809db0100951f2,wk75cilvlg,5440.0,90.7,https://embed-cloudfront.wistia.com/deliveries/1ee4b7beeaa4e4eeb2cce41daa0037af9b9a62a2.m3u8,player,,wistia,video
Aptitude Preparation (Hinglish),plus-library,Data Interpretation,Mixed Charts,66b74ba57f809db0100951ed,my99c2r52p,6455.0,107.6,https://embed-cloudfront.wistia.com/deliveries/1ee4b7beeaa4e4eeb2cce41daa0037af9b9a62a2.m3u8,player,,wistia,video
Aptitude Preparation (Hinglish),plus-library,Data Interpretation,Pie Chart,66b74ba47f809db0100951e8,s9cqbsqna3,3524.0,58.7,https://embed-cloudfront.wistia.com/deliveries/1ee4b7beeaa4e4eeb2cce41daa0037af9b9a62a2.m3u8,player,,wistia,video
Aptitude Preparation (Hinglish),plus-library,Data Interpretation,Line Chart,66b74ba37f809db0100951e3,25fki1qd7f,2862.0,47.7,https://embed-cloudfront.wistia.com/deliveries/1ee4b7beeaa4e4eeb2cce41daa0037af9b9a62a2.m3u8,player,,wistia,video
Aptitude Preparation (Hinglish),plus-library,Data Interpretation,Bar Chart,66b74ba27f809db0100951de,see4tup2ef,1778.0,29.6,https://embed-cloudfront.wistia.com/deliveries/1ee4b7beeaa4e4eeb2cce41daa0037af9b9a62a2.m3u8,player,,wistia,video
Aptitude Preparation (Hinglish),plus-library,Data Interpretation,Tables,66b74ba07f809db0100951d9,o3zwdcj1fv,3014.0,50.2,https://embed-cloudfront.wistia.com/deliveries/1ee4b7beeaa4e4eeb2cce41daa0037af9b9a62a2.m3u8,player,,wistia,video
Aptitude Preparation (Hinglish),plus-library,Quantitative Aptitude,3D,66b74b9f7f809db0100951d4,8btltvvw9p,3344.0,55.7,https://embed-cloudfront.wistia.com/deliveries/1ee4b7beeaa4e4eeb2cce41daa0037af9b9a62a2.m3u8,player,,wistia,video
Aptitude Preparation (Hinglish),plus-library,Quantitative Aptitude,2D,66b74b9d7f809db0100951cf,bzhzq7xr2h,3693.0,61.5,https://embed-cloudfront.wistia.com/deliveries/1ee4b7beeaa4e4eeb2cce41daa0037af9b9a62a2.m3u8,player,,wistia,video
Aptitude Preparation (Hinglish),plus-library,Quantitative Aptitude,Permutation & Combination,66b74b9c7f809db0100951ca,nfjuxgv5zm,4661.0,77.7,https://embed-cloudfront.wistia.com/deliveries/1ee4b7beeaa4e4eeb2cce41daa0037af9b9a62a2.m3u8,player,,wistia,video
Aptitude Preparation (Hinglish),plus-library,Quantitative Aptitude,Probability,66b74b9b7f809db0100951c5,5cm0h4m0l7,6064.0,101.1,https://embed-cloudfront.wistia.com/deliveries/1ee4b7beeaa4e4eeb2cce41daa0037af9b9a62a2.m3u8,player,,wistia,video
Aptitude Preparation (Hinglish),plus-library,Quantitative Aptitude,HCF and LCM,66b74b9a7f809db0100951c0,ql56c0p8ux,3121.0,52.0,https://embed-cloudfront.wistia.com/deliveries/1ee4b7beeaa4e4eeb2cce41daa0037af9b9a62a2.m3u8,player,,wistia,video
Aptitude Preparation (Hinglish),plus-library,Quantitative Aptitude,Divisibility,66b74b997f809db0100951bb,qh3q9sovwd,2789.0,46.5,https://embed-cloudfront.wistia.com/deliveries/1ee4b7beeaa4e4eeb2cce41daa0037af9b9a62a2.m3u8,player,,wistia,video
Aptitude Preparation (Hinglish),plus-library,Quantitative Aptitude,Cyclicity,66b74b987f809db0100951b6,xepnezlvbc,1721.0,28.7,https://embed-cloudfront.wistia.com/deliveries/1ee4b7beeaa4e4eeb2cce41daa0037af9b9a62a2.m3u8,player,,wistia,video
Aptitude Preparation (Hinglish),plus-library,Quantitative Aptitude,Numbers,66b74b977f809db0100951b1,2wk9p7q7wz,3424.0,57.1,https://embed-cloudfront.wistia.com/deliveries/1ee4b7beeaa4e4eeb2cce41daa0037af9b9a62a2.m3u8,player,,wistia,video
Aptitude Preparation (Hinglish),plus-library,Quantitative Aptitude,Boat & Streams,66b74b957f809db0100951ac,fs9mblxjm5,2800.0,46.7,https://embed-cloudfront.wistia.com/deliveries/1ee4b7beeaa4e4eeb2cce41daa0037af9b9a62a2.m3u8,player,,wistia,video
Aptitude Preparation (Hinglish),plus-library,Quantitative Aptitude,Trains,66b74b947f809db0100951a7,tdly4ry94v,3119.0,52.0,https://embed-cloudfront.wistia.com/deliveries/1ee4b7beeaa4e4eeb2cce41daa0037af9b9a62a2.m3u8,player,,wistia,video
Aptitude Preparation (Hinglish),plus-library,Quantitative Aptitude,"Time, Speed and Distance",66b74b937f809db0100951a2,sy5gje4xcm,7570.0,126.2,https://embed-cloudfront.wistia.com/deliveries/1ee4b7beeaa4e4eeb2cce41daa0037af9b9a62a2.m3u8,player,,wistia,video
Aptitude Preparation (Hinglish),plus-library,Quantitative Aptitude,Pipes and Cistern,66b74b927f809db01009519d,kx28nxsz3u,3450.0,57.5,https://embed-cloudfront.wistia.com/deliveries/1ee4b7beeaa4e4eeb2cce41daa0037af9b9a62a2.m3u8,player,,wistia,video
Aptitude Preparation (Hinglish),plus-library,Quantitative Aptitude,Time Work,66b74b907f809db010095198,v4cg0as4t6,5828.0,97.1,https://embed-cloudfront.wistia.com/deliveries/1ee4b7beeaa4e4eeb2cce41daa0037af9b9a62a2.m3u8,player,,wistia,video
Aptitude Preparation (Hinglish),plus-library,Quantitative Aptitude,Mixture and Alligation,66b74b8f7f809db010095193,xuskdgde1u,3328.0,55.5,https://embed-cloudfront.wistia.com/deliveries/1ee4b7beeaa4e4eeb2cce41daa0037af9b9a62a2.m3u8,player,,wistia,video
Aptitude Preparation (Hinglish),plus-library,Quantitative Aptitude,Partnership,66b74b8e7f809db01009518e,1t02gu4otl,2995.0,49.9,https://embed-cloudfront.wistia.com/deliveries/1ee4b7beeaa4e4eeb2cce41daa0037af9b9a62a2.m3u8,player,,wistia,video
Aptitude Preparation (Hinglish),plus-library,Quantitative Aptitude,Ages,66b74b8d7f809db010095189,zojiqwgaxv,2657.0,44.3,https://embed-cloudfront.wistia.com/deliveries/1ee4b7beeaa4e4eeb2cce41daa0037af9b9a62a2.m3u8,player,,wistia,video
Aptitude Preparation (Hinglish),plus-library,Quantitative Aptitude,Averages,66b74b8c7f809db010095184,zumros3c9q,4809.0,80.2,https://embed-cloudfront.wistia.com/deliveries/1ee4b7beeaa4e4eeb2cce41daa0037af9b9a62a2.m3u8,player,,wistia,video
Aptitude Preparation (Hinglish),plus-library,Quantitative Aptitude,Profit and Loss,66b74b8b7f809db01009517f,ego02ed5q0,5915.0,98.6,https://embed-cloudfront.wistia.com/deliveries/1ee4b7beeaa4e4eeb2cce41daa0037af9b9a62a2.m3u8,player,,wistia,video
Aptitude Preparation (Hinglish),plus-library,Quantitative Aptitude,Ratio and Proportion,66b74b8a7f809db01009517a,b9osjdf3q2,3335.0,55.6,https://embed-cloudfront.wistia.com/deliveries/1ee4b7beeaa4e4eeb2cce41daa0037af9b9a62a2.m3u8,player,,wistia,video
Aptitude Preparation (Hinglish),plus-library,Quantitative Aptitude,Compound Interest,66b74b897f809db010095175,15ydthsmb2,5524.0,92.1,https://embed-cloudfront.wistia.com/deliveries/1ee4b7beeaa4e4eeb2cce41daa0037af9b9a62a2.m3u8,player,,wistia,video
Aptitude Preparation (Hinglish),plus-library,Quantitative Aptitude,Simple Interest,66b74b877f809db010095170,yqv6v5q253,3462.0,57.7,https://embed-cloudfront.wistia.com/deliveries/1ee4b7beeaa4e4eeb2cce41daa0037af9b9a62a2.m3u8,player,,wistia,video
Aptitude Preparation (Hinglish),plus-library,Quantitative Aptitude,Simplification,66b74b857f809db010095166,3l6w1q03q7,2102.0,35.0,https://embed-cloudfront.wistia.com/deliveries/1ee4b7beeaa4e4eeb2cce41daa0037af9b9a62a2.m3u8,player,,wistia,video
Aptitude Preparation (Hinglish),plus-library,Quantitative Aptitude,Basic Calculation Tricks,66b74b857f809db010095165,e1z3ax0mpg,3047.0,50.8,https://embed-cloudfront.wistia.com/deliveries/1ee4b7beeaa4e4eeb2cce41daa0037af9b9a62a2.m3u8,player,,wistia,video
Sigma 8.0,sigma-8,Supplement : Redux & Redux Toolkit,Delete Todo,68d3fa0826af06db09016812,fk6nknvz5h,463.0,7.7,https://embed-cloudfront.wistia.com/deliveries/d8a5c5e5c4135f7b668d0be9f3308a6918e88130.m3u8,player,,wistia,video
Sigma 8.0,sigma-8,Supplement : Redux & Redux Toolkit,AddTodo (Dispatching Actions),68d3fa0826af06db09016811,ri7yw7knn1,515.0,8.6,https://embed-cloudfront.wistia.com/deliveries/109ab88de02d8505ae7d6afe8b1ebc228f08d55b.m3u8,player,,wistia,video
Sigma 8.0,sigma-8,Supplement : Redux & Redux Toolkit,Todo Component (Provider & useSelector),68d3fa0826af06db09016810,qgmui16li6,511.0,8.5,https://embed-cloudfront.wistia.com/deliveries/671b6344364291ecd254455ccf5e127b1070ffd4.m3u8,player,,wistia,video
Sigma 8.0,sigma-8,Supplement : Redux & Redux Toolkit,Creating Reducers,68d3fa0826af06db0901680f,n2zyjawgmi,1168.0,19.5,https://embed-cloudfront.wistia.com/deliveries/5fd380747ddd7ae4238064e50a578890631dff05.m3u8,player,,wistia,video
Sigma 8.0,sigma-8,Supplement : Redux & Redux Toolkit,Deciding Actions,68d3fa0826af06db0901680e,pgyyvg2m6o,284.0,4.7,https://embed-cloudfront.wistia.com/deliveries/efcac4248e1be8fb7b12deeaecf4c729f9efa42e.m3u8,player,,wistia,video
Sigma 8.0,sigma-8,Supplement : Redux & Redux Toolkit,Configuring Store,68d3fa0826af06db0901680d,g9txxm3n9w,402.0,6.7,https://embed-cloudfront.wistia.com/deliveries/94dd8a8b57792677a7c66bfa1896cfa5deb7c063.m3u8,player,,wistia,video
Sigma 8.0,sigma-8,Supplement : Redux & Redux Toolkit,Setup Project,68d3fa0826af06db0901680c,ii4u1p1vgt,211.0,3.5,https://embed-cloudfront.wistia.com/deliveries/c635508183f8f0943d7d4567986ae21e71133a4c.m3u8,player,,wistia,video
Sigma 8.0,sigma-8,Supplement : Redux & Redux Toolkit,Understanding Terms,68d3fa0826af06db0901680b,ii6bc1g6f0,245.0,4.1,https://embed-cloudfront.wistia.com/deliveries/4f43520a2bc68fefa0a9ab97ae6281b8e60beee2.m3u8,player,,wistia,video
Sigma 8.0,sigma-8,Supplement : Redux & Redux Toolkit,What is Redux-,68d3fa0826af06db0901680a,v8uu56lx9r,875.0,14.6,https://embed-cloudfront.wistia.com/deliveries/a5913658b9a0f596b6749dd3a8b3f929dea9a631.m3u8,player,,wistia,video
Sigma 8.0,sigma-8,Tailwind,Design a Card in Tailwind,68d3fa0826af06db09016809,5ontnjieof,1041.0,17.4,https://embed-cloudfront.wistia.com/deliveries/c2cc41c0b780edb0f706f4840402771b76dd0c6b.m3u8,player,,wistia,video
Sigma 8.0,sigma-8,Tailwind,Apply Directive,68d3fa0826af06db09016808,p0zruxts9x,342.0,5.7,https://embed-cloudfront.wistia.com/deliveries/f40901ffcc4add5ca12be9c752e6ee73be28b40e.m3u8,player,,wistia,video
Sigma 8.0,sigma-8,Tailwind,Breakpoints in Tailwind,68d3fa0826af06db09016807,dzw4bwn8xp,253.0,4.2,https://embed-cloudfront.wistia.com/deliveries/348a1826d94ccdee2ea1242510e280821bde32f3.m3u8,player,,wistia,video
Sigma 8.0,sigma-8,Tailwind,Colors & Spacing,68d3fa0826af06db09016806,9syzoh23hf,1272.0,21.2,https://embed-cloudfront.wistia.com/deliveries/9d493f93c00e4c687bc9c66de71410126019af7d.m3u8,player,,wistia,video
Sigma 8.0,sigma-8,Tailwind,Typography & Styling,68d3fa0826af06db09016805,pyn4neoymm,699.0,11.7,https://embed-cloudfront.wistia.com/deliveries/4d5261d27235eac4c7fe2fa620407c0b135472bd.m3u8,player,,wistia,video
Sigma 8.0,sigma-8,Tailwind,Tailwind CLI,68d3fa0826af06db09016804,evn5ufgz6f,586.0,9.8,https://embed-cloudfront.wistia.com/deliveries/db97a1cbf4fa4da720af69d6b8ae165e59d8ff63.m3u8,player,,wistia,video
Sigma 8.0,sigma-8,Tailwind,Introduction to Tailwind,68d3fa0826af06db09016803,x40uj8jslk,719.0,12.0,https://embed-cloudfront.wistia.com/deliveries/71e2c73fa44865e6c18b16dc12b5d89b9fb93c10.m3u8,player,,wistia,video
Sigma 8.0,sigma-8,React (Major-Project),Added Feature,68d3fa0826af06db09016802,vawttplzk8,418.0,7.0,https://embed-cloudfront.wistia.com/deliveries/5ef1a098474bd12a6b46f5ae9026413937cafeb9.m3u8,player,,wistia,video
Sigma 8.0,sigma-8,React (Major-Project),Weather App Component,68d3fa0826af06db09016801,hjbrjeyypc,731.0,12.2,https://embed-cloudfront.wistia.com/deliveries/773b297c16b4148fadb620a72c4325b82bad41ea.m3u8,player,,wistia,video
Sigma 8.0,sigma-8,React (Major-Project),Building Info Box,68d3fa0826af06db09016800,2o2pt2ciyn,715.0,11.9,https://embed-cloudfront.wistia.com/deliveries/bf12a9f3b4667ad6682dcc51f26b280244886c16.m3u8,player,,wistia,video
Sigma 8.0,sigma-8,React (Major-Project),Using Weather API,68d3fa0826af06db090167ff,utsgl1nljr,888.0,14.8,https://embed-cloudfront.wistia.com/deliveries/52f47a81c7bcadccf58abadbf4607a723ad6b3b4.m3u8,player,,wistia,video
Sigma 8.0,sigma-8,React (Major-Project),Building Search Box,68d3fa0826af06db090167fe,is38j2wjex,684.0,11.4,https://embed-cloudfront.wistia.com/deliveries/c4d7e67146830ee7e96f34825237d5a8a9a052d4.m3u8,player,,wistia,video
Sigma 8.0,sigma-8,React (Major-Project),Material UI,68d3fa0826af06db090167fd,acm1j41ylo,948.0,15.8,https://embed-cloudfront.wistia.com/deliveries/2ddb94e1a30c7b2eba49fdfe1561b8bda19813c5.m3u8,player,,wistia,video
Sigma 8.0,sigma-8,React (Part 6),Use Cases,68d3fa0826af06db090167fc,rwfpdm1q0v,739.0,12.3,https://embed-cloudfront.wistia.com/deliveries/43c0e53e2eb95802d27033e77d14647573c0b2fe.m3u8,player,,wistia,video
Sigma 8.0,sigma-8,React (Part 6),Dependencies in useEffect( ),68d3fa0826af06db090167fb,zjmt2jajqh,213.0,3.5,https://embed-cloudfront.wistia.com/deliveries/643900da30f88b8510a904844f360f968070e6b1.m3u8,player,,wistia,video
Sigma 8.0,sigma-8,React (Part 6),useEffect( ),68d3fa0826af06db090167fa,c6i6unqvzv,431.0,7.2,https://embed-cloudfront.wistia.com/deliveries/22dcda59473a9cb38fd890482838700ba21bb660.m3u8,player,,wistia,video
Sigma 8.0,sigma-8,React (Part 6),Validations,68d3fa0826af06db090167f9,7os8jzsxf4,769.0,12.8,https://embed-cloudfront.wistia.com/deliveries/00e50b2febb508e06d4eaae934b74c6b81ed90a1.m3u8,player,,wistia,video
Sigma 8.0,sigma-8,React (Part 6),Show Comments,68d3fa0826af06db090167f8,1ykjjond26,861.0,14.3,https://embed-cloudfront.wistia.com/deliveries/dfbf6226ea65339f0cb03ceca72ad879bce7b8e7.m3u8,player,,wistia,video
Sigma 8.0,sigma-8,React (Part 6),Comments Form,68d3fa0826af06db090167f7,z4y61yvusf,674.0,11.2,https://embed-cloudfront.wistia.com/deliveries/185da456284909f86d5683ffd0f8dc18fc9805db.m3u8,player,,wistia,video
Sigma 8.0,sigma-8,React (Part 6),Handling Multiple Inputs,68d3fa0826af06db090167f6,hy0g5eqlku,1039.0,17.3,https://embed-cloudfront.wistia.com/deliveries/f97ccfd2b6beba2ba7818961e4f86b794c04d7bf.m3u8,player,,wistia,video
Sigma 8.0,sigma-8,React (Part 6),Labels in React,68d3fa0826af06db090167f5,89lh8fsgg4,122.0,2.0,https://embed-cloudfront.wistia.com/deliveries/b693906623bea06dbafa1466a0afb8950eefbc12.m3u8,player,,wistia,video
Sigma 8.0,sigma-8,React (Part 6),Forms in React,68d3fa0826af06db090167f4,guhw2i2jxe,851.0,14.2,https://embed-cloudfront.wistia.com/deliveries/e9ba9c7f50c856119da8292f6b3d4ce878f56ab2.m3u8,player,,wistia,video
Sigma 8.0,sigma-8,React (Part 5),Functions as Props,68d3fa0826af06db090167f3,74yflm0r2v,589.0,9.8,https://embed-cloudfront.wistia.com/deliveries/9202e7ccbfec1610aac4edb3b72ca3167341ab96.m3u8,player,,wistia,video
Sigma 8.0,sigma-8,React (Part 5),Lottery Component,68d3fa0826af06db090167f2,n1ao7hgtu0,298.0,5.0,https://embed-cloudfront.wistia.com/deliveries/fa1744440bb93387d94021fd41819b2082d8502f.m3u8,player,,wistia,video
Sigma 8.0,sigma-8,React (Part 5),Ticket Component,68d3fa0826af06db090167f1,gi8ga2zsna,538.0,9.0,https://embed-cloudfront.wistia.com/deliveries/dfae33818f045e8adbb8674ca42feb6b6bbfb2be.m3u8,player,,wistia,video
Sigma 8.0,sigma-8,React (Part 5),Component Types,68d3fa0826af06db090167f0,arg0x3mva9,324.0,5.4,https://embed-cloudfront.wistia.com/deliveries/9ea8d17a9535761287826e195b0034e2625aefb0.m3u8,player,,wistia,video
Sigma 8.0,sigma-8,React (Part 5),Changes to Lottery Game,68d3fa0826af06db090167ef,oxdzk9uk30,769.0,12.8,https://embed-cloudfront.wistia.com/deliveries/8e970b5ce5ed18a029c0106a3a0d31dc81bf93f7.m3u8,player,,wistia,video
Sigma 8.0,sigma-8,React (Part 5),Lottery Game (Part b),68d3fa0826af06db090167ee,9giy9lv015,384.0,6.4,https://embed-cloudfront.wistia.com/deliveries/30265faa0c7680bd2d4d37e3762c548530fe8f67.m3u8,player,,wistia,video
Sigma 8.0,sigma-8,React (Part 5),Lottery Game (Part a),68d3fa0826af06db090167ed,4z93m00hon,609.0,10.2,https://embed-cloudfront.wistia.com/deliveries/51e0f9e505135044c69a3163cabaf7057706f805.m3u8,player,,wistia,video
Sigma 8.0,sigma-8,React (Part 5),Todo Solution - Mark as Done Feature,68d3fa0826af06db090167ec,z771gmrti1,476.0,7.9,https://embed-cloudfront.wistia.com/deliveries/6186b60d87eab19fdea5dfce94ddec8728e81deb.m3u8,player,,wistia,video
Sigma 8.0,sigma-8,React (Part 4),Add a -Mark as Done- Feature to Todo,68d3fa0826af06db090167ea,l978s9o5ij,155.0,2.6,https://embed-cloudfront.wistia.com/deliveries/b17bdbe6c8f9de631a5cc221268c0f8499f3f4b9.m3u8,player,,wistia,video
Sigma 8.0,sigma-8,React (Part 4),Update One in Array,68d3fa0826af06db090167e9,i5q5v1hr2r,220.0,3.7,https://embed-cloudfront.wistia.com/deliveries/1acb3196eaab1c10f799ebc1ddfcf05468d9ec2a.m3u8,player,,wistia,video
Sigma 8.0,sigma-8,React (Part 4),Update All in Array,68d3fa0826af06db090167e8,y7uode5dn6,347.0,5.8,https://embed-cloudfront.wistia.com/deliveries/e80be36754435a330a314699239b89af481da0a1.m3u8,player,,wistia,video
Sigma 8.0,sigma-8,React (Part 4),Deleting from Arrays,68d3fa0826af06db090167e7,teldktkmez,534.0,8.9,https://embed-cloudfront.wistia.com/deliveries/b66c08c98a5f343e8c9130a078487d3b6ebc03f2.m3u8,player,,wistia,video
Sigma 8.0,sigma-8,React (Part 4),Unique Key for List Items,68d3fa0826af06db090167e6,f7ubavy8v7,370.0,6.2,https://embed-cloudfront.wistia.com/deliveries/4a1cdec2ccbe238dc26346f51596bcd98c5827c7.m3u8,player,,wistia,video
Sigma 8.0,sigma-8,React (Part 4),Activity - Create a Todo,68d3fa0826af06db090167e5,a825i8tzje,974.0,16.2,https://embed-cloudfront.wistia.com/deliveries/39a950aef6fbee6f7b50e903030b039ae4a45c23.m3u8,player,,wistia,video
Sigma 8.0,sigma-8,React (Part 4),Arrays & State,68d3fa0826af06db090167e4,beo1099wxc,239.0,4.0,https://embed-cloudfront.wistia.com/deliveries/8272ef475ce59369116d2b6f375162f7007dcda4.m3u8,player,,wistia,video
Sigma 8.0,sigma-8,React (Part 4),Objects & State,68d3fa0826af06db090167e3,3wonpy2pw0,890.0,14.8,https://embed-cloudfront.wistia.com/deliveries/92479b16bcb0735b4b7fee1d2de102c67d21f97a.m3u8,player,,wistia,video
Sigma 8.0,sigma-8,React (Part 3),More about State,68d3fa0826af06db090167e2,wwmmfy0cd6,377.0,6.3,https://embed-cloudfront.wistia.com/deliveries/28e4336cdd2d40b9a432914888e7ff86d2eb3efe.m3u8,player,,wistia,video
Sigma 8.0,sigma-8,React (Part 3),Callback in Set State Function,68d3fa0826af06db090167e1,m585p9eow1,314.0,5.2,https://embed-cloudfront.wistia.com/deliveries/30906928e9187b4202182574b7fa6a36c7ea7df5.m3u8,player,,wistia,video
Sigma 8.0,sigma-8,React (Part 3),Re-render - How does it work-,68d3fa0826af06db090167e0,iz2n2vjmjz,305.0,5.1,https://embed-cloudfront.wistia.com/deliveries/031278cc10c9efa18922df5a12d02f49a195379c.m3u8,player,,wistia,video
Sigma 8.0,sigma-8,React (Part 3),Closure in JS,68d3fa0826af06db090167df,dt6964tm08,363.0,6.0,https://embed-cloudfront.wistia.com/deliveries/1e2d4ccc3062a255a9f8909dbf18190627062475.m3u8,player,,wistia,video
Sigma 8.0,sigma-8,React (Part 3),Activity - Create LikeButton,68d3fa0826af06db090167de,usofsc3v98,717.0,11.9,https://embed-cloudfront.wistia.com/deliveries/a041a5adcad62432b3a2b6761f8d2f3d7f6d501d.m3u8,player,,wistia,video
Sigma 8.0,sigma-8,React (Part 3),useState( ),68d3fa0826af06db090167dd,zdeu855ixu,578.0,9.6,https://embed-cloudfront.wistia.com/deliveries/721071c93094035b5d386e6de59837173958b2e1.m3u8,player,,wistia,video
Sigma 8.0,sigma-8,React (Part 3),Hooks,68d3fa0826af06db090167dc,r2wcxtv140,103.0,1.7,https://embed-cloudfront.wistia.com/deliveries/7a9f01a21bac9d2fd1abd6b732501b0f902545d5.m3u8,player,,wistia,video
Sigma 8.0,sigma-8,React (Part 3),State in React,68d3fa0826af06db090167db,fqimb4ht3k,540.0,9.0,https://embed-cloudfront.wistia.com/deliveries/d2318e6e05ff96ccb79470a2849a4e8e4ac30823.m3u8,player,,wistia,video
Sigma 8.0,sigma-8,React (Part 3),Event Object,68d3fa0826af06db090167da,yodcu6w0m1,387.0,6.5,https://embed-cloudfront.wistia.com/deliveries/88ae742b403623e00d5c39dd9b93f379392a040c.m3u8,player,,wistia,video
Sigma 8.0,sigma-8,React (Part 3),Handling Non-Click Events,68d3fa0826af06db090167d9,gzl8em1tqp,278.0,4.6,https://embed-cloudfront.wistia.com/deliveries/8ce7a529b6be23ece9c6ab1caaa2240ab67d3a4b.m3u8,player,,wistia,video
Sigma 8.0,sigma-8,React (Part 3),Handling Click Events,68d3fa0826af06db090167d8,0sp5lg81b0,272.0,4.5,https://embed-cloudfront.wistia.com/deliveries/694d230ebf8669496f0c6ea6ed14c1e6d09e2cb5.m3u8,player,,wistia,video
Sigma 8.0,sigma-8,React (Part 2),Activity - Amazon Cards,68d3fa0826af06db090167d7,my4w395r20,1397.0,23.3,https://embed-cloudfront.wistia.com/deliveries/cbfef37858d091292b582a885985a04df2d131b5.m3u8,player,,wistia,video
Sigma 8.0,sigma-8,React (Part 2),Install React Developer Tools,68d3fa0726af06db090167d6,b6anas0bh1,254.0,4.2,https://embed-cloudfront.wistia.com/deliveries/4861dd049f759cd878f1120f8415ac5105bb7bc8.m3u8,player,,wistia,video
Sigma 8.0,sigma-8,React (Part 2),Activity,68d3fa0726af06db090167d5,jfpodmzbld,247.0,4.1,https://embed-cloudfront.wistia.com/deliveries/b980f2977dbd509e482c4e0fc646eb1bacca376e.m3u8,player,,wistia,video
Sigma 8.0,sigma-8,React (Part 2),Dynamic Component Styling,68d3fa0726af06db090167d4,xi0dt5mms5,305.0,5.1,https://embed-cloudfront.wistia.com/deliveries/ba884aae0b546deb7f12abd99bdc546efe35068c.m3u8,player,,wistia,video
Sigma 8.0,sigma-8,React (Part 2),Conditionals,68d3fa0726af06db090167d3,8x01ev1kwg,435.0,7.2,https://embed-cloudfront.wistia.com/deliveries/2a69bbdff025e2d57f5adbb6148d47f8e83e4ea0.m3u8,player,,wistia,video
Sigma 8.0,sigma-8,React (Part 2),Rendering Arrays,68d3fa0726af06db090167d2,mws1rfts5g,257.0,4.3,https://embed-cloudfront.wistia.com/deliveries/5eba12623c795a88fc028767a408a3d016de650a.m3u8,player,,wistia,video
Sigma 8.0,sigma-8,React (Part 2),Passing Arrays to Props,68d3fa0726af06db090167d1,wi9k0tfzc2,348.0,5.8,https://embed-cloudfront.wistia.com/deliveries/60b0704f4e0a44d996d351b8afe8bf3680ce4c27.m3u8,player,,wistia,video
Sigma 8.0,sigma-8,React (Part 2),React Props,68d3fa0726af06db090167d0,t3nrugf6l0,714.0,11.9,https://embed-cloudfront.wistia.com/deliveries/4f87ab63aa21cabda004e564ea108603c9d2b960.m3u8,player,,wistia,video
Sigma 8.0,sigma-8,React (Part 1),Style Components,68d3fa0726af06db090167cf,v10b0fe9xc,349.0,5.8,https://embed-cloudfront.wistia.com/deliveries/7dea628b178f26551346155365004337160c6491.m3u8,player,,wistia,video
Sigma 8.0,sigma-8,React (Part 1),Structuring Components,68d3fa0726af06db090167ce,y87fix5f0u,353.0,5.9,https://embed-cloudfront.wistia.com/deliveries/aeb5606dfff1738558e22b44bad1344d6e5f63ce.m3u8,player,,wistia,video
Sigma 8.0,sigma-8,React (Part 1),JSX with Curly Braces,68d3fa0726af06db090167cd,8ik21xn74h,147.0,2.5,https://embed-cloudfront.wistia.com/deliveries/5a74956aef852970a18e8009cd390a4ed808b141.m3u8,player,,wistia,video
Sigma 8.0,sigma-8,React (Part 1),React Fragment,68d3fa0726af06db090167cc,t9bq4re6ea,110.0,1.8,https://embed-cloudfront.wistia.com/deliveries/2e05fa16e087c98e19403f8fbe38ba4d71e7e403.m3u8,player,,wistia,video
Sigma 8.0,sigma-8,React (Part 1),Writing Markup in JSX,68d3fa0726af06db090167cb,xrgiwaj7zr,352.0,5.9,https://embed-cloudfront.wistia.com/deliveries/177039fccc532bf7d4e2e6ffc24318e4431ac613.m3u8,player,,wistia,video
Sigma 8.0,sigma-8,React (Part 1),Import-Export,68d3fa0726af06db090167ca,xuawik3rbu,285.0,4.8,https://embed-cloudfront.wistia.com/deliveries/564f8c9f2864c1aa6bdde875a3f48c06595eec97.m3u8,player,,wistia,video
Sigma 8.0,sigma-8,React (Part 1),Our 1st Component,68d3fa0726af06db090167c9,i95l7ypjws,526.0,8.8,https://embed-cloudfront.wistia.com/deliveries/ad414a68f72182474b5fa1e9ad2cc381d1d93cad.m3u8,player,,wistia,video
Sigma 8.0,sigma-8,React (Part 1),Re-write App,68d3fa0726af06db090167c8,oiv6k5uhyp,195.0,3.2,https://embed-cloudfront.wistia.com/deliveries/fcafe1601127dd76e8fb66bf27e90debbd774f78.m3u8,player,,wistia,video
Sigma 8.0,sigma-8,React (Part 1),Understanding our App,68d3fa0726af06db090167c7,so4m01no1r,502.0,8.4,https://embed-cloudfront.wistia.com/deliveries/4a30c8c05a633da96a98a5cd6f57cda860b2dc9c.m3u8,player,,wistia,video
Sigma 8.0,sigma-8,React (Part 1),Set up Local Environment,68d3fa0726af06db090167c6,tmx34tqxyw,404.0,6.7,https://embed-cloudfront.wistia.com/deliveries/e098739379839cc3973a1b8900a5c3f5d36af9a4.m3u8,player,,wistia,video
Sigma 8.0,sigma-8,React (Part 1),What is JSX-,68d3fa0726af06db090167c5,ya4eyet1bd,221.0,3.7,https://embed-cloudfront.wistia.com/deliveries/786bc01f9d72bcfca0caa1c3fda87fbdee37b742.m3u8,player,,wistia,video
Sigma 8.0,sigma-8,React (Part 1),What is React-,68d3fa0726af06db090167c4,bg6w0q3cm5,784.0,13.1,https://embed-cloudfront.wistia.com/deliveries/2b0e8358c0c2081ba3b79895d21cfe445033e141.m3u8,player,,wistia,video
Sigma 8.0,sigma-8,Project - Phase 3 (Part d),Create New Service,68cec9abe9377dfefd0694d9,famep2b2tx,527.0,8.8,https://embed-cloudfront.wistia.com/deliveries/d80e07f5b3e0a00ad00543170616386d42f55433.m3u8,player,,wistia,video
Sigma 8.0,sigma-8,Project - Phase 3 (Part d),Connect Render with Github,68cec9abe9377dfefd0694d8,50spoo9e92,253.0,4.2,https://embed-cloudfront.wistia.com/deliveries/c8e21a53a05a1477befc51922a2f2545a6423874.m3u8,player,,wistia,video
Sigma 8.0,sigma-8,Project - Phase 3 (Part d),Push code to Github,68cec9abe9377dfefd0694d7,339nbu31t1,398.0,6.6,https://embed-cloudfront.wistia.com/deliveries/543b2736092a06432b016e0108c776262e777cf4.m3u8,player,,wistia,video
Sigma 8.0,sigma-8,Project - Phase 3 (Part d),Deployment with Render,68cec9abe9377dfefd0694d6,9zh7bx8bu9,236.0,3.9,https://embed-cloudfront.wistia.com/deliveries/59a737431740eed7a78054378d3695efac38ae90.m3u8,player,,wistia,video
Sigma 8.0,sigma-8,Project - Phase 3 (Part d),Mongo Session Store,68cec9abe9377dfefd0694d5,tfpj3a7viw,680.0,11.3,https://embed-cloudfront.wistia.com/deliveries/3da76344209cf1b6f6e42927d60499a89226e59a.m3u8,player,,wistia,video
Sigma 8.0,sigma-8,Project - Phase 3 (Part d),Using Mongo Atlas,68cec9abe9377dfefd0694d4,dj8svy2t10,971.0,16.2,https://embed-cloudfront.wistia.com/deliveries/3ef4e441a94c60c9d3abb5bc06c771232e1b24f9.m3u8,player,,wistia,video
Sigma 8.0,sigma-8,Project - Phase 3 (Part c),Add UI for Search,68cec9abe9377dfefd0694d3,zi3ayj5ryx,512.0,8.5,https://embed-cloudfront.wistia.com/deliveries/091ee96370dc534ae8927e265c710ab50d53e105.m3u8,player,,wistia,video
Sigma 8.0,sigma-8,Project - Phase 3 (Part c),Making Tax Switch Functional,68cec9abe9377dfefd0694d2,7x3sm1qy6f,612.0,10.2,https://embed-cloudfront.wistia.com/deliveries/d66adace001e884ad4ed2db52631388dd3ff719a.m3u8,player,,wistia,video
Sigma 8.0,sigma-8,Project - Phase 3 (Part c),Add UI for Tax Switch,68cec9abe9377dfefd0694d1,fjw51ngkmv,502.0,8.4,https://embed-cloudfront.wistia.com/deliveries/735215e833230c7cd2b5750411167257b9af5297.m3u8,player,,wistia,video
Sigma 8.0,sigma-8,Project - Phase 3 (Part c),Add UI for Filters,68cec9abe9377dfefd0694d0,8gxw5b4y7p,554.0,9.2,https://embed-cloudfront.wistia.com/deliveries/164b8dbcb899ea934cd68e36df2d1faf292bcc26.m3u8,player,,wistia,video
Sigma 8.0,sigma-8,Project - Phase 3 (Part c),Fixing Home Page,68cec9abe9377dfefd0694cf,pa1pnfj8aa,227.0,3.8,https://embed-cloudfront.wistia.com/deliveries/6be2e772c591a8350a5189212ed4afc3631d58ab.m3u8,player,,wistia,video
Sigma 8.0,sigma-8,Project - Phase 3 (Part b),Map Popup,68cec9abe9377dfefd0694ce,d8k0vm68ic,472.0,7.9,https://embed-cloudfront.wistia.com/deliveries/5ab083071684cc04c98785ab71afbd4f4a621587.m3u8,player,,wistia,video
Sigma 8.0,sigma-8,Project - Phase 3 (Part b),Map Marker,68cec9abe9377dfefd0694cd,cjdcig4z2e,462.0,7.7,https://embed-cloudfront.wistia.com/deliveries/6e62c8f4aae406271697ba74102f538adb86fb25.m3u8,player,,wistia,video
Sigma 8.0,sigma-8,Project - Phase 3 (Part b),Storing Coordinates,68cec9abe9377dfefd0694cc,3oenoz3z6u,495.0,8.2,https://embed-cloudfront.wistia.com/deliveries/b798fc96e0bf7fb6c4e8ade6f8f87f51b9459627.m3u8,player,,wistia,video
Sigma 8.0,sigma-8,Project - Phase 3 (Part b),Geocoding,68cec9abe9377dfefd0694cb,ukkkquocp3,1163.0,19.4,https://embed-cloudfront.wistia.com/deliveries/a5db0eae073201258783473577fcd915ec8310d3.m3u8,player,,wistia,video
Sigma 8.0,sigma-8,Project - Phase 3 (Part b),Our First Map,68cec9abe9377dfefd0694ca,amni959m38,1085.0,18.1,https://embed-cloudfront.wistia.com/deliveries/9406377da173d39c8b22ffb0f602ea88b78d8ad7.m3u8,player,,wistia,video
Sigma 8.0,sigma-8,Project - Phase 3 (Part b),Getting Started with Maps,68cec9abe9377dfefd0694c9,7tamwifup0,376.0,6.3,https://embed-cloudfront.wistia.com/deliveries/13fb142289a0dc56274b630938396f591e62b1b3.m3u8,player,,wistia,video
Sigma 8.0,sigma-8,Project - Phase 3 (Part b),Image Preview for Edit Page,68cec9abe9377dfefd0694c8,p2bgqq52bv,530.0,8.8,https://embed-cloudfront.wistia.com/deliveries/7516865892411f00f5de693b88a47cba5b023c9f.m3u8,player,,wistia,video
Sigma 8.0,sigma-8,Project - Phase 3 (Part b),Edit Listing Image,68cec9abe9377dfefd0694c7,nobbh6n9h9,424.0,7.1,https://embed-cloudfront.wistia.com/deliveries/06be800925352be5e5ec612a4c714a9e91add2af.m3u8,player,,wistia,video
Sigma 8.0,sigma-8,Project - Phase 3 (Part a),Display Image,68af143f5b988143e602fb99,69nfpysdrl,293.0,4.9,https://embed-cloudfront.wistia.com/deliveries/1b27d3d29b3802f48a40300795ca02f08e07196e.m3u8,player,,wistia,video
Sigma 8.0,sigma-8,Project - Phase 3 (Part a),Save Link in Mongo,68af143f5b988143e602fb98,0795a0xhod,456.0,7.6,https://embed-cloudfront.wistia.com/deliveries/de0adb835c49ecc3f26b50bf8f911ab865322c4b.m3u8,player,,wistia,video
Sigma 8.0,sigma-8,Project - Phase 3 (Part a),Store Files,68af143f5b988143e602fb97,j42xk9qts6,628.0,10.5,https://embed-cloudfront.wistia.com/deliveries/ed6640e8623335045da61fb9095a5a4d6eb32b02.m3u8,player,,wistia,video
Sigma 8.0,sigma-8,Project - Phase 3 (Part a),Cloud Setup,68af143f5b988143e602fb96,70kv0wx8cd,612.0,10.2,https://embed-cloudfront.wistia.com/deliveries/6612d6e7a7b1ce4e1cbc4868f12924dedfe472ae.m3u8,player,,wistia,video
Sigma 8.0,sigma-8,Project - Phase 3 (Part a),Manipulating Form,68af143f5b988143e602fb95,ob4897uko2,638.0,10.6,https://embed-cloudfront.wistia.com/deliveries/c9948375e705cce05138cf927925e043d47845ad.m3u8,player,,wistia,video
Sigma 8.0,sigma-8,Project - Phase 3 (Part a),Image Upload,68af143f5b988143e602fb94,pf54k7cd8e,536.0,8.9,https://embed-cloudfront.wistia.com/deliveries/96d29aeb246d9c14239218385fad91a05fe7765e.m3u8,player,,wistia,video
Sigma 8.0,sigma-8,Project - Phase 3 (Part a),Re-style Ratings,68af143f5b988143e602fb93,hqgmpl4zk5,691.0,11.5,https://embed-cloudfront.wistia.com/deliveries/2cf5c156729fa10d758490c23d69311c1b7b8818.m3u8,player,,wistia,video
Sigma 8.0,sigma-8,Project - Phase 3 (Part a),Router.route,68af143f5b988143e602fb92,0zk37e2ixe,446.0,7.4,https://embed-cloudfront.wistia.com/deliveries/592a5dc1803b4f6b8f2b07ffa228abb381a86cac.m3u8,player,,wistia,video
Sigma 8.0,sigma-8,Project - Phase 3 (Part a),MVC for Reviews & Users,68af143f5b988143e602fb91,ujpjkb6ce1,434.0,7.2,https://embed-cloudfront.wistia.com/deliveries/54967ab77a2421d7de84abbdc9509ce7a13cf3d3.m3u8,player,,wistia,video
Sigma 8.0,sigma-8,Project - Phase 3 (Part a),MVC for Listings,68af143f5b988143e602fb90,hqb5ikdt9v,232.0,3.9,https://embed-cloudfront.wistia.com/deliveries/a217d2764078eb8893a101990ee196cc988c0743.m3u8,player,,wistia,video
Sigma 8.0,sigma-8,Project - Phase 3 (Part a),"MVC - Model, View, Controller",68af143f5b988143e602fb8f,8fy39s2j7h,413.0,6.9,https://embed-cloudfront.wistia.com/deliveries/2bf10f44df3e8e48ab47449cba1936df36874896.m3u8,player,,wistia,video
Sigma 8.0,sigma-8,Project - Phase 2 (Part e),Authorization for -reviews (part2),68af143f5b988143e602fb8e,tlkw39e9aj,558.0,9.3,https://embed-cloudfront.wistia.com/deliveries/aa5e17467ea860965c0bf1edb85f6b004f2bcb45.m3u8,player,,wistia,video
Sigma 8.0,sigma-8,Project - Phase 2 (Part e),Authorization for -reviews (part1),68af143f5b988143e602fb8d,udyisj4vdi,405.0,6.8,https://embed-cloudfront.wistia.com/deliveries/4d06be3a73f3267e485b7db432f70df0262c4175.m3u8,player,,wistia,video
Sigma 8.0,sigma-8,Project - Phase 2 (Part e),Authorization for -listings,68af143f5b988143e602fb8c,nd26hp4lv3,672.0,11.2,https://embed-cloudfront.wistia.com/deliveries/2e273e0a7ed84f12373f5bb1c45e37254dd5eadb.m3u8,player,,wistia,video
Sigma 8.0,sigma-8,Project - Phase 2 (Part e),Starting with Authorization,68af143f5b988143e602fb8b,2rnf8bjj07,409.0,6.8,https://embed-cloudfront.wistia.com/deliveries/b3167d8029a8c3b2c063e95f34b5a96e4afe4c87.m3u8,player,,wistia,video
Sigma 8.0,sigma-8,Project - Phase 2 (Part e),Listing Owner,68af143f5b988143e602fb8a,vcdgegiury,660.0,11.0,https://embed-cloudfront.wistia.com/deliveries/24395a0c792a4543581fed9be8a634f9f60d94f7.m3u8,player,,wistia,video
Sigma 8.0,sigma-8,Project - Phase 2 (Part e),post-Login Page,68af143f5b988143e602fb89,gjl436ov1t,685.0,11.4,https://embed-cloudfront.wistia.com/deliveries/b9135ebb5f26fd8eb8da2174e18626f7f2938ea1.m3u8,player,,wistia,video
Sigma 8.0,sigma-8,Project - Phase 2 (Part e),Login after SignUp,68af143f5b988143e602fb88,kilni5wo7a,291.0,4.8,https://embed-cloudfront.wistia.com/deliveries/4f9a677e9fa357ce26c18f46dd1ad1e2a871dc2e.m3u8,player,,wistia,video
Sigma 8.0,sigma-8,Project - Phase 2 (Part e),Add Styling,68af143f5b988143e602fb87,21tnwqaktf,346.0,5.8,https://embed-cloudfront.wistia.com/deliveries/e4ea66e116cfb36db0656e3443fe127072938ab1.m3u8,player,,wistia,video
Sigma 8.0,sigma-8,Project - Phase 2 (Part e),LogOut User,68af143f5b988143e602fb86,hjsgo9vpld,203.0,3.4,https://embed-cloudfront.wistia.com/deliveries/41e9621b47620171a388132afd8b9ca2228af1bb.m3u8,player,,wistia,video
Sigma 8.0,sigma-8,Project - Phase 2 (Part e),Connecting Login Route,68af143f5b988143e602fb85,axak80m4h4,562.0,9.4,https://embed-cloudfront.wistia.com/deliveries/88047a44f4b940c0b69e5edf7a3442ec402a9d14.m3u8,player,,wistia,video
Sigma 8.0,sigma-8,Project - Phase 2 (Part d),Login User,68af143f5b988143e602fb84,unutybzr8y,474.0,7.9,https://embed-cloudfront.wistia.com/deliveries/5b308a98f07a7088827423e3b970649c2eb663b1.m3u8,player,,wistia,video
Sigma 8.0,sigma-8,Project - Phase 2 (Part d),SignUp User - POST,68af143f5b988143e602fb83,pdq45wn6mp,455.0,7.6,https://embed-cloudfront.wistia.com/deliveries/21dd89333520ece204386d50d9a6b493045c94ee.m3u8,player,,wistia,video
Sigma 8.0,sigma-8,Project - Phase 2 (Part d),SignUp User - GET,68af143f5b988143e602fb82,fhn47yxahh,528.0,8.8,https://embed-cloudfront.wistia.com/deliveries/711834fb844290c4233ee4f21ab68512d5adcad9.m3u8,player,,wistia,video
Sigma 8.0,sigma-8,Project - Phase 2 (Part d),Demo User,68af143f5b988143e602fb81,rhueevmifw,345.0,5.8,https://embed-cloudfront.wistia.com/deliveries/b858b692dfb99f5e11678f03c0fdf54b739981ff.m3u8,player,,wistia,video
Sigma 8.0,sigma-8,Project - Phase 2 (Part d),Configuring Strategy,68af143f5b988143e602fb80,o343d1yntx,424.0,7.1,https://embed-cloudfront.wistia.com/deliveries/cc0942675af7230a382dbaa0ecd337997a7ff77a.m3u8,player,,wistia,video
Sigma 8.0,sigma-8,Project - Phase 2 (Part d),User Model,68af143f5b988143e602fb7f,fhh6272nza,322.0,5.4,https://embed-cloudfront.wistia.com/deliveries/748a10b99f179cbc95284b7fa7d0cd6cc9980bf0.m3u8,player,,wistia,video
Sigma 8.0,sigma-8,Project - Phase 2 (Part d),Passport - Getting started,68af143f5b988143e602fb7e,hdpmyf89dk,337.0,5.6,https://embed-cloudfront.wistia.com/deliveries/6087986e5b52531d39b9aa6324fc5262d7b7aa2b.m3u8,player,,wistia,video
Sigma 8.0,sigma-8,Project - Phase 2 (Part d),What is Salting-,68af143f5b988143e602fb7d,0c9e3dot3n,355.0,5.9,https://embed-cloudfront.wistia.com/deliveries/42166f575bfc2c9ddbf0afed0e0ff163ded45951.m3u8,player,,wistia,video
Sigma 8.0,sigma-8,Project - Phase 2 (Part d),What is Hashing-,68af143f5b988143e602fb7c,rqc9egwp3t,557.0,9.3,https://embed-cloudfront.wistia.com/deliveries/5c72da74e48511c96bb535cb1e7dd43e995bc952.m3u8,player,,wistia,video
Sigma 8.0,sigma-8,Project - Phase 2 (Part d),How are passwords stored-,68af143f5b988143e602fb7b,rjzwt5u9yy,447.0,7.5,https://embed-cloudfront.wistia.com/deliveries/98db37200618e287e78af509e77a21a8db15d6f4.m3u8,player,,wistia,video
Sigma 8.0,sigma-8,Project - Phase 2 (Part d),Authentication v-s Authorization,68af143e5b988143e602fb7a,p8kpsjdv6j,205.0,3.4,https://embed-cloudfront.wistia.com/deliveries/85d2ef81d316f97b5dce657c412885eeceb25bd6.m3u8,player,,wistia,video
Sigma 8.0,sigma-8,Project - Phase 2 (Part c),Flash Failure Includes,68af143e5b988143e602fb79,nidpuxb53h,284.0,4.7,https://embed-cloudfront.wistia.com/deliveries/9aa9bbf1175bc338d5903d2a40507ec25abb08e0.m3u8,player,,wistia,video
Sigma 8.0,sigma-8,Project - Phase 2 (Part c),Flash Success Includes,68af143e5b988143e602fb78,kwv2plfybq,527.0,8.8,https://embed-cloudfront.wistia.com/deliveries/6a82e39fe3520464c225104eca380a5a05693d87.m3u8,player,,wistia,video
Sigma 8.0,sigma-8,Project - Phase 2 (Part c),Implement Flash in Project,68af143e5b988143e602fb77,994l9u1ek0,234.0,3.9,https://embed-cloudfront.wistia.com/deliveries/136676244397ebd9fc01b1f626e1fc2b2174e5ee.m3u8,player,,wistia,video
Sigma 8.0,sigma-8,Project - Phase 2 (Part c),Cookie in SessionOptions,68af143e5b988143e602fb76,1lofdd47lu,387.0,6.5,https://embed-cloudfront.wistia.com/deliveries/4874f722797307ba0defe24ba23c1946e777dc63.m3u8,player,,wistia,video
Sigma 8.0,sigma-8,Project - Phase 2 (Part c),Implement Sessions in Project,68af143e5b988143e602fb75,4llxj2yy6c,143.0,2.4,https://embed-cloudfront.wistia.com/deliveries/b9a177045c45172f97309622e4e1e45e0f42eb32.m3u8,player,,wistia,video
Sigma 8.0,sigma-8,Project - Phase 2 (Part c),Using res.locals,68af143e5b988143e602fb74,xod9oycjog,303.0,5.0,https://embed-cloudfront.wistia.com/deliveries/40d6b55f57274f47609fe0b4cbe819c792450775.m3u8,player,,wistia,video
Sigma 8.0,sigma-8,Project - Phase 2 (Part c),Using connect-flash,68af143e5b988143e602fb73,trwz9mkl58,577.0,9.6,https://embed-cloudfront.wistia.com/deliveries/0ea3e8053f55069b3721e6327c931fbc1829e1e3.m3u8,player,,wistia,video
Sigma 8.0,sigma-8,Project - Phase 2 (Part c),Storing & Using Session Info,68af143e5b988143e602fb72,y6a11wavc2,400.0,6.7,https://embed-cloudfront.wistia.com/deliveries/3e9fbd340ddb5bb13fe430945c686cb42bca6e2c.m3u8,player,,wistia,video
Sigma 8.0,sigma-8,Project - Phase 2 (Part c),Exploring Session Options,68af143e5b988143e602fb71,7h1z14mc2u,580.0,9.7,https://embed-cloudfront.wistia.com/deliveries/b06f8c318fe708d5062c51577200b5211d61d828.m3u8,player,,wistia,video
Sigma 8.0,sigma-8,Project - Phase 2 (Part c),Express Sessions,68af143e5b988143e602fb70,xuadmtppgo,782.0,13.0,https://embed-cloudfront.wistia.com/deliveries/d9356611d047ff500640c2d7cff007f87a0a11cb.m3u8,player,,wistia,video
Sigma 8.0,sigma-8,Project - Phase 2 (Part c),What is State-,68af143e5b988143e602fb6f,swf5bmln4w,268.0,4.5,https://embed-cloudfront.wistia.com/deliveries/c2c3edd0ab05b392ee0e9f600fad8a4a1af217a8.m3u8,player,,wistia,video
Sigma 8.0,sigma-8,Project - Phase 2 (Part b),Signed Cookies,68af143e5b988143e602fb6e,cq2x9y57g7,551.0,9.2,https://embed-cloudfront.wistia.com/deliveries/f7481a4c5bf8744ade66af6848b6d015c8a106d5.m3u8,player,,wistia,video
Sigma 8.0,sigma-8,Project - Phase 2 (Part b),Cookie Parser,68af143e5b988143e602fb6d,3fp9if35jx,293.0,4.9,https://embed-cloudfront.wistia.com/deliveries/41c0eef2c69db79478ee43400957e06e1aa72d33.m3u8,player,,wistia,video
Sigma 8.0,sigma-8,Project - Phase 2 (Part b),Sending Cookies,68af143e5b988143e602fb6c,za7nulqm7s,205.0,3.4,https://embed-cloudfront.wistia.com/deliveries/978f68cde2a5d0769cba1b6b90cc28b778a1b9a8.m3u8,player,,wistia,video
Sigma 8.0,sigma-8,Project - Phase 2 (Part b),Web Cookies,68af143e5b988143e602fb6b,je26f7f5e7,373.0,6.2,https://embed-cloudfront.wistia.com/deliveries/c6b958230cbad86097546f30c191f0dcbf29243b.m3u8,player,,wistia,video
Sigma 8.0,sigma-8,Project - Phase 2 (Part b),Restructuring Reviews,68af143e5b988143e602fb6a,bi9vxs4kjg,544.0,9.1,https://embed-cloudfront.wistia.com/deliveries/ad557adfed91b355cc74310784e69fef02dc366b.m3u8,player,,wistia,video
Sigma 8.0,sigma-8,Project - Phase 2 (Part b),Restructuring Listings,68af143e5b988143e602fb69,hz8lf10az8,397.0,6.6,https://embed-cloudfront.wistia.com/deliveries/2b95f2dbffa118e3c280f75717246783d3b48ae8.m3u8,player,,wistia,video
Sigma 8.0,sigma-8,Project - Phase 2 (Part b),Using Express Router,68af143e5b988143e602fb68,7bxicx3wq9,523.0,8.7,https://embed-cloudfront.wistia.com/deliveries/043170ee5e6739f44f809e4e76e2b52219fd2f1e.m3u8,player,,wistia,video
Sigma 8.0,sigma-8,Project - Phase 2 (Part b),What is Express Router,68af143e5b988143e602fb67,zaa0nv6ozr,539.0,9.0,https://embed-cloudfront.wistia.com/deliveries/b40f3fe5a10cd1248632ba51a3d72db4681c35b0.m3u8,player,,wistia,video
Sigma 8.0,sigma-8,Project - Phase 2 (Part a),Handling - Delete Listing,68af143e5b988143e602fb5e,81w7hj5pqq,321.0,5.3,https://embed-cloudfront.wistia.com/deliveries/1c503ecfa7c268ae5b86bbfb3c2ee7d9510e5aaa.m3u8,player,,wistia,video
Sigma 8.0,sigma-8,Project - Phase 2 (Part a),Deleting Reviews,68af143e5b988143e602fb5d,ou37f98pel,521.0,8.7,https://embed-cloudfront.wistia.com/deliveries/c063bff15a94ac7a7ade826b64159612cbd69963.m3u8,player,,wistia,video
Sigma 8.0,sigma-8,Project - Phase 2 (Part a),Styling Reviews,68af143e5b988143e602fb5c,bijale2wm2,335.0,5.6,https://embed-cloudfront.wistia.com/deliveries/ae6a5aef3734c41ffeec82803aae5db4dc439808.m3u8,player,,wistia,video
Sigma 8.0,sigma-8,Project - Phase 2 (Part a),Render Reviews,68af143e5b988143e602fb5b,d98osrktqw,324.0,5.4,https://embed-cloudfront.wistia.com/deliveries/c191a51de51678270157d889123d3f78ab779091.m3u8,player,,wistia,video
Sigma 8.0,sigma-8,Project - Phase 2 (Part a),Validation for Reviews,68af143e5b988143e602fb5a,0zvgoj6blb,595.0,9.9,https://embed-cloudfront.wistia.com/deliveries/6a81266a417ebc3f20b38582287bd4005f487c0f.m3u8,player,,wistia,video
Sigma 8.0,sigma-8,Project - Phase 2 (Part a),Create Reviews (Step 2),68af143e5b988143e602fb59,ofc44yytc0,614.0,10.2,https://embed-cloudfront.wistia.com/deliveries/3bf7f13121493d3312ebd3faf11f31671e0825db.m3u8,player,,wistia,video
Sigma 8.0,sigma-8,Project - Phase 2 (Part a),Create Reviews (Step 1),68af143e5b988143e602fb58,r0g2kfz548,403.0,6.7,https://embed-cloudfront.wistia.com/deliveries/3783e2a70eb8159872dd10ea1ab3e1e544e3b5eb.m3u8,player,,wistia,video
Sigma 8.0,sigma-8,Project - Phase 2 (Part a),Creating Review Model,68af143e5b988143e602fb57,1mlpyh2srx,498.0,8.3,https://embed-cloudfront.wistia.com/deliveries/93ecdb63b5f1c262eddcbdaa6234d476ea7fbf3f.m3u8,player,,wistia,video
Sigma 8.0,sigma-8,Project - Phase 2 (Part a),Mongoose Middlewares,68af143e5b988143e602fb56,etsthjv2kd,677.0,11.3,https://embed-cloudfront.wistia.com/deliveries/28d233ca4c10b8ece1484d679c2a556a6c7f325e.m3u8,player,,wistia,video
Sigma 8.0,sigma-8,Project - Phase 2 (Part a),Handling Deletion,68af143e5b988143e602fb55,kxozknh2be,563.0,9.4,https://embed-cloudfront.wistia.com/deliveries/ae70a58714c175745c7b09d8e8f16d1138e9b14b.m3u8,player,,wistia,video
Sigma 8.0,sigma-8,Database Relationships,Reading Docs,68af143e5b988143e602fb54,mdfx126701,608.0,10.1,https://embed-cloudfront.wistia.com/deliveries/683a3066a75d0ff79379a978720f912f7b78e5d6.m3u8,player,,wistia,video
Sigma 8.0,sigma-8,Database Relationships,One to Squillions (in Detail),68af143e5b988143e602fb53,5oto44lqxz,788.0,13.1,https://embed-cloudfront.wistia.com/deliveries/54fe74e399ed0a4cf5d06998b0c1bcaf08edd3cd.m3u8,player,,wistia,video
Sigma 8.0,sigma-8,Database Relationships,using Populate,68af143e5b988143e602fb52,hpczat8mgc,198.0,3.3,https://embed-cloudfront.wistia.com/deliveries/a4c1287175dd66cffc5337d79ba022272a017c87.m3u8,player,,wistia,video
Sigma 8.0,sigma-8,Database Relationships,One to Many (Implementation),68af143e5b988143e602fb51,hcbiva80h9,758.0,12.6,https://embed-cloudfront.wistia.com/deliveries/063f913b81ffd4cd4d66ecaf85c58d3bf000dd18.m3u8,player,,wistia,video
Sigma 8.0,sigma-8,Database Relationships,One to Many (in Detail),68af143e5b988143e602fb50,wedtmkn888,246.0,4.1,https://embed-cloudfront.wistia.com/deliveries/83df61f5ec1cf50d45b6465f1dc4d8bef7b250e8.m3u8,player,,wistia,video
Sigma 8.0,sigma-8,Database Relationships,One to Few (Implementation),68af143e5b988143e602fb4f,s8x4kutwg2,529.0,8.8,https://embed-cloudfront.wistia.com/deliveries/8e846681d79e3dd8ebbe032dbe730e13e1acf922.m3u8,player,,wistia,video
Sigma 8.0,sigma-8,Database Relationships,One to Few (in Detail),68af143e5b988143e602fb4e,yebjj4hfr1,474.0,7.9,https://embed-cloudfront.wistia.com/deliveries/26948ea1c60b4b98c1acc4c0ee9b377afe570abc.m3u8,player,,wistia,video
Sigma 8.0,sigma-8,Database Relationships,SQL Relationships (One to Many & Many to Many),68af143e5b988143e602fb4d,qyamkaowuf,512.0,8.5,https://embed-cloudfront.wistia.com/deliveries/0d0bc7926c2d34c3bc327e4823bac33cd9c752d3.m3u8,player,,wistia,video
Sigma 8.0,sigma-8,Database Relationships,SQL Relationships (One to One),68af143e5b988143e602fb4c,knd9umcjlh,328.0,5.5,https://embed-cloudfront.wistia.com/deliveries/7036ca1b927e15c7d97b943509071addaeefa3ac.m3u8,player,,wistia,video
Sigma 8.0,sigma-8,Project - Phase 1 (Part c),Validation for Schema (Middleware),68af143e5b988143e602fb4b,s4486r5y1o,246.0,4.1,https://embed-cloudfront.wistia.com/deliveries/93d46f284272c04dab52f544c7261bf05fcc6e0a.m3u8,player,,wistia,video
Sigma 8.0,sigma-8,Project - Phase 1 (Part c),Validation for Schema,68af143e5b988143e602fb4a,m7pv21gvkm,914.0,15.2,https://embed-cloudfront.wistia.com/deliveries/04f531357f36a1514bf64738a7afa051337ba432.m3u8,player,,wistia,video
Sigma 8.0,sigma-8,Project - Phase 1 (Part c),Error.ejs,68af143e5b988143e602fb49,hmygo3txi2,356.0,5.9,https://embed-cloudfront.wistia.com/deliveries/a866016a1ef9243d165e651a2970689818999e4a.m3u8,player,,wistia,video
Sigma 8.0,sigma-8,Project - Phase 1 (Part c),Add ExpressError,68af143e5b988143e602fb48,5x2hqudl6v,554.0,9.2,https://embed-cloudfront.wistia.com/deliveries/2533ab72350be73122c99cfb33c67f8a209009d4.m3u8,player,,wistia,video
Sigma 8.0,sigma-8,Project - Phase 1 (Part c),Add wrapAsync,68af143e5b988143e602fb47,wyeytboqic,195.0,3.2,https://embed-cloudfront.wistia.com/deliveries/1d2324c82bc6ffb8168c1881f27c69794fae1b98.m3u8,player,,wistia,video
Sigma 8.0,sigma-8,Project - Phase 1 (Part c),Custom Error Handling,68af143e5b988143e602fb46,nigb3hjrkt,247.0,4.1,https://embed-cloudfront.wistia.com/deliveries/f2b989168953466a909752d1a6b6ddd6cebd482a.m3u8,player,,wistia,video
Sigma 8.0,sigma-8,Project - Phase 1 (Part c),Success & Failure Text,68af143e5b988143e602fb45,sbpxojt8l6,562.0,9.4,https://embed-cloudfront.wistia.com/deliveries/acbd7def57d13f14a6501edcfa650457f17088e6.m3u8,player,,wistia,video
Sigma 8.0,sigma-8,Project - Phase 1 (Part c),Client-Side Validation (Form),68af143e5b988143e602fb44,7am1gcq60c,576.0,9.6,https://embed-cloudfront.wistia.com/deliveries/645a3c797aa1203fd00913f662f790953ae5a49b.m3u8,player,,wistia,video
Sigma 8.0,sigma-8,Backend 7 (Errors),Mongoose Errors,68af143e5b988143e602fb43,ozu52smexe,362.0,6.0,https://embed-cloudfront.wistia.com/deliveries/931d72f72a486a39dcf314b101c10519b40c5fbf.m3u8,player,,wistia,video
Sigma 8.0,sigma-8,Backend 7 (Errors),Using wrapAsync,68af143e5b988143e602fb42,bt60ou3rlb,545.0,9.1,https://embed-cloudfront.wistia.com/deliveries/bbbf822ae1687e4093efeda684d6e5a7ccdf8785.m3u8,player,,wistia,video
Sigma 8.0,sigma-8,Backend 7 (Errors),Using try-catch,68af143e5b988143e602fb41,79etvcdnf0,465.0,7.8,https://embed-cloudfront.wistia.com/deliveries/8f6cf72a2d869398d0b20b52a39b1ed6c53cff9c.m3u8,player,,wistia,video
Sigma 8.0,sigma-8,Backend 7 (Errors),Handling Async Errors,68af143e5b988143e602fb40,82dpzvni15,652.0,10.9,https://embed-cloudfront.wistia.com/deliveries/65a6a27ca6fb4a78f3ffe30932b2e365fe1e18c2.m3u8,player,,wistia,video
Sigma 8.0,sigma-8,Backend 7 (Errors),Activity,68af143e5b988143e602fb3f,94bazcz96e,114.0,1.9,https://embed-cloudfront.wistia.com/deliveries/b5d6ae767475a4855e79b149c284d1391e2a6e9d.m3u8,player,,wistia,video
Sigma 8.0,sigma-8,Backend 7 (Errors),Default Status & Message,68af143e5b988143e602fb3e,m09rojrzpr,341.0,5.7,https://embed-cloudfront.wistia.com/deliveries/5c6417d6222dcaad60ccb16764c2e8ee8f4aac24.m3u8,player,,wistia,video
Sigma 8.0,sigma-8,Backend 7 (Errors),Custom Error Class,68af143e5b988143e602fb3d,wja0055yrw,461.0,7.7,https://embed-cloudfront.wistia.com/deliveries/5ac382b78c1534263763e5af28c3383e0b1d99d8.m3u8,player,,wistia,video
Sigma 8.0,sigma-8,Backend 7 (Errors),Error Handling Middleware,68af143e5b988143e602fb3c,xfsrzx90pq,386.0,6.4,https://embed-cloudfront.wistia.com/deliveries/58bd84310d758b49b304d7cf03fa689be23b3166.m3u8,player,,wistia,video
Sigma 8.0,sigma-8,Backend 6 (Middlewares),Error Handling (Express Default),68af143e5b988143e602fb3b,jfbkjrtp4o,474.0,7.9,https://embed-cloudfront.wistia.com/deliveries/ce40664355127b185f0d879c106f6cbe6b6e91e6.m3u8,player,,wistia,video
Sigma 8.0,sigma-8,Backend 6 (Middlewares),Passing multiple Middlewares,68af143e5b988143e602fb3a,3c4a6boooq,77.0,1.3,https://embed-cloudfront.wistia.com/deliveries/3e32a02d489f9ece287dbad34f241ba30262e89d.m3u8,player,,wistia,video
Sigma 8.0,sigma-8,Backend 6 (Middlewares),API Token as Query String,68af143e5b988143e602fb39,bfj8tmlini,271.0,4.5,https://embed-cloudfront.wistia.com/deliveries/3022f9b23d507739c0f8be66cbec650eb289c4fe.m3u8,player,,wistia,video
Sigma 8.0,sigma-8,Backend 6 (Middlewares),Exploring app.use( ),68af143e5b988143e602fb38,l1orlx8i62,346.0,5.8,https://embed-cloudfront.wistia.com/deliveries/f17f67646872952cc3c84d9501b578074a0e70d9.m3u8,player,,wistia,video
Sigma 8.0,sigma-8,Backend 6 (Middlewares),Creating Utility Middleware,68af143e5b988143e602fb37,8dyryjeckt,487.0,8.1,https://embed-cloudfront.wistia.com/deliveries/d9441cb34f0e74929a576d55ba192913bbb25f67.m3u8,player,,wistia,video
Sigma 8.0,sigma-8,Backend 6 (Middlewares),Using next( ),68af143e5b988143e602fb36,yii6mu10fg,492.0,8.2,https://embed-cloudfront.wistia.com/deliveries/86b76a6ba67e0cc4df8f8b0dd38b48f39704af00.m3u8,player,,wistia,video
Sigma 8.0,sigma-8,Backend 6 (Middlewares),Our 1st Middleware,68af143e5b988143e602fb35,6nhcoqs0oz,405.0,6.8,https://embed-cloudfront.wistia.com/deliveries/ee92f46ac5bdbb0ce881aa7f513303ad1f5bed19.m3u8,player,,wistia,video
Sigma 8.0,sigma-8,Backend 6 (Middlewares),What are Middlewares-,68af143e5b988143e602fb34,w7fcmoa7ea,464.0,7.7,https://embed-cloudfront.wistia.com/deliveries/7e1e6fe081d728ceb0b82e5022c39fab94b500d1.m3u8,player,,wistia,video
Sigma 8.0,sigma-8,Project - Phase 1 (Part b),Styling Show Listing,68af143e5b988143e602fb33,tq8r9zkgiu,577.0,9.6,https://embed-cloudfront.wistia.com/deliveries/3c5ec29a91f4732361a25266f809ee744dbcef21.m3u8,player,,wistia,video
Sigma 8.0,sigma-8,Project - Phase 1 (Part b),Styling Edit Listing,68af143e5b988143e602fb32,scvjrm7xi0,287.0,4.8,https://embed-cloudfront.wistia.com/deliveries/ee8b49ce088f6185b576d78948eb172db635544a.m3u8,player,,wistia,video
Sigma 8.0,sigma-8,Project - Phase 1 (Part b),Styling New Listing,68af143e5b988143e602fb31,92sdsavynz,625.0,10.4,https://embed-cloudfront.wistia.com/deliveries/b84c1dac8e50ea89998d156a2d8650a543ff395a.m3u8,player,,wistia,video
Sigma 8.0,sigma-8,Project - Phase 1 (Part b),Styling Index,68af143e5b988143e602fb30,rane7a56hg,873.0,14.6,https://embed-cloudfront.wistia.com/deliveries/017d8e8b2d6ee0c8006ee85036a03ff648a8d0be.m3u8,player,,wistia,video
Sigma 8.0,sigma-8,Project - Phase 1 (Part b),Footer,68af143d5b988143e602fb2f,650z3jeojh,566.0,9.4,,,,wistia,video
Sigma 8.0,sigma-8,Project - Phase 1 (Part b),Navbar,68af143d5b988143e602fb2e,cyed7pmlqk,705.0,11.8,https://embed-cloudfront.wistia.com/deliveries/3d470b8dae283421a747fc5ad86038f5efeb3c36.m3u8,player,,wistia,video
Sigma 8.0,sigma-8,Project - Phase 1 (Part b),Creating Boilerplate,68af143d5b988143e602fb2d,3kjp86ni52,576.0,9.6,https://embed-cloudfront.wistia.com/deliveries/3633b4bcf5cea3e40fc77a1ee0611eac73d23acc.m3u8,player,,wistia,video
Sigma 8.0,sigma-8,Project - Phase 1 (Part a),DELETE (Delete Route),68af143d5b988143e602fb2c,kt2xetsbfj,177.0,3.0,https://embed-cloudfront.wistia.com/deliveries/ffc7287b58ac17490b4a80d3ef264cdc87bd3cd7.m3u8,player,,wistia,video
Sigma 8.0,sigma-8,Project - Phase 1 (Part a),UPDATE (Edit & Update Route),68af143d5b988143e602fb2b,18hjgjdz1v,572.0,9.5,https://embed-cloudfront.wistia.com/deliveries/41924296a9c4f1f70d0525fcb49a54d07bd1fa58.m3u8,player,,wistia,video
Sigma 8.0,sigma-8,Project - Phase 1 (Part a),CREATE (New & Create Route),68af143d5b988143e602fb2a,v8pxxxz74o,631.0,10.5,https://embed-cloudfront.wistia.com/deliveries/98eadebbcac4892c092bd8d7a1561e2a9ba93823.m3u8,player,,wistia,video
Sigma 8.0,sigma-8,Project - Phase 1 (Part a),READ (Show Route),68af143d5b988143e602fb29,gbcermplc9,344.0,5.7,https://embed-cloudfront.wistia.com/deliveries/f052adb85dce792edd5ae09d166ba548ef9a6151.m3u8,player,,wistia,video
Sigma 8.0,sigma-8,Project - Phase 1 (Part a),Index Route,68af143d5b988143e602fb28,padtyl8i63,434.0,7.2,https://embed-cloudfront.wistia.com/deliveries/d8b0626e1b0ef095cd58ff75a7e294b89d615dce.m3u8,player,,wistia,video
Sigma 8.0,sigma-8,Project - Phase 1 (Part a),Initialize Database,68af143d5b988143e602fb27,vci9b51d8a,321.0,5.3,https://embed-cloudfront.wistia.com/deliveries/72a173c8fc3716a8ebdba292b7d21f8df1519ccb.m3u8,player,,wistia,video
Sigma 8.0,sigma-8,Project - Phase 1 (Part a),Listing Model,68af143d5b988143e602fb25,6d7btdq74b,949.0,15.8,https://embed-cloudfront.wistia.com/deliveries/7a5db75555e13b29754f13597897b91e54db13e9.m3u8,player,,wistia,video
Sigma 8.0,sigma-8,Project - Phase 1 (Part a),Basic Set up,68af143d5b988143e602fb24,quebeltmdv,535.0,8.9,https://embed-cloudfront.wistia.com/deliveries/9827f76ee11f200c2a5d6e0dad334aa8a1d826bd.m3u8,player,,wistia,video
Sigma 8.0,sigma-8,MongoDB with Express,Destroy Route,68a48c18c68931e41305b451,7v6wb7movo,328.0,5.5,https://embed-cloudfront.wistia.com/deliveries/fbc9817e9c06c867a418d55b0adb57cecf0137ed.m3u8,player,,wistia,video
Sigma 8.0,sigma-8,MongoDB with Express,Update Route,68a48c17c68931e41305b450,mm0siwfqtb,488.0,8.1,https://embed-cloudfront.wistia.com/deliveries/5d3693826d918870cf165759573d538a8d4ffe73.m3u8,player,,wistia,video
Sigma 8.0,sigma-8,MongoDB with Express,Edit Route,68a48c17c68931e41305b44f,dp68wraabn,421.0,7.0,https://embed-cloudfront.wistia.com/deliveries/b5645062356971fd0eb23bcda8499855cee6dc71.m3u8,player,,wistia,video
Sigma 8.0,sigma-8,MongoDB with Express,Using Date,68a48c17c68931e41305b44e,l7utuevm6i,360.0,6.0,https://embed-cloudfront.wistia.com/deliveries/6c6f6e82a3cedd8bac81dc7ad41ccf68d6d48569.m3u8,player,,wistia,video
Sigma 8.0,sigma-8,MongoDB with Express,Create Route,68a48c17c68931e41305b44d,ksl8ef0mzp,392.0,6.5,https://embed-cloudfront.wistia.com/deliveries/84f43fcec2fdb7d6076aecf0fbdaaf749236cdd1.m3u8,player,,wistia,video
Sigma 8.0,sigma-8,MongoDB with Express,New Route,68a48c17c68931e41305b44c,sldvflijbz,375.0,6.2,https://embed-cloudfront.wistia.com/deliveries/37c6b91a41a237d2143495000eeb033cc41bad45.m3u8,player,,wistia,video
Sigma 8.0,sigma-8,MongoDB with Express,Index Route,68a48c17c68931e41305b44b,k6hifgcyqo,714.0,11.9,https://embed-cloudfront.wistia.com/deliveries/c0a5a57f56d246647da63cdc215c6974b1c7122f.m3u8,player,,wistia,video
Sigma 8.0,sigma-8,MongoDB with Express,Initialize Database,68a48c17c68931e41305b44a,11tytb823m,259.0,4.3,https://embed-cloudfront.wistia.com/deliveries/ee8734547f19f073018a483816c973caca229ff8.m3u8,player,,wistia,video
Sigma 8.0,sigma-8,MongoDB with Express,Creating our Model (Chat),68a48c17c68931e41305b449,0pcde82xvm,700.0,11.7,https://embed-cloudfront.wistia.com/deliveries/dff62da6de27330ec8771ba1a01d42bd1669c126.m3u8,player,,wistia,video
Sigma 8.0,sigma-8,MongoDB with Express,Basic Set Up,68a48c17c68931e41305b448,gmalws2btx,353.0,5.9,https://embed-cloudfront.wistia.com/deliveries/1336a604212dbae43ca0e56b2f9bc3366c185057.m3u8,player,,wistia,video
Sigma 8.0,sigma-8,MongoDB (Part 2),Validation in Updation & Errors,68a48c17c68931e41305b447,p0gaommmex,368.0,6.1,https://embed-cloudfront.wistia.com/deliveries/8e0df9aa403ef91398e09019741cd4627aedc2a0.m3u8,player,,wistia,video
Sigma 8.0,sigma-8,MongoDB (Part 2),SchemaType Options,68a48c17c68931e41305b446,txqwblxz3y,535.0,8.9,https://embed-cloudfront.wistia.com/deliveries/eb1d8ba13f6d8fd49a6d714592d21a1415c78aa7.m3u8,player,,wistia,video
Sigma 8.0,sigma-8,MongoDB (Part 2),Schema Validations,68a48c17c68931e41305b445,v75rh9dtw2,867.0,14.4,https://embed-cloudfront.wistia.com/deliveries/daaa6e7c2175413e51e8aa0b8cfb9d5d6f608a6b.m3u8,player,,wistia,video
Sigma 8.0,sigma-8,MongoDB (Part 2),Delete in Mongoose,68a48c17c68931e41305b444,ngfiuovugd,245.0,4.1,https://embed-cloudfront.wistia.com/deliveries/60241f7170660992c04f90262708195f72fc0bd9.m3u8,player,,wistia,video
Sigma 8.0,sigma-8,MongoDB (Part 2),FindAndUpdate,68a48c17c68931e41305b443,w9ma3l2s5c,221.0,3.7,https://embed-cloudfront.wistia.com/deliveries/09b2c8ac15e0d8c36bfae2aa6f44849acb3c7a6e.m3u8,player,,wistia,video
Sigma 8.0,sigma-8,MongoDB (Part 2),Update in Mongoose,68a48c17c68931e41305b442,6a79ghgeou,256.0,4.3,https://embed-cloudfront.wistia.com/deliveries/51036561c5a45c8f958dd1766786a3928d2565b9.m3u8,player,,wistia,video
Sigma 8.0,sigma-8,MongoDB (Part 2),Find in Mongoose,68a48c17c68931e41305b441,tub5omp66q,479.0,8.0,https://embed-cloudfront.wistia.com/deliveries/5ad9676129d7dfc4e05562275828933f1b792a22.m3u8,player,,wistia,video
Sigma 8.0,sigma-8,MongoDB (Part 2),Insert Multiple,68a48c17c68931e41305b440,kf2o68bsq7,286.0,4.8,https://embed-cloudfront.wistia.com/deliveries/25281de9e61a5be05bf86cb8a1caabb1aa60b5bb.m3u8,player,,wistia,video
Sigma 8.0,sigma-8,MongoDB (Part 2),Insert in Mongoose,68a48c17c68931e41305b43f,u12tue939i,448.0,7.5,,,,wistia,video
Sigma 8.0,sigma-8,MongoDB (Part 2),Models,68a48c17c68931e41305b43e,w0rziv5tpp,373.0,6.2,https://embed-cloudfront.wistia.com/deliveries/031c79c18200b77f32ff835b5fbcc380e0e064ec.m3u8,player,,wistia,video
Sigma 8.0,sigma-8,MongoDB (Part 2),Schema,68a48c17c68931e41305b43d,qvzps25owz,290.0,4.8,https://embed-cloudfront.wistia.com/deliveries/9b2dd1e2afd47e07aa5043ea525edf89f7c3b797.m3u8,player,,wistia,video
Sigma 8.0,sigma-8,MongoDB (Part 2),Installation & Setup,68a48c17c68931e41305b43c,e1sutiizmp,626.0,10.4,,,,wistia,video
Sigma 8.0,sigma-8,MongoDB (Part 2),What is mongoose-,68a48c17c68931e41305b43b,0cnittrdp9,163.0,2.7,,,,wistia,video
Sigma 8.0,sigma-8,MongoDB (Part 1),DELETE in DB,68a48c17c68931e41305b43a,xjcyiwmf6c,252.0,4.2,https://embed-cloudfront.wistia.com/deliveries/172520cf31f831300d66d70cd3bd1822088ab523.m3u8,player,,wistia,video
Sigma 8.0,sigma-8,MongoDB (Part 1),Nesting,68a48c17c68931e41305b439,phs956azrm,161.0,2.7,https://embed-cloudfront.wistia.com/deliveries/b5ca664b40024992d6bb91edf05aa0416da7e13f.m3u8,player,,wistia,video
Sigma 8.0,sigma-8,MongoDB (Part 1),UPDATE in DB,68a48c17c68931e41305b438,gml4v562vq,440.0,7.3,https://embed-cloudfront.wistia.com/deliveries/ff14aabb63e80c16a44f13ab905b913c0030ee13.m3u8,player,,wistia,video
Sigma 8.0,sigma-8,MongoDB (Part 1),Query Operators,68a48c17c68931e41305b437,lhi18n51nx,523.0,8.7,https://embed-cloudfront.wistia.com/deliveries/91b2dd3cb50eaa15899853a6eac199a163c762e5.m3u8,player,,wistia,video
Sigma 8.0,sigma-8,MongoDB (Part 1),FIND in DB,68a48c17c68931e41305b436,cb1adet0nn,335.0,5.6,https://embed-cloudfront.wistia.com/deliveries/57ccc728292ea0df06dad05067e7a05d412a9d2f.m3u8,player,,wistia,video
Sigma 8.0,sigma-8,MongoDB (Part 1),INSERT in DB (InsertMany),68a48c17c68931e41305b435,kgtfb0kzx7,107.0,1.8,https://embed-cloudfront.wistia.com/deliveries/8370e901fd49ac46a049103e06344e3637c4e3ba.m3u8,player,,wistia,video
Sigma 8.0,sigma-8,MongoDB (Part 1),INSERT in DB (InsertOne),68a48c17c68931e41305b434,drcgv5p91x,455.0,7.6,https://embed-cloudfront.wistia.com/deliveries/9e10fcfc3f4c6415000d2a749cab9bc0a2f1bf0e.m3u8,player,,wistia,video
Sigma 8.0,sigma-8,MongoDB (Part 1),Document & Collection,68a48c17c68931e41305b433,4m2qpy9cg2,168.0,2.8,https://embed-cloudfront.wistia.com/deliveries/40e8e0fc99287c4b416bb1ec40549fe6157f67dd.m3u8,player,,wistia,video
Sigma 8.0,sigma-8,MongoDB (Part 1),How we store data- (BSON),68a48c17c68931e41305b432,4uehzs2cn8,185.0,3.1,https://embed-cloudfront.wistia.com/deliveries/c32de516d7de3dd1a807023e9467c872402a125b.m3u8,player,,wistia,video
Sigma 8.0,sigma-8,MongoDB (Part 1),The Mongo Shell,68a48c17c68931e41305b431,0awljac4zr,502.0,8.4,https://embed-cloudfront.wistia.com/deliveries/545f42bf9e46fbe8b2596d75e06c2ec590dec328.m3u8,player,,wistia,video
Sigma 8.0,sigma-8,Backend 5 (Node with SQL),Update Route,68a48c17c68931e41305b42f,3eiyvgcr02,793.0,13.2,https://embed-cloudfront.wistia.com/deliveries/767586d399f2c7f1cdadc367ec9c57af80f2700e.m3u8,player,,wistia,video
Sigma 8.0,sigma-8,Backend 5 (Node with SQL),Edit Route,68a48c17c68931e41305b42e,3xipznx4c1,756.0,12.6,https://embed-cloudfront.wistia.com/deliveries/10aadc43d044a0fade38bec5fb7c84f40cedab28.m3u8,player,,wistia,video
Sigma 8.0,sigma-8,Backend 5 (Node with SQL),Show Route,68a48c17c68931e41305b42d,o1mko1a2c2,486.0,8.1,https://embed-cloudfront.wistia.com/deliveries/0ec589b8dae6988847b4a2a163cfed3971f6c0fc.m3u8,player,,wistia,video
Sigma 8.0,sigma-8,Backend 5 (Node with SQL),Add Template,68a48c17c68931e41305b42c,9y2gdhr4uq,287.0,4.8,https://embed-cloudfront.wistia.com/deliveries/2338090ef154c3d8d5b449af033504cf4e61caab.m3u8,player,,wistia,video
Sigma 8.0,sigma-8,Backend 5 (Node with SQL),Home Route,68a48c17c68931e41305b42b,fajnulc4cb,487.0,8.1,https://embed-cloudfront.wistia.com/deliveries/c0b470150da8c2bd4802483434b774a39796b73b.m3u8,player,,wistia,video
Sigma 8.0,sigma-8,Backend 5 (Node with SQL),Routing,68a48c17c68931e41305b42a,40orj74lug,253.0,4.2,https://embed-cloudfront.wistia.com/deliveries/6168592fb23f82d25ef69780e7882954a4244aac.m3u8,player,,wistia,video
Sigma 8.0,sigma-8,Backend 5 (Node with SQL),Insert in Bulk,68a48c17c68931e41305b429,vi3exzka0t,286.0,4.8,https://embed-cloudfront.wistia.com/deliveries/5a09580c2f7c97705dbdb70da26b1964a939c350.m3u8,player,,wistia,video
Sigma 8.0,sigma-8,Backend 5 (Node with SQL),INSERT INTO user,68a48c17c68931e41305b428,xgzr2bfyuw,419.0,7.0,https://embed-cloudfront.wistia.com/deliveries/d0431a8ccdf654b0adde3ca2a4017f1cb0224ca9.m3u8,player,,wistia,video
Sigma 8.0,sigma-8,Backend 5 (Node with SQL),CREATE Table user,68a48c17c68931e41305b427,0pby2dxdpw,358.0,6.0,https://embed-cloudfront.wistia.com/deliveries/15f2c082affa6eb04762a923da2ae1179a9e2d22.m3u8,player,,wistia,video
Sigma 8.0,sigma-8,Backend 5 (Node with SQL),Using SQL from CLI,68a48c17c68931e41305b426,u2wyxvmahf,189.0,3.1,https://embed-cloudfront.wistia.com/deliveries/c28b8f28253a81fe5fde8d7e5b47cd2ba97500b3.m3u8,player,,wistia,video
Sigma 8.0,sigma-8,Backend 5 (Node with SQL),MySQL Package,68a48c17c68931e41305b425,lls9hh42ff,804.0,13.4,https://embed-cloudfront.wistia.com/deliveries/3fca629524fcb306b7f5ca7241c48d8319e48a62.m3u8,player,,wistia,video
Sigma 8.0,sigma-8,Backend 5 (Node with SQL),Using Faker,68a48c17c68931e41305b424,quvbgtcmoa,357.0,6.0,https://embed-cloudfront.wistia.com/deliveries/7d033de0b7bf5223247c7f5324b4b2119b2fcd22.m3u8,player,,wistia,video
Sigma 8.0,sigma-8,SQL (Part 2),Practice Qs2,688f6e5257ce496f9609b4aa,i5clyb95v6,461.0,7.7,https://embed-cloudfront.wistia.com/deliveries/854d2ecb4c794793dc5893939a8dab84019e280b.m3u8,player,,wistia,video
Sigma 8.0,sigma-8,SQL (Part 2),Practice Qs1,688f6e5257ce496f9609b4a9,qwlsckm81d,540.0,9.0,https://embed-cloudfront.wistia.com/deliveries/7a2735290602c6f173041765df0203798095cf8d.m3u8,player,,wistia,video
Sigma 8.0,sigma-8,SQL (Part 2),TRUNCATE Table,688f6e5257ce496f9609b4a8,386dryn9cl,211.0,3.5,https://embed-cloudfront.wistia.com/deliveries/35d1130c4ab2aacf15ce5ec6cd1f249f2608bd7c.m3u8,player,,wistia,video
Sigma 8.0,sigma-8,SQL (Part 2),ALTER Table,688f6e5257ce496f9609b4a7,1ku8gmpxoq,430.0,7.2,https://embed-cloudfront.wistia.com/deliveries/3bc7369b9e5a31a8ab13dbbc60985a8b9f4cbbfd.m3u8,player,,wistia,video
Sigma 8.0,sigma-8,SQL (Part 2),DELETE Table,688f6e5257ce496f9609b4a6,dwb8vohf8n,68.0,1.1,https://embed-cloudfront.wistia.com/deliveries/9f8d9a85ae600fe413102d6073826d9331b9261c.m3u8,player,,wistia,video
Sigma 8.0,sigma-8,SQL (Part 2),UPDATE Table,688f6e5257ce496f9609b4a5,osofyniutv,183.0,3.0,https://embed-cloudfront.wistia.com/deliveries/8f51852a562c3d849af40b1024bdc9d18eaaf0cf.m3u8,player,,wistia,video
Sigma 8.0,sigma-8,SQL (Part 2),General Order,688f6e5257ce496f9609b4a4,03cqd2c9px,80.0,1.3,https://embed-cloudfront.wistia.com/deliveries/72637f6d360acdecb8b232d24daa4b60a59998d5.m3u8,player,,wistia,video
Sigma 8.0,sigma-8,SQL (Part 2),Having Clause,688f6e5257ce496f9609b4a3,223x6qmada,153.0,2.5,https://embed-cloudfront.wistia.com/deliveries/245fb23596eed76d6f18e7048303c78ecbf78625.m3u8,player,,wistia,video
Sigma 8.0,sigma-8,SQL (Part 2),Group By Clause,688f6e5257ce496f9609b4a2,4p4jplamxc,302.0,5.0,https://embed-cloudfront.wistia.com/deliveries/cce66b9a71b2946bae033fb9b7e1012106cd0b91.m3u8,player,,wistia,video
Sigma 8.0,sigma-8,SQL (Part 2),Aggregate Functions,688f6e5257ce496f9609b4a1,i11istkr7l,230.0,3.8,https://embed-cloudfront.wistia.com/deliveries/f5a5241220be401920bfe81aaa96af2672c691cb.m3u8,player,,wistia,video
Sigma 8.0,sigma-8,SQL (Part 2),Order By Clause,688f6e5257ce496f9609b4a0,3pv6q0wp45,137.0,2.3,https://embed-cloudfront.wistia.com/deliveries/ec32cb6df59b9cd8953cdc8a6a355b0c05a1c62b.m3u8,player,,wistia,video
Sigma 8.0,sigma-8,SQL (Part 2),Limit Clause,688f6e5257ce496f9609b49f,u4oxxgb6ee,98.0,1.6,https://embed-cloudfront.wistia.com/deliveries/9bdd496d3318bf3145137f8ae9bb3f40045e609d.m3u8,player,,wistia,video
Sigma 8.0,sigma-8,SQL (Part 2),Frequently Used Operators,688f6e5257ce496f9609b49e,jagv8ip4q9,389.0,6.5,https://embed-cloudfront.wistia.com/deliveries/914574e3b6a8c4327c9dca4c44a3cc4e78856b3e.m3u8,player,,wistia,video
Sigma 8.0,sigma-8,SQL (Part 2),Operators in Where,688f6e5257ce496f9609b49d,hz5dwqmzds,285.0,4.8,https://embed-cloudfront.wistia.com/deliveries/ae20a1edc2c83798994f862517032c8decef46f7.m3u8,player,,wistia,video
Sigma 8.0,sigma-8,SQL (Part 2),Where Clause,688f6e5257ce496f9609b49c,g6u80y1d0g,160.0,2.7,https://embed-cloudfront.wistia.com/deliveries/127e0468fe9a0a6a28f5623eafaee095b7f10389.m3u8,player,,wistia,video
Sigma 8.0,sigma-8,Starting with SQL,SELECT Command,688f6e5257ce496f9609b49b,4ay8nusd4e,165.0,2.8,https://embed-cloudfront.wistia.com/deliveries/1a6e9a6142def9d8e0a2d30475872a64510aaabb.m3u8,player,,wistia,video
Sigma 8.0,sigma-8,Starting with SQL,INSERT into Table,688f6e5257ce496f9609b49a,7b0k1806m5,337.0,5.6,https://embed-cloudfront.wistia.com/deliveries/adcfc607fc5567fe3e9f718c59c2409ae134a5a6.m3u8,player,,wistia,video
Sigma 8.0,sigma-8,Starting with SQL,Primary & Foreign Keys,688f6e5257ce496f9609b499,yiun5r13e9,197.0,3.3,https://embed-cloudfront.wistia.com/deliveries/3a57d487bea7d90b9b31b2a221228a99a95ae0d0.m3u8,player,,wistia,video
Sigma 8.0,sigma-8,Starting with SQL,Key Constraints,688f6e5257ce496f9609b498,6zmwtojttd,669.0,11.2,https://embed-cloudfront.wistia.com/deliveries/0b3be2158fa236e2e17afbd4c80d39d97e9c6210.m3u8,player,,wistia,video
Sigma 8.0,sigma-8,Starting with SQL,What are Constraints-,688f6e5257ce496f9609b497,dl3kh32y7w,340.0,5.7,https://embed-cloudfront.wistia.com/deliveries/82c4bddae610599078699e477afee19bec61db8b.m3u8,player,,wistia,video
Sigma 8.0,sigma-8,Starting with SQL,CREATE Table,688f6e5257ce496f9609b496,3bunslv7hc,538.0,9.0,https://embed-cloudfront.wistia.com/deliveries/e49ae046149fd647556528fed97b97bc2f244f9c.m3u8,player,,wistia,video
Sigma 8.0,sigma-8,Starting with SQL,Database Queries,688f6e5257ce496f9609b495,cqa217c5am,199.0,3.3,https://embed-cloudfront.wistia.com/deliveries/2a26b1b72d76decc15246dc7c1e99500ac757cd9.m3u8,player,,wistia,video
Sigma 8.0,sigma-8,Starting with SQL,Our First Table,688f6e5257ce496f9609b494,c2gdr7hbfr,280.0,4.7,https://embed-cloudfront.wistia.com/deliveries/9f8ed4d8b47a1963025cdbeadd32b82111d6c63f.m3u8,player,,wistia,video
Sigma 8.0,sigma-8,Starting with SQL,Our First Database,688f6e5257ce496f9609b493,5dn6hvuoxl,432.0,7.2,https://embed-cloudfront.wistia.com/deliveries/03f487a96e3ed9e26ca6102c37a717842f405fca.m3u8,player,,wistia,video
Sigma 8.0,sigma-8,Starting with SQL,(For Mac) Installation,688f6e5257ce496f9609b492,ethzgmrbq0,269.0,4.5,https://embed-cloudfront.wistia.com/deliveries/f07f4fd568aae200f7f07ab7c0113163f41be11a.m3u8,player,,wistia,video
Sigma 8.0,sigma-8,Starting with SQL,(For Windows) Installation,688f6e5257ce496f9609b491,2nh1p6u7jz,232.0,3.9,https://embed-cloudfront.wistia.com/deliveries/d076ed42a7bf2bb8c1af96c1525cd4af9225794b.m3u8,player,,wistia,video
Sigma 8.0,sigma-8,Starting with SQL,What is a Table-,688f6e5257ce496f9609b490,lxeejarp76,232.0,3.9,https://embed-cloudfront.wistia.com/deliveries/91056b48955eec66d6cd69bf1eadcb6c147ccaf3.m3u8,player,,wistia,video
Sigma 8.0,sigma-8,Starting with SQL,What is SQL-,688f6e5257ce496f9609b48f,iguaoqh77o,346.0,5.8,https://embed-cloudfront.wistia.com/deliveries/e534a5ae167e949455605408c24ae8513748e6d6.m3u8,player,,wistia,video
Sigma 8.0,sigma-8,Starting with SQL,SQL v-s NoSQL,688f6e5257ce496f9609b48e,3zz5o8n5ky,388.0,6.5,https://embed-cloudfront.wistia.com/deliveries/0f585b127768b69721e774c5d2301afc9c6bca62.m3u8,player,,wistia,video
Sigma 8.0,sigma-8,Starting with SQL,What is a Database-,688f6e5257ce496f9609b48d,g4sxru9ogm,318.0,5.3,https://embed-cloudfront.wistia.com/deliveries/71ad99faeca5f3ddded03ab22a04f7f7be297f27.m3u8,player,,wistia,video
Sigma 8.0,sigma-8,Backend 4 (REST),Destroy Route,688f6e5257ce496f9609b48c,e4jnenjy3o,482.0,8.0,https://embed-cloudfront.wistia.com/deliveries/d278c9048420b5e4394278d2fea31a86b7f966a8.m3u8,player,,wistia,video
Sigma 8.0,sigma-8,Backend 4 (REST),Edit Route,688f6e5257ce496f9609b48b,rybf24rlov,843.0,14.1,https://embed-cloudfront.wistia.com/deliveries/90523ae87c70d530edaad9aa6f8cc01b5901d23e.m3u8,player,,wistia,video
Sigma 8.0,sigma-8,Backend 4 (REST),Update Route,688f6e5257ce496f9609b48a,nfms23xxgx,396.0,6.6,https://embed-cloudfront.wistia.com/deliveries/0dcc39752d42a0b9e4ed8782817663b7cea7ea9f.m3u8,player,,wistia,video
Sigma 8.0,sigma-8,Backend 4 (REST),Creating Ids (UUID),688f6e5257ce496f9609b489,r0dejtg31g,255.0,4.2,https://embed-cloudfront.wistia.com/deliveries/203cfc38265e194c4bb5c5e898293d5ce30e76e2.m3u8,player,,wistia,video
Sigma 8.0,sigma-8,Backend 4 (REST),Show Route,688f6e5257ce496f9609b488,7klpjzw6ex,629.0,10.5,https://embed-cloudfront.wistia.com/deliveries/a86379326639db5786ae99e25ef0f2c5d9d7da56.m3u8,player,,wistia,video
Sigma 8.0,sigma-8,Backend 4 (REST),Redirect,688f6e5257ce496f9609b487,fewi3jcto2,297.0,5.0,https://embed-cloudfront.wistia.com/deliveries/b74fd5abe1d30db737b90d6c70aabeb31eaabe92.m3u8,player,,wistia,video
Sigma 8.0,sigma-8,Backend 4 (REST),Create & New Route,688f6e5257ce496f9609b486,e3y6jzb8vj,576.0,9.6,https://embed-cloudfront.wistia.com/deliveries/a9705abe3b3dcff4d8843fe328f19ed5637924fa.m3u8,player,,wistia,video
Sigma 8.0,sigma-8,Backend 4 (REST),Index Route,688f6e5157ce496f9609b485,zxaii8tnz6,523.0,8.7,https://embed-cloudfront.wistia.com/deliveries/36d53ed5e3038a49eb805d8c3d9b24039e997577.m3u8,player,,wistia,video
Sigma 8.0,sigma-8,Backend 4 (REST),Creating RESTful APIs,688f6e5157ce496f9609b484,fvdjvvlx2n,465.0,7.8,https://embed-cloudfront.wistia.com/deliveries/c51f47035c8b27c3c5c958af14a322f46017e1a9.m3u8,player,,wistia,video
Sigma 8.0,sigma-8,Backend 4 (REST),CRUD Operations,688f6e5157ce496f9609b483,z30zhqan05,194.0,3.2,https://embed-cloudfront.wistia.com/deliveries/03451e02409c9f71721d6adba98cc05e81786f1b.m3u8,player,,wistia,video
Sigma 8.0,sigma-8,Backend 4 (REST),What is REST-,688f6e5157ce496f9609b482,ij1sqqgtyj,663.0,11.1,https://embed-cloudfront.wistia.com/deliveries/896eafff7fe57d063c032f547cace8d817bb9740.m3u8,player,,wistia,video
Sigma 8.0,sigma-8,Miscellaneous,Inheritance,688f6e5157ce496f9609b480,i7dipcw13c,788.0,13.1,https://embed-cloudfront.wistia.com/deliveries/77d1395a16535b5f573cae65024f3969df7ae7fd.m3u8,player,,wistia,video
Sigma 8.0,sigma-8,Miscellaneous,Classes in JS,688f6e5157ce496f9609b47f,umttyy0tob,219.0,3.6,https://embed-cloudfront.wistia.com/deliveries/930cf8afbe96f72f12957d8fe9d5302d5dacb07b.m3u8,player,,wistia,video
Sigma 8.0,sigma-8,Miscellaneous,New Operator,688f6e5157ce496f9609b47e,t8e4pneita,600.0,10.0,https://embed-cloudfront.wistia.com/deliveries/900b1fcc298b65d0a8148c28bbf7d56c433ed1cf.m3u8,player,,wistia,video
Sigma 8.0,sigma-8,Miscellaneous,Factory Functions,688f6e5157ce496f9609b47d,ydl26pb6p9,331.0,5.5,https://embed-cloudfront.wistia.com/deliveries/8b35c69f551b1dd9774da3abfcfb58873ee72c4e.m3u8,player,,wistia,video
Sigma 8.0,sigma-8,Miscellaneous,Object Prototypes,688f6e5157ce496f9609b47c,vbthz26rar,804.0,13.4,https://embed-cloudfront.wistia.com/deliveries/7743ed17fd693a0ad27b4b1d65622cc8d593bf6d.m3u8,player,,wistia,video
Sigma 8.0,sigma-8,Miscellaneous,Revisiting JS (OOPS),688f6e5157ce496f9609b47b,ni3wkd1n2v,489.0,8.2,https://embed-cloudfront.wistia.com/deliveries/e009d25b27d92ebfc3ffc0d5959248ed86ff1127.m3u8,player,,wistia,video
Sigma 8.0,sigma-8,Miscellaneous,Handling POST requests,688f6e5157ce496f9609b47a,bers0vh58u,370.0,6.2,https://embed-cloudfront.wistia.com/deliveries/ddc7eb17ca741b9b42a9795f37c72fd63bbd4cb2.m3u8,player,,wistia,video
Sigma 8.0,sigma-8,Miscellaneous,GET & POST Request,688f6e5157ce496f9609b479,3zz181yc5x,797.0,13.3,https://embed-cloudfront.wistia.com/deliveries/d736a8fdc2066ee2e5a4bbeb8d5617493545ad30.m3u8,player,,wistia,video
Sigma 8.0,sigma-8,Backend 3 (Node : EJS),Includes,688f6e5157ce496f9609b478,wfx09hms4p,440.0,7.3,https://embed-cloudfront.wistia.com/deliveries/60486bb778dde7b81c425a52097a43bd074a9ab0.m3u8,player,,wistia,video
Sigma 8.0,sigma-8,Backend 3 (Node : EJS),Serving Static Files,688f6e5157ce496f9609b477,9bmz19bt71,564.0,9.4,https://embed-cloudfront.wistia.com/deliveries/ddc9adae4acf00b0402165e264f67a195615c71d.m3u8,player,,wistia,video
Sigma 8.0,sigma-8,Backend 3 (Node : EJS),Instagram Page with EJS,688f6e5157ce496f9609b476,qvta4re63z,826.0,13.8,https://embed-cloudfront.wistia.com/deliveries/def82cbe4f1eacc1d3606780706de18c1cb36582.m3u8,player,,wistia,video
Sigma 8.0,sigma-8,Backend 3 (Node : EJS),Loops,688f6e5157ce496f9609b474,7o7drd9yra,214.0,3.6,https://embed-cloudfront.wistia.com/deliveries/e0c98c35263bc8ab1db4ce9055fb620e18e9ab1d.m3u8,player,,wistia,video
Sigma 8.0,sigma-8,Backend 3 (Node : EJS),Conditional Statements,688f6e5157ce496f9609b473,l21se1cr8f,219.0,3.6,https://embed-cloudfront.wistia.com/deliveries/9473ca43305fcad5b8fe0900974abd26d4eb6b9d.m3u8,player,,wistia,video
Sigma 8.0,sigma-8,Backend 3 (Node : EJS),Instagram EJS,688f6e5157ce496f9609b472,gurkes7eox,246.0,4.1,https://embed-cloudfront.wistia.com/deliveries/7897d6a6dab16faf478a10947f467412e2efa55c.m3u8,player,,wistia,video
Sigma 8.0,sigma-8,Backend 3 (Node : EJS),Passing data to EJS,688f6e5157ce496f9609b471,udb6jxayj3,287.0,4.8,https://embed-cloudfront.wistia.com/deliveries/bc85c84fa4ecf510256f1edc26d67263df65568b.m3u8,player,,wistia,video
Sigma 8.0,sigma-8,Backend 3 (Node : EJS),Interpolation Syntax,688f6e5157ce496f9609b470,rshj8g7yvu,402.0,6.7,https://embed-cloudfront.wistia.com/deliveries/f4972b29b5aeb71e8f6379d0591ef4fc4cadba69.m3u8,player,,wistia,video
Sigma 8.0,sigma-8,Backend 3 (Node : EJS),Views Directory,688f6e5157ce496f9609b46f,l5bk0h1rhq,123.0,2.0,https://embed-cloudfront.wistia.com/deliveries/9fdb181c4e0b4d699b35aa6697b96a6fe258d958.m3u8,player,,wistia,video
Sigma 8.0,sigma-8,Backend 3 (Node : EJS),Using EJS,688f6e5157ce496f9609b46e,b3m8ooudv4,558.0,9.3,https://embed-cloudfront.wistia.com/deliveries/9e22b63d1503b4fb8d6d0c60e2cb681c72b5f666.m3u8,player,,wistia,video
Sigma 8.0,sigma-8,Backend 3 (Node : EJS),What is Templating-,688f6e5157ce496f9609b46d,xncad9zwgs,397.0,6.6,https://embed-cloudfront.wistia.com/deliveries/9a57da789257159b4e267c1db0c19761fee80953.m3u8,player,,wistia,video
Sigma 8.0,sigma-8,Backend 2 (Node : Express),Query Strings,688f6e5157ce496f9609b46c,jhk501y2z4,342.0,5.7,https://embed-cloudfront.wistia.com/deliveries/c93da46a38b4428ae5f48fde7ec7b03205023ebf.m3u8,player,,wistia,video
Sigma 8.0,sigma-8,Backend 2 (Node : Express),Path Parameters,688f6e5157ce496f9609b46b,7lhnkcdd0e,404.0,6.7,https://embed-cloudfront.wistia.com/deliveries/8e6fd9fa8e8437d6af40469023f87b3c6449d7db.m3u8,player,,wistia,video
Sigma 8.0,sigma-8,Backend 2 (Node : Express),Installing Nodemon,688f6e5157ce496f9609b46a,n37htmkt60,163.0,2.7,https://embed-cloudfront.wistia.com/deliveries/1b318c1a38ad43fd064824114accd30f0e79be3e.m3u8,player,,wistia,video
Sigma 8.0,sigma-8,Backend 2 (Node : Express),Routing,688f6e5157ce496f9609b469,99bhgejonh,543.0,9.1,https://embed-cloudfront.wistia.com/deliveries/7078b5d0c1ac29cd58149442432d3cf312ee3db5.m3u8,player,,wistia,video
Sigma 8.0,sigma-8,Backend 2 (Node : Express),Sending a Response,688f6e5157ce496f9609b468,uufj401ejw,405.0,6.8,https://embed-cloudfront.wistia.com/deliveries/e035972df7ae1310079634a13148eda73844758c.m3u8,player,,wistia,video
Sigma 8.0,sigma-8,Backend 2 (Node : Express),Handling requests,688f6e5157ce496f9609b467,dc1yfhoxeo,255.0,4.2,https://embed-cloudfront.wistia.com/deliveries/35a1208b06f5d534d02e0ab1417b8a9218b9d7b6.m3u8,player,,wistia,video
Sigma 8.0,sigma-8,Backend 2 (Node : Express),Getting started with Express,688f6e5157ce496f9609b466,d2rpor1th1,636.0,10.6,https://embed-cloudfront.wistia.com/deliveries/0501b1a3979873577cf314ae9a528a0f38630e5a.m3u8,player,,wistia,video
Sigma 8.0,sigma-8,Backend 2 (Node : Express),What is Express-,688f6e5157ce496f9609b465,y1art4smzu,259.0,4.3,https://embed-cloudfront.wistia.com/deliveries/36a4ed3f93340f56023571e3a85067d6dc9f8e07.m3u8,player,,wistia,video
Sigma 8.0,sigma-8,Backend 1 (Node.js),import modules,688f6e5157ce496f9609b464,vqw0jagv82,495.0,8.2,https://embed-cloudfront.wistia.com/deliveries/8b7a25f65ecafb86a9932a2e4030d0e8205c8ceb.m3u8,player,,wistia,video
Sigma 8.0,sigma-8,Backend 1 (Node.js),Local v-s Global Installation,688f6e5157ce496f9609b463,cay43p04c7,200.0,3.3,https://embed-cloudfront.wistia.com/deliveries/f5e8d373c965609af50f7617d30a973a780da378.m3u8,player,,wistia,video
Sigma 8.0,sigma-8,Backend 1 (Node.js),package.json,688f6e5157ce496f9609b462,ye57l0205g,509.0,8.5,https://embed-cloudfront.wistia.com/deliveries/d6fc9c44f95d385f19db0eff35b1abd4c86133fc.m3u8,player,,wistia,video
Sigma 8.0,sigma-8,Backend 1 (Node.js),Installing Packages,688f6e5157ce496f9609b461,eftsku83q1,592.0,9.9,https://embed-cloudfront.wistia.com/deliveries/fea4a75259eef1d0481d189a77162828c69804d9.m3u8,player,,wistia,video
Sigma 8.0,sigma-8,Backend 1 (Node.js),What is npm-,688f6e5157ce496f9609b460,sray9g3zo7,240.0,4.0,https://embed-cloudfront.wistia.com/deliveries/03de4dd6c51c07c8e5f58672130f1380f032056b.m3u8,player,,wistia,video
Sigma 8.0,sigma-8,Backend 1 (Node.js),Export in Directories,688f6e5157ce496f9609b45f,l2g58t0sop,377.0,6.3,https://embed-cloudfront.wistia.com/deliveries/01230f453e4077b507a402ebf7a089f1331e326f.m3u8,player,,wistia,video
Sigma 8.0,sigma-8,Backend 1 (Node.js),Export in Files,688f6e5157ce496f9609b45e,e15x2ifhsk,592.0,9.9,https://embed-cloudfront.wistia.com/deliveries/1dc4893886b01fdcae15aeb73ff171d23a276cc5.m3u8,player,,wistia,video
Sigma 8.0,sigma-8,Backend 1 (Node.js),Process in Node,688f6e5157ce496f9609b45d,owunj0tshp,416.0,6.9,https://embed-cloudfront.wistia.com/deliveries/0340f8594149964517cc531dc8b59e60a414f126.m3u8,player,,wistia,video
Sigma 8.0,sigma-8,Backend 1 (Node.js),Node Files,688f6e5157ce496f9609b45c,48cgbkmt1h,154.0,2.6,https://embed-cloudfront.wistia.com/deliveries/f769e57ac57b70b61950c67f586b50f288997316.m3u8,player,,wistia,video
Sigma 8.0,sigma-8,Backend 1 (Node.js),Node REPL,688f6e5157ce496f9609b45b,yq0ukzsatp,214.0,3.6,https://embed-cloudfront.wistia.com/deliveries/ac1d581dcd6bd2e83022804112b9412748b2984c.m3u8,player,,wistia,video
Sigma 8.0,sigma-8,Backend 1 (Node.js),Node Installation,688f6e5157ce496f9609b459,ab8rlut8xe,110.0,1.8,https://embed-cloudfront.wistia.com/deliveries/624f5fe258bcba5e7fa809a5c866d3aa83693a5f.m3u8,player,,wistia,video
Sigma 8.0,sigma-8,Backend 1 (Node.js),What is node.js-,688f6e5157ce496f9609b458,3j17h4iwdw,205.0,3.4,https://embed-cloudfront.wistia.com/deliveries/652ed9dfb06796c6769b963f64103be815889b7e.m3u8,player,,wistia,video
Sigma 8.0,sigma-8,Git & Github,What is Forking-,688f6e5157ce496f9609b457,o1w3gpzfql,371.0,6.2,https://embed-cloudfront.wistia.com/deliveries/319e9b9737b66302ac16ed726a484435c04ead7d.m3u8,player,,wistia,video
Sigma 8.0,sigma-8,Git & Github,Fixing Mistakes,688f6e5157ce496f9609b456,3a8fdwggw6,370.0,6.2,https://embed-cloudfront.wistia.com/deliveries/215a22d13823e3de9fa67db9430e3fd036c7a797.m3u8,player,,wistia,video
Sigma 8.0,sigma-8,Git & Github,Merge Conflicts,688f6e5157ce496f9609b455,5bm3hdhr7y,352.0,5.9,https://embed-cloudfront.wistia.com/deliveries/e69653afa40b85c707b88c4cf8e9a44eb54d87bb.m3u8,player,,wistia,video
Sigma 8.0,sigma-8,Git & Github,Pull command,688f6e5157ce496f9609b454,khbwo02fcf,122.0,2.0,https://embed-cloudfront.wistia.com/deliveries/0814a1167ce7660b9240a8f09909ad160a5ddd34.m3u8,player,,wistia,video
Sigma 8.0,sigma-8,Git & Github,Merging Branches,688f6e5157ce496f9609b453,78jasrt865,596.0,9.9,https://embed-cloudfront.wistia.com/deliveries/ad1089040ad5ba19ad19a1209d502bfa4ff47e63.m3u8,player,,wistia,video
Sigma 8.0,sigma-8,Git & Github,Branch Commands,688f6e5157ce496f9609b452,tttxpkg1sb,178.0,3.0,https://embed-cloudfront.wistia.com/deliveries/97658388462c6e85ad0f93bd3a2945c612ad0474.m3u8,player,,wistia,video
Sigma 8.0,sigma-8,Git & Github,Git branches,688f6e5157ce496f9609b451,u2jgmtrk3h,382.0,6.4,https://embed-cloudfront.wistia.com/deliveries/b361d0362a904ad921a6dd985e303c204b32aaf8.m3u8,player,,wistia,video
Sigma 8.0,sigma-8,Git & Github,Workflow,688f6e5157ce496f9609b450,vbezadw8rk,86.0,1.4,https://embed-cloudfront.wistia.com/deliveries/43f1dfe78ceb6db33977914ce81057bb9951060e.m3u8,player,,wistia,video
Sigma 8.0,sigma-8,Git & Github,Pushing Local repo,688f6e5157ce496f9609b44f,f1104nkg1c,652.0,10.9,https://embed-cloudfront.wistia.com/deliveries/eb57f86c80c80838077997859ab2362b08199619.m3u8,player,,wistia,video
Sigma 8.0,sigma-8,Git & Github,Init Command,688f6e5157ce496f9609b44e,yqh6t56r7h,137.0,2.3,https://embed-cloudfront.wistia.com/deliveries/d9fa2958034aeb78a4ce101c95473e2316cd58df.m3u8,player,,wistia,video
Sigma 8.0,sigma-8,Git & Github,Push command,688f6e5157ce496f9609b44d,rgra9vy549,268.0,4.5,https://embed-cloudfront.wistia.com/deliveries/9fd81a154dacf4a8b311b1b90a3f385fc9b3be31.m3u8,player,,wistia,video
Sigma 8.0,sigma-8,Git & Github,Add & Commit Commands,688f6e5157ce496f9609b44c,ude8bb0c27,363.0,6.0,https://embed-cloudfront.wistia.com/deliveries/16a869161866eb542bd429b1bf76740d26add7e0.m3u8,player,,wistia,video
Sigma 8.0,sigma-8,Git & Github,Status command,688f6e5157ce496f9609b44b,ztdol9q64h,287.0,4.8,https://embed-cloudfront.wistia.com/deliveries/ae59c293548017dceecf659cdb9e606d8a6b2b4e.m3u8,player,,wistia,video
Sigma 8.0,sigma-8,Git & Github,Clone command,688f6e5157ce496f9609b44a,d21yx0xt39,359.0,6.0,https://embed-cloudfront.wistia.com/deliveries/aea36c405a704047a173325890a82fe171c8d5de.m3u8,player,,wistia,video
Sigma 8.0,sigma-8,Git & Github,Git with VSCode,688f6e5157ce496f9609b449,y13qt8okw5,130.0,2.2,https://embed-cloudfront.wistia.com/deliveries/c913f87fa77a5255dc38ff8b5c36113526e09967.m3u8,player,,wistia,video
Sigma 8.0,sigma-8,Git & Github,Configuring Git,688f6e5157ce496f9609b448,472a71icm9,133.0,2.2,https://embed-cloudfront.wistia.com/deliveries/0a966ad6c787a48d717d5e109af5c438de2c2bd0.m3u8,player,,wistia,video
Sigma 8.0,sigma-8,Git & Github,Using Git,688f6e5157ce496f9609b447,fcvyie8f92,171.0,2.9,https://embed-cloudfront.wistia.com/deliveries/9f46ff5455d613cc56d326be5e01471772cd80f5.m3u8,player,,wistia,video
Sigma 8.0,sigma-8,Git & Github,Using Github,688f6e5157ce496f9609b446,jk2zip2egv,851.0,14.2,https://embed-cloudfront.wistia.com/deliveries/d719c989e7f366c546b767bd6f321c37237c765d.m3u8,player,,wistia,video
Sigma 8.0,sigma-8,Git & Github,Creating a Github Account,688f6e5157ce496f9609b445,ns2u9cea51,153.0,2.5,https://embed-cloudfront.wistia.com/deliveries/08755462128de9883c0a98541faa4e4ebf599cb2.m3u8,player,,wistia,video
Sigma 8.0,sigma-8,Git & Github,What is Git & Github-,688f6e5157ce496f9609b444,s7nh1ketoj,515.0,8.6,https://embed-cloudfront.wistia.com/deliveries/68aadcb9af14eb46d63ca66f63cd47b2eb249235.m3u8,player,,wistia,video
Sigma 8.0,sigma-8,Terminal,Deleting Files & Folders,686a841685a1f5f5ee0c9d4f,svlm6sgums,375.0,6.2,https://embed-cloudfront.wistia.com/deliveries/7f82550c9667be0d0beefdab1e4b3e97e6815798.m3u8,player,,wistia,video
Sigma 8.0,sigma-8,Terminal,Touch Command,686a841685a1f5f5ee0c9d4e,99gg4du91k,157.0,2.6,https://embed-cloudfront.wistia.com/deliveries/ba848887e02a7ffa2b73adf383aec760e897223b.m3u8,player,,wistia,video
Sigma 8.0,sigma-8,Terminal,What are Flags-,686a841685a1f5f5ee0c9d4d,xxiuxx15si,410.0,6.8,https://embed-cloudfront.wistia.com/deliveries/f90bc9d960521466f5f2c1fdff3a51d28183e677.m3u8,player,,wistia,video
Sigma 8.0,sigma-8,Terminal,Making Directories,686a841685a1f5f5ee0c9d4c,849dm88k6b,275.0,4.6,https://embed-cloudfront.wistia.com/deliveries/660a90e1bd69126dbe42c289c5322d3a9fd353c9.m3u8,player,,wistia,video
Sigma 8.0,sigma-8,Terminal,Paths in Navigation,686a841685a1f5f5ee0c9d4b,k03g8l4cj0,290.0,4.8,https://embed-cloudfront.wistia.com/deliveries/4e0b388c72de8c5453df2565990bbe5f5549c0eb.m3u8,player,,wistia,video
Sigma 8.0,sigma-8,Terminal,Navigation Commands,686a841685a1f5f5ee0c9d4a,mtdrdqp496,357.0,6.0,https://embed-cloudfront.wistia.com/deliveries/4d9381842fa77075cefda9e13a916128e3b6d276.m3u8,player,,wistia,video
Sigma 8.0,sigma-8,Terminal,Basic Commands,686a841685a1f5f5ee0c9d49,ala4l7oruf,332.0,5.5,https://embed-cloudfront.wistia.com/deliveries/32e6fff25bb485168a54320e337be8d3a0a9c9ba.m3u8,player,,wistia,video
Sigma 8.0,sigma-8,Terminal,(Window Users Only) Installing Git Bash,686a841685a1f5f5ee0c9d48,8goln6fxvk,166.0,2.8,https://embed-cloudfront.wistia.com/deliveries/706c68bac781681656d1c0b9eefd5a874575ee4c.m3u8,player,,wistia,video
Sigma 8.0,sigma-8,Terminal,Different Terms related to Terminal,686a841685a1f5f5ee0c9d47,1imj5234xb,348.0,5.8,https://embed-cloudfront.wistia.com/deliveries/74908cb1e1fa714c6c2196f3cac8342c7538ce97.m3u8,player,,wistia,video
Sigma 8.0,sigma-8,Terminal,What is the Terminal-,686a841685a1f5f5ee0c9d46,ey6qnr2hy9,297.0,5.0,https://embed-cloudfront.wistia.com/deliveries/240a882167838543488163d942fb0ecac180f342.m3u8,player,,wistia,video
Sigma 8.0,sigma-8,JavaScript (Part 13),Activity using Query Strings,686a841685a1f5f5ee0c9d44,h9w0qjl4ik,779.0,13.0,https://embed-cloudfront.wistia.com/deliveries/87ca508652297ed2fb6297b1cd7c3b630fbc066e.m3u8,player,,wistia,video
Sigma 8.0,sigma-8,JavaScript (Part 13),Sending Headers with API requests,686a841685a1f5f5ee0c9d43,9go7dhkw5p,165.0,2.8,https://embed-cloudfront.wistia.com/deliveries/c30fde1b459b4c15b6cffafcd5e319352bf94907.m3u8,player,,wistia,video
Sigma 8.0,sigma-8,JavaScript (Part 13),DogPictures API,686a841685a1f5f5ee0c9d42,2o513nq034,321.0,5.3,https://embed-cloudfront.wistia.com/deliveries/f40099bea833b83349254f50785f9b165a063537.m3u8,player,,wistia,video
Sigma 8.0,sigma-8,JavaScript (Part 13),Using Axios,686a841685a1f5f5ee0c9d41,vhs1y9td7y,566.0,9.4,https://embed-cloudfront.wistia.com/deliveries/58aa9706d859460338c2c9060f2bced69f927c33.m3u8,player,,wistia,video
Sigma 8.0,sigma-8,JavaScript (Part 12),Using Fetch with async-await,686a841685a1f5f5ee0c9d40,daxqokiizp,206.0,3.4,https://embed-cloudfront.wistia.com/deliveries/c188fa6acff104599dc045d5a1c91ea46004136d.m3u8,player,,wistia,video
Sigma 8.0,sigma-8,JavaScript (Part 12),Our First API request,686a841685a1f5f5ee0c9d3f,ii8g0u890o,639.0,10.7,https://embed-cloudfront.wistia.com/deliveries/e2255ab066fd68a4148051b13a1d682232581825.m3u8,player,,wistia,video
Sigma 8.0,sigma-8,JavaScript (Part 12),Https Headers,686a841685a1f5f5ee0c9d3e,nsc02nqtmm,407.0,6.8,https://embed-cloudfront.wistia.com/deliveries/479715c194b75f163d97af0ddcdcfaf4b7a84dc6.m3u8,player,,wistia,video
Sigma 8.0,sigma-8,JavaScript (Part 12),Adding Information in URLs,686a841685a1f5f5ee0c9d3d,zgfpx294gw,685.0,11.4,https://embed-cloudfront.wistia.com/deliveries/e34e3e8c232ed0be1feb937b2305127447568b00.m3u8,player,,wistia,video
Sigma 8.0,sigma-8,JavaScript (Part 12),Status Codes,686a841585a1f5f5ee0c9d3c,szz3soo9gu,179.0,3.0,https://embed-cloudfront.wistia.com/deliveries/cdfaa10f2c50125ee6dca71f64db4a59285bac83.m3u8,player,,wistia,video
Sigma 8.0,sigma-8,JavaScript (Part 12),Https Verbs,686a841585a1f5f5ee0c9d3b,pmt2rfbo3g,100.0,1.7,https://embed-cloudfront.wistia.com/deliveries/d6559c7c4ba497b68abdb0e3fba9ef2524346d03.m3u8,player,,wistia,video
Sigma 8.0,sigma-8,JavaScript (Part 12),What is Ajax-,686a841585a1f5f5ee0c9d3a,edwbdjwiua,195.0,3.2,https://embed-cloudfront.wistia.com/deliveries/4aadc73b8e3082f9c467563f66455bca514c80e3.m3u8,player,,wistia,video
Sigma 8.0,sigma-8,JavaScript (Part 12),API Testing Tools,686a841585a1f5f5ee0c9d39,93k4wmc5nq,269.0,4.5,https://embed-cloudfront.wistia.com/deliveries/0f3ca4270c92609983bd11ea4586a416b9313567.m3u8,player,,wistia,video
Sigma 8.0,sigma-8,JavaScript (Part 12),Accessing JSON data,686a841585a1f5f5ee0c9d38,k5mmnc5me0,282.0,4.7,https://embed-cloudfront.wistia.com/deliveries/1a954d09afaff61975a014643b4f3610418417e1.m3u8,player,,wistia,video
Sigma 8.0,sigma-8,JavaScript (Part 12),What is JSON-,686a841585a1f5f5ee0c9d37,8hdgoxtfhm,294.0,4.9,https://embed-cloudfront.wistia.com/deliveries/b5c18c6d7562851781caad9d47d665a7b4be7b79.m3u8,player,,wistia,video
Sigma 8.0,sigma-8,JavaScript (Part 12),Accessing some APIs,686a841585a1f5f5ee0c9d36,qezu8jeuc6,471.0,7.8,https://embed-cloudfront.wistia.com/deliveries/e5c9fa97d987dda47465a24a7f729fd4a8f1b285.m3u8,player,,wistia,video
Sigma 8.0,sigma-8,JavaScript (Part 12),What is an API-,686a841585a1f5f5ee0c9d35,e5z6bj5njm,389.0,6.5,https://embed-cloudfront.wistia.com/deliveries/2b1ee4c51b219983db1f8a71c5ebc7bf87c423b5.m3u8,player,,wistia,video
Sigma 8.0,sigma-8,JavaScript (Part 12),Handing Rejections,686a841585a1f5f5ee0c9d34,medwex4706,272.0,4.5,https://embed-cloudfront.wistia.com/deliveries/7930d7923721c547812121ba1765a790b797d790.m3u8,player,,wistia,video
Sigma 8.0,sigma-8,JavaScript (Part 12),await Keyword,686a841585a1f5f5ee0c9d33,qip2yrmu12,476.0,7.9,https://embed-cloudfront.wistia.com/deliveries/a99c7dacc18f502a16dbbffb213604a7394e1c52.m3u8,player,,wistia,video
Sigma 8.0,sigma-8,JavaScript (Part 12),async Functions,686a841585a1f5f5ee0c9d32,00xw4wu9cp,452.0,7.5,https://embed-cloudfront.wistia.com/deliveries/cad385aea1056ec34d34ce7c69a586f654df91a7.m3u8,player,,wistia,video
Sigma 8.0,sigma-8,JavaScript (Part 11),Refactoring old code,686a841585a1f5f5ee0c9d31,hh6mt3q7xn,456.0,7.6,https://embed-cloudfront.wistia.com/deliveries/5b2585ccc831fea0ecb0d1117043e9dc96a97024.m3u8,player,,wistia,video
Sigma 8.0,sigma-8,JavaScript (Part 11),Results & Errors in Promises,686a841585a1f5f5ee0c9d30,9t7vkitwn4,206.0,3.4,https://embed-cloudfront.wistia.com/deliveries/36172bed2012c53f22d04e2f84ed269837555695.m3u8,player,,wistia,video
Sigma 8.0,sigma-8,JavaScript (Part 11),Promise chaining,686a841585a1f5f5ee0c9d2f,ou1bq9zd0j,450.0,7.5,https://embed-cloudfront.wistia.com/deliveries/efd5dc5772769143768f28ed44c9f99cd837a2f4.m3u8,player,,wistia,video
Sigma 8.0,sigma-8,JavaScript (Part 11),then( ) and catch( ) methods,686a841585a1f5f5ee0c9d2e,oe8qez31mk,291.0,4.8,https://embed-cloudfront.wistia.com/deliveries/e789d1f2a5b1b27bb571752b5ab6c3cb7f1a342d.m3u8,player,,wistia,video
Sigma 8.0,sigma-8,JavaScript (Part 11),Refactoring with Promises,686a841585a1f5f5ee0c9d2d,i7v5zyx4p3,474.0,7.9,https://embed-cloudfront.wistia.com/deliveries/9dc6dc21590de62f8af4ef526db19446d8d9e4c2.m3u8,player,,wistia,video
Sigma 8.0,sigma-8,JavaScript (Part 11),Setting up for Promises,686a841585a1f5f5ee0c9d2c,5zzbpvemzh,680.0,11.3,https://embed-cloudfront.wistia.com/deliveries/dcc60f60b012a7ff3e17eb0534ba95ca979dd3e5.m3u8,player,,wistia,video
Sigma 8.0,sigma-8,JavaScript (Part 11),Callback Hell,686a841585a1f5f5ee0c9d2b,6b9alrasfm,699.0,11.7,https://embed-cloudfront.wistia.com/deliveries/92d3c8cbcfbd84a376fa96782045bcfd3f30fe2f.m3u8,player,,wistia,video
Sigma 8.0,sigma-8,JavaScript (Part 11),JS is Single Threaded,686a841585a1f5f5ee0c9d2a,6i4encngh4,649.0,10.8,https://embed-cloudfront.wistia.com/deliveries/4610aca674fc0f3b9f5e6819db544967635cfac5.m3u8,player,,wistia,video
Sigma 8.0,sigma-8,JavaScript (Part 11),Breakpoints,686a841585a1f5f5ee0c9d29,kdy2iif0cv,446.0,7.4,https://embed-cloudfront.wistia.com/deliveries/b73fecf235b9e19867381dd88522c1a7076dfdd9.m3u8,player,,wistia,video
Sigma 8.0,sigma-8,JavaScript (Part 11),Visualizing the Call stack,686a841585a1f5f5ee0c9d28,1ctzendqpj,414.0,6.9,https://embed-cloudfront.wistia.com/deliveries/fa7040db16242886eff2b0d7b00a1e9fc968f2e4.m3u8,player,,wistia,video
Sigma 8.0,sigma-8,JavaScript (Part 11),JS Call Stack,686a841585a1f5f5ee0c9d27,w0h2vuor6p,659.0,11.0,https://embed-cloudfront.wistia.com/deliveries/038b6c331b35e6074667e3951f598cafa66925fc.m3u8,player,,wistia,video
Sigma 8.0,sigma-8,JavaScript (Mini-Project),Display Score,686a841585a1f5f5ee0c9d26,ia7mqjffkt,242.0,4.0,https://embed-cloudfront.wistia.com/deliveries/2947be785d39d222e687da21c4bbc1dc1333b048.m3u8,player,,wistia,video
Sigma 8.0,sigma-8,JavaScript (Mini-Project),Reset Game,686a841585a1f5f5ee0c9d25,3m01e16bug,147.0,2.5,https://embed-cloudfront.wistia.com/deliveries/d7dc45620bd706a2ad99294b4580f854c3b4e96a.m3u8,player,,wistia,video
Sigma 8.0,sigma-8,JavaScript (Mini-Project),Matching Sequence,686a841585a1f5f5ee0c9d24,099ud0m1mb,806.0,13.4,https://embed-cloudfront.wistia.com/deliveries/5b8ade54b3bf1ea0f6970266980c83a543e330a9.m3u8,player,,wistia,video
Sigma 8.0,sigma-8,JavaScript (Mini-Project),Button Event Listeners,686a841585a1f5f5ee0c9d23,jcknmculbi,309.0,5.2,https://embed-cloudfront.wistia.com/deliveries/77fbc81a8846c12dc6bc1407dc7149c2552320de.m3u8,player,,wistia,video
Sigma 8.0,sigma-8,JavaScript (Mini-Project),Flash Buttons & Level Up,686a841585a1f5f5ee0c9d22,0fkpaqmb1p,521.0,8.7,https://embed-cloudfront.wistia.com/deliveries/a479b7459e0011d55cf8e50778d25b1138111e38.m3u8,player,,wistia,video
Sigma 8.0,sigma-8,JavaScript (Mini-Project),Start Game,686a841585a1f5f5ee0c9d21,ke1c4rasko,493.0,8.2,https://embed-cloudfront.wistia.com/deliveries/8ae5b6139db204d19c6dcc5ba1c8c6a34402f02a.m3u8,player,,wistia,video
Sigma 8.0,sigma-8,JavaScript (Mini-Project),Setting up Project,686a841585a1f5f5ee0c9d20,2bd44ya7px,551.0,9.2,https://embed-cloudfront.wistia.com/deliveries/7c52b491e01fabd7ac0b8e4d5ccc17668b61456a.m3u8,player,,wistia,video
Sigma 8.0,sigma-8,JavaScript (Mini-Project),Event Delegation,686a841585a1f5f5ee0c9d1e,h52kttl5xg,521.0,8.7,https://embed-cloudfront.wistia.com/deliveries/94ebf71de0d61043395010fe6d4fd00b866172fe.m3u8,player,,wistia,video
Sigma 8.0,sigma-8,JavaScript (Mini-Project),Building Todo with DOM,686a841585a1f5f5ee0c9d1d,z3n8y8ouh8,688.0,11.5,https://embed-cloudfront.wistia.com/deliveries/e7c9902a508562bc1cf04cdbf17ac8b4b6cf8779.m3u8,player,,wistia,video
Sigma 8.0,sigma-8,JavaScript (Mini-Project),Event Bubbling,686a841585a1f5f5ee0c9d1c,blh2uasyr1,214.0,3.6,https://embed-cloudfront.wistia.com/deliveries/142f1a7747842e237dc0e4ba9721c76954e102ac.m3u8,player,,wistia,video
Sigma 8.0,sigma-8,JavaScript (Part 10),More Events,686a841585a1f5f5ee0c9d1a,v1yddjbq8m,475.0,7.9,https://embed-cloudfront.wistia.com/deliveries/35b38608985375a4a94860b97a2a24ce415c44bf.m3u8,player,,wistia,video
Sigma 8.0,sigma-8,JavaScript (Part 10),Extracting Form Data,686a841585a1f5f5ee0c9d19,ftal1nos5l,575.0,9.6,https://embed-cloudfront.wistia.com/deliveries/e95132221604f47d7f8c87b30c3baf1c795fbd59.m3u8,player,,wistia,video
Sigma 8.0,sigma-8,JavaScript (Part 10),Form Events,686a841585a1f5f5ee0c9d18,263clup8qt,250.0,4.2,https://embed-cloudfront.wistia.com/deliveries/376eb6548d158fa1e772769fcfd9c8f545bfcf64.m3u8,player,,wistia,video
Sigma 8.0,sigma-8,JavaScript (Part 10),Keyboard Events,686a841585a1f5f5ee0c9d17,9sq0oxdkot,901.0,15.0,https://embed-cloudfront.wistia.com/deliveries/2eb7eadcecba5854c374503d4f5e18b3cfadaf0f.m3u8,player,,wistia,video
Sigma 8.0,sigma-8,JavaScript (Part 10),this in Event Listeners,686a841585a1f5f5ee0c9d16,bmexbtupxx,469.0,7.8,https://embed-cloudfront.wistia.com/deliveries/f3ff293f527d8a61d8c1a02beeecd46285de409e.m3u8,player,,wistia,video
Sigma 8.0,sigma-8,JavaScript (Part 10),Event Listeners for Elements,686a841585a1f5f5ee0c9d15,q2isv9b2l2,163.0,2.7,https://embed-cloudfront.wistia.com/deliveries/2329666749a979c28d3ed650dcccbd7e005a2a38.m3u8,player,,wistia,video
Sigma 8.0,sigma-8,JavaScript (Part 10),Activity,686a841585a1f5f5ee0c9d14,avydne6clt,618.0,10.3,https://embed-cloudfront.wistia.com/deliveries/82782ea88e6cfdd31869ec3c7dcd7abb76c0f473.m3u8,player,,wistia,video
Sigma 8.0,sigma-8,JavaScript (Part 10),Event Listeners,686a841585a1f5f5ee0c9d13,6jd0qicega,412.0,6.9,https://embed-cloudfront.wistia.com/deliveries/12bc085e407751174830b073796b0555f8522692.m3u8,player,,wistia,video
Sigma 8.0,sigma-8,JavaScript (Part 10),Mouse- Pointer Events,686a841585a1f5f5ee0c9d12,uy8peynijb,536.0,8.9,https://embed-cloudfront.wistia.com/deliveries/674e338d78739a2f3a52d39f315795c2ec2cbbcf.m3u8,player,,wistia,video
Sigma 8.0,sigma-8,JavaScript (Part 10),DOM Events,686a841585a1f5f5ee0c9d11,7lt225s1of,309.0,5.2,https://embed-cloudfront.wistia.com/deliveries/dc6ca749acd6ac66a6d66ebd4dafbedf3aececc3.m3u8,player,,wistia,video
Sigma 8.0,sigma-8,JavaScript (Part 9),Practice Qs,686a841585a1f5f5ee0c9d0e,jaxo1yisza,409.0,6.8,https://embed-cloudfront.wistia.com/deliveries/b3719664e05596ab7bd65616bd77baca8170fbc5.m3u8,player,,wistia,video
Sigma 8.0,sigma-8,JavaScript (Part 9),Removing Elements from Page,686a841585a1f5f5ee0c9d0d,2t70g5ap7m,107.0,1.8,https://embed-cloudfront.wistia.com/deliveries/f716692078dfc766f0bc2c5574e3c91abbfd774b.m3u8,player,,wistia,video
Sigma 8.0,sigma-8,JavaScript (Part 9),Adding Elements on Page,686a841585a1f5f5ee0c9d0c,8bcc7wsid2,740.0,12.3,https://embed-cloudfront.wistia.com/deliveries/c212d421cddfbd6a611ce67297b409081df85914.m3u8,player,,wistia,video
Sigma 8.0,sigma-8,JavaScript (Part 9),Navigation on Page,686a841585a1f5f5ee0c9d0b,mr25nni8p0,506.0,8.4,https://embed-cloudfront.wistia.com/deliveries/2ecbf82b74e9566f294ce8074fb40b4217fd7e2e.m3u8,player,,wistia,video
Sigma 8.0,sigma-8,JavaScript (Part 9),classList Property,686a841585a1f5f5ee0c9d0a,p406jnjc7e,726.0,12.1,https://embed-cloudfront.wistia.com/deliveries/cac0f09d0ae3aff14f71189aa171c381b6806544.m3u8,player,,wistia,video
Sigma 8.0,sigma-8,JavaScript (Part 9),Manipulating Style (with style attribute),686a841585a1f5f5ee0c9d09,2f3aijk4qa,518.0,8.6,https://embed-cloudfront.wistia.com/deliveries/6619fa5730212a2720900ffa02f64f7e13c1b1e6.m3u8,player,,wistia,video
Sigma 8.0,sigma-8,JavaScript (Part 9),Manipulating Attributes,686a841585a1f5f5ee0c9d08,pgnhuu7b5e,280.0,4.7,https://embed-cloudfront.wistia.com/deliveries/2723c097f050ba18c2bbe1ffa00788c5be3a72b1.m3u8,player,,wistia,video
Sigma 8.0,sigma-8,JavaScript (Part 9),Setting Content in Objects,686a841585a1f5f5ee0c9d07,ao1u2c44uo,647.0,10.8,https://embed-cloudfront.wistia.com/deliveries/893a4c92bd37eef31e142f16516019f1898234aa.m3u8,player,,wistia,video
Sigma 8.0,sigma-8,JavaScript (Part 9),Query Selectors,686a841585a1f5f5ee0c9d06,khn6kqza30,379.0,6.3,https://embed-cloudfront.wistia.com/deliveries/03d5a7b05a3a11bd34a167d07b50a791a815b5f3.m3u8,player,,wistia,video
Sigma 8.0,sigma-8,JavaScript (Part 9),Selecting Elements by Tag Name,686a841585a1f5f5ee0c9d05,t9mxsqdt1t,130.0,2.2,https://embed-cloudfront.wistia.com/deliveries/1677d0d2208ce69609685b951725461f72bbfc2b.m3u8,player,,wistia,video
Sigma 8.0,sigma-8,JavaScript (Part 9),Selecting Elements by Class Name,686a841585a1f5f5ee0c9d04,a2tzbv4avl,326.0,5.4,https://embed-cloudfront.wistia.com/deliveries/024f615534870634e9f50186118b2ad225f50f8d.m3u8,player,,wistia,video
Sigma 8.0,sigma-8,JavaScript (Part 9),Selecting Element by ID,686a841585a1f5f5ee0c9d03,5kgm5vr4g6,378.0,6.3,https://embed-cloudfront.wistia.com/deliveries/7c85304fd00de30a2116f08c1ab23c6765a05db8.m3u8,player,,wistia,video
Sigma 8.0,sigma-8,JavaScript (Part 9),Download Starter Code,686a841585a1f5f5ee0c9d01,j1ll02ifq0,568.0,9.5,https://embed-cloudfront.wistia.com/deliveries/cdab05fbdcc3007297f205093d585c9f5ff88db3.m3u8,player,,wistia,video
Sigma 8.0,sigma-8,JavaScript (Part 9),What is DOM-,686a841585a1f5f5ee0c9d00,nv7qaibtnw,292.0,4.9,https://embed-cloudfront.wistia.com/deliveries/b47a21a53268e8cf98a2378dffb6cd36aa98bfb2.m3u8,player,,wistia,video
Sigma 8.0,sigma-8,JavaScript (Part 9),Introduction,686a841585a1f5f5ee0c9cff,lgszqgmngu,102.0,1.7,https://embed-cloudfront.wistia.com/deliveries/139ff66a1c1c90672b0f954d32f3781be8ca7a18.m3u8,player,,wistia,video
Sigma 8.0,sigma-8,JavaScript (Part 8),Destructuring (Objects),686a841585a1f5f5ee0c9cfc,2r06xj8hxa,354.0,5.9,https://embed-cloudfront.wistia.com/deliveries/439a4792756a4fe95401938bb52eff893418aab8.m3u8,player,,wistia,video
Sigma 8.0,sigma-8,JavaScript (Part 8),Destructuring,686a841585a1f5f5ee0c9cfb,lx58f9r5co,237.0,4.0,https://embed-cloudfront.wistia.com/deliveries/4545b1a10d0e6d2dbf2135c4e305128c4882dea8.m3u8,player,,wistia,video
Sigma 8.0,sigma-8,JavaScript (Part 8),Rest,686a841585a1f5f5ee0c9cfa,ksnbajccdh,631.0,10.5,https://embed-cloudfront.wistia.com/deliveries/fa125aba5763a43118721813b62e33c440c3a89f.m3u8,player,,wistia,video
Sigma 8.0,sigma-8,JavaScript (Part 8),Spread (Object Literals),686a841585a1f5f5ee0c9cf9,05mwxhjjjg,269.0,4.5,https://embed-cloudfront.wistia.com/deliveries/6693237604d9173b16c943ab6d73fac51deab755.m3u8,player,,wistia,video
Sigma 8.0,sigma-8,JavaScript (Part 8),Spread (Array Literals),686a841585a1f5f5ee0c9cf8,4c82s2pei0,210.0,3.5,https://embed-cloudfront.wistia.com/deliveries/f37ff8e15d1610001732279ac3aa86a181ef25b5.m3u8,player,,wistia,video
Sigma 8.0,sigma-8,JavaScript (Part 8),Spread,686a841585a1f5f5ee0c9cf7,ks4d3rueo9,295.0,4.9,https://embed-cloudfront.wistia.com/deliveries/a44ddc754f6892f21dccd564c12098ebee169f85.m3u8,player,,wistia,video
Sigma 8.0,sigma-8,JavaScript (Part 8),Default Parameters,686a841585a1f5f5ee0c9cf6,fwvvobppyq,265.0,4.4,https://embed-cloudfront.wistia.com/deliveries/6124d9984177a1ec680e945c07d50d3e749850bc.m3u8,player,,wistia,video
Sigma 8.0,sigma-8,JavaScript (Part 8),Practice Qs,686a841585a1f5f5ee0c9cf5,hmdib7167x,260.0,4.3,https://embed-cloudfront.wistia.com/deliveries/8d1f830a45a04657af288f9aee0a44f9e7bb19e8.m3u8,player,,wistia,video
Sigma 8.0,sigma-8,JavaScript (Part 8),Maximum in Array,686a841585a1f5f5ee0c9cf4,ox3f2qz6b7,287.0,4.8,https://embed-cloudfront.wistia.com/deliveries/9cd0a0d518e638c84a0262623ca84b83a0f32a79.m3u8,player,,wistia,video
Sigma 8.0,sigma-8,JavaScript (Part 8),Reduce Method,686a841585a1f5f5ee0c9cf3,jb64dom6hu,604.0,10.1,https://embed-cloudfront.wistia.com/deliveries/17bfac89a82a0e0717cf166926e2761d1fd8e575.m3u8,player,,wistia,video
Sigma 8.0,sigma-8,JavaScript (Part 8),Every & Sum,686a841585a1f5f5ee0c9cf2,eb0meiwv9q,159.0,2.6,https://embed-cloudfront.wistia.com/deliveries/9f02d69a59a8e2d3ea486c4bc62e6ca89f8d246b.m3u8,player,,wistia,video
Sigma 8.0,sigma-8,JavaScript (Part 8),Map & Filter,686a841585a1f5f5ee0c9cf1,6ocbv2c26d,477.0,8.0,https://embed-cloudfront.wistia.com/deliveries/e4c243dae8d6c132e72397ee8407045045578ce6.m3u8,player,,wistia,video
Sigma 8.0,sigma-8,JavaScript (Part 8),Array Methods,686a841585a1f5f5ee0c9cf0,mtokve0os2,285.0,4.8,https://embed-cloudfront.wistia.com/deliveries/293c83a1353d1a81ed14b496c752271c84f02070.m3u8,player,,wistia,video
Sigma 8.0,sigma-8,JavaScript (Part 7),Practice Qs,686a841585a1f5f5ee0c9ced,58p8fd8uy2,329.0,5.5,https://embed-cloudfront.wistia.com/deliveries/7dcee7119e4d358ad2fc9ddb6f296dc1a98fe944.m3u8,player,,wistia,video
Sigma 8.0,sigma-8,JavaScript (Part 7),this with Arrow Functions,686a841585a1f5f5ee0c9cec,f74yd2uq0q,805.0,13.4,https://embed-cloudfront.wistia.com/deliveries/cb76a88864241ca2da50e8777610954ffde09849.m3u8,player,,wistia,video
Sigma 8.0,sigma-8,JavaScript (Part 7),Set Interval Function,686a841585a1f5f5ee0c9ceb,6i13turqzg,236.0,3.9,https://embed-cloudfront.wistia.com/deliveries/786d03d9e634ece9142285e12cff7cb80c23e317.m3u8,player,,wistia,video
Sigma 8.0,sigma-8,JavaScript (Part 7),Set TimeOut Function,686a841585a1f5f5ee0c9cea,kz5398rjwr,318.0,5.3,https://embed-cloudfront.wistia.com/deliveries/e18306f10218eb78ec1f84dd2eec3824eebbe7ad.m3u8,player,,wistia,video
Sigma 8.0,sigma-8,JavaScript (Part 7),Implicit Return in Arrow Functions,686a841585a1f5f5ee0c9ce9,6szusil3ox,272.0,4.5,https://embed-cloudfront.wistia.com/deliveries/9a49a8b5ecebab79919744bd6cb5e72edfc1bdf3.m3u8,player,,wistia,video
Sigma 8.0,sigma-8,JavaScript (Part 7),Arrow Functions,686a841585a1f5f5ee0c9ce8,izabtcgf32,518.0,8.6,https://embed-cloudfront.wistia.com/deliveries/482c8cf2bfd7e576aa15f2b29d941e3e1485224e.m3u8,player,,wistia,video
Sigma 8.0,sigma-8,JavaScript (Part 7),Try & Catch,686a841585a1f5f5ee0c9ce7,3zgecrii73,385.0,6.4,https://embed-cloudfront.wistia.com/deliveries/dde66de0c748fdf934be25ac76cacc7517f447f6.m3u8,player,,wistia,video
Sigma 8.0,sigma-8,JavaScript (Part 7),'this' in JavaScript,686a841585a1f5f5ee0c9ce6,mzs9nim1qy,491.0,8.2,https://embed-cloudfront.wistia.com/deliveries/c519f739f7ad083618ee204c1afe2657e4a78d59.m3u8,player,,wistia,video
Sigma 8.0,sigma-8,JavaScript (Part 6),Methods,686a841585a1f5f5ee0c9ce3,rrf2hhc8y1,422.0,7.0,https://embed-cloudfront.wistia.com/deliveries/65f7bf618d3f080cc3c8b7cc22b63a17f67eba8c.m3u8,player,,wistia,video
Sigma 8.0,sigma-8,JavaScript (Part 6),Higher Order Functions (Returns),686a841585a1f5f5ee0c9ce2,2pg5ecbzil,413.0,6.9,https://embed-cloudfront.wistia.com/deliveries/03a1c0b41e0902532907f5eec2f7ae421ebc22db.m3u8,player,,wistia,video
Sigma 8.0,sigma-8,JavaScript (Part 6),Higher Order Functions,686a841585a1f5f5ee0c9ce1,hq0lt0wny7,348.0,5.8,https://embed-cloudfront.wistia.com/deliveries/f10d42a73136ca318418535db81b73ca3d76f4cb.m3u8,player,,wistia,video
Sigma 8.0,sigma-8,JavaScript (Part 6),Functions Expressions,686a841585a1f5f5ee0c9ce0,e8x627i65v,235.0,3.9,https://embed-cloudfront.wistia.com/deliveries/d24dd16e57af1432a5be1659da5e927046c4fe27.m3u8,player,,wistia,video
Sigma 8.0,sigma-8,JavaScript (Part 6),Practice Qs 7,686a841585a1f5f5ee0c9cdf,bc69qbesxw,291.0,4.8,https://embed-cloudfront.wistia.com/deliveries/4e0acf7460256e4fec5e688ba135af2c358b2c41.m3u8,player,,wistia,video
Sigma 8.0,sigma-8,JavaScript (Part 6),Lexical Scope,686a841585a1f5f5ee0c9cde,vb5rfli99i,297.0,5.0,https://embed-cloudfront.wistia.com/deliveries/3549b2528d9b324088e7cb434c05073432c5f783.m3u8,player,,wistia,video
Sigma 8.0,sigma-8,JavaScript (Part 6),Block Scope,686a841585a1f5f5ee0c9cdd,ya7mc0suvd,249.0,4.2,https://embed-cloudfront.wistia.com/deliveries/67d6ee8035a1014931736e32b2cc74eceabb636a.m3u8,player,,wistia,video
Sigma 8.0,sigma-8,JavaScript (Part 6),What is Scope-,686a841585a1f5f5ee0c9cdc,tdbg7v6ze9,349.0,5.8,https://embed-cloudfront.wistia.com/deliveries/a5647ecf5e3b2bc73012649976c51cb46ce0b070.m3u8,player,,wistia,video
Sigma 8.0,sigma-8,JavaScript (Part 6),Practice Qs 6,686a841585a1f5f5ee0c9cdb,hh4r8iqawd,261.0,4.3,https://embed-cloudfront.wistia.com/deliveries/251d4949b222e0c7334649bbdb419ea9937a9ac3.m3u8,player,,wistia,video
Sigma 8.0,sigma-8,JavaScript (Part 6),Practice Qs 5,686a841585a1f5f5ee0c9cda,hssjd95lvw,226.0,3.8,https://embed-cloudfront.wistia.com/deliveries/ef6894db73df763b45ed0069c816c38a48b3b08d.m3u8,player,,wistia,video
Sigma 8.0,sigma-8,JavaScript (Part 6),return Keyword,686a841585a1f5f5ee0c9cd9,4hh25d7rmk,604.0,10.1,https://embed-cloudfront.wistia.com/deliveries/1369d33477baecc23caca432be0cfb571dfe993d.m3u8,player,,wistia,video
Sigma 8.0,sigma-8,JavaScript (Part 6),Practice Qs 4,686a841585a1f5f5ee0c9cd8,6fbrl1rgeh,154.0,2.6,https://embed-cloudfront.wistia.com/deliveries/784107af55b581d0423a04bd7e6264429c9e7abb.m3u8,player,,wistia,video
Sigma 8.0,sigma-8,JavaScript (Part 6),Practice Qs 3,686a841585a1f5f5ee0c9cd7,m6p1o3wgm4,206.0,3.4,https://embed-cloudfront.wistia.com/deliveries/0a57849795cb931fd0c1bcbad6ea86b33ccf7a42.m3u8,player,,wistia,video
Sigma 8.0,sigma-8,JavaScript (Part 6),Functions with Arguments,686a841585a1f5f5ee0c9cd6,gcm8d20j7g,478.0,8.0,https://embed-cloudfront.wistia.com/deliveries/960f5af7042f7f7ecb41c1fcb6c21dd923a4abce.m3u8,player,,wistia,video
Sigma 8.0,sigma-8,JavaScript (Part 6),Practice Qs 2,686a841485a1f5f5ee0c9cd5,o4khmj8suj,207.0,3.5,https://embed-cloudfront.wistia.com/deliveries/5ad57f9191d2df065ad4265d5e932a611dac2eed.m3u8,player,,wistia,video
Sigma 8.0,sigma-8,JavaScript (Part 6),Practice Qs1,686a841485a1f5f5ee0c9cd4,b32i8uz2v2,71.0,1.2,https://embed-cloudfront.wistia.com/deliveries/356ecde61f2bb0cdc5d2425c63173c3c1691648b.m3u8,player,,wistia,video
Sigma 8.0,sigma-8,JavaScript (Part 6),What are functions-,686a841485a1f5f5ee0c9cd3,rhh5nuag70,536.0,8.9,https://embed-cloudfront.wistia.com/deliveries/7f9079e83924a61850bb58f7b355c61b392ec665.m3u8,player,,wistia,video
Sigma 8.0,sigma-8,JavaScript (Part 5),Guessing Game,686a841485a1f5f5ee0c9cd0,o8o60tkiru,876.0,14.6,https://embed-cloudfront.wistia.com/deliveries/ef56d52678c5364a3560b08d86766d2b53dc546c.m3u8,player,,wistia,video
Sigma 8.0,sigma-8,JavaScript (Part 5),Practice Qs,686a841485a1f5f5ee0c9ccf,l09ld8zmjz,179.0,3.0,https://embed-cloudfront.wistia.com/deliveries/8f664ee577e56d651ddc377b9c4f9640e090ff48.m3u8,player,,wistia,video
Sigma 8.0,sigma-8,JavaScript (Part 5),Random Integers,686a841485a1f5f5ee0c9cce,za6tz6puje,384.0,6.4,https://embed-cloudfront.wistia.com/deliveries/b24e841aa620f34229ca4edfdd0fe71705562803.m3u8,player,,wistia,video
Sigma 8.0,sigma-8,JavaScript (Part 5),Math Object,686a841485a1f5f5ee0c9ccd,n7heozkqcb,485.0,8.1,https://embed-cloudfront.wistia.com/deliveries/6300f061bd05f061ea9b2c35fb9d44a7ac8dd929.m3u8,player,,wistia,video
Sigma 8.0,sigma-8,JavaScript (Part 5),Array of Objects,686a841485a1f5f5ee0c9ccc,m3o8z64qol,225.0,3.8,https://embed-cloudfront.wistia.com/deliveries/67f03f3a3ed324e8c5fe0af77d05797b2ac7ddf5.m3u8,player,,wistia,video
Sigma 8.0,sigma-8,JavaScript (Part 5),Nested Objects,686a841485a1f5f5ee0c9ccb,365acm96l9,228.0,3.8,https://embed-cloudfront.wistia.com/deliveries/2986087929b1b0188e8f6d9753e54e2f9ba815ef.m3u8,player,,wistia,video
Sigma 8.0,sigma-8,JavaScript (Part 5),Add - Update Values,686a841485a1f5f5ee0c9cca,tww1vlti0e,320.0,5.3,https://embed-cloudfront.wistia.com/deliveries/2b77a58b1e1c2ecf18ff04cd14b13fabde363e41.m3u8,player,,wistia,video
Sigma 8.0,sigma-8,JavaScript (Part 5),Conversion in Get Values,686a841485a1f5f5ee0c9cc9,hp1ouxa7g2,265.0,4.4,https://embed-cloudfront.wistia.com/deliveries/27671eb92f4340270e0ef8453f967913ac195f97.m3u8,player,,wistia,video
Sigma 8.0,sigma-8,JavaScript (Part 5),Get Values,686a841485a1f5f5ee0c9cc8,oy9itj4mov,266.0,4.4,https://embed-cloudfront.wistia.com/deliveries/151bdfa8e7e7e436535d81affd659c42c420fd72.m3u8,player,,wistia,video
Sigma 8.0,sigma-8,JavaScript (Part 5),Creating a Post,686a841485a1f5f5ee0c9cc7,j47zfwr5tt,178.0,3.0,https://embed-cloudfront.wistia.com/deliveries/8ee31d48e7b663d0fef86d8fb00cbc44b7113a73.m3u8,player,,wistia,video
Sigma 8.0,sigma-8,JavaScript (Part 5),Creating Object Literals,686a841485a1f5f5ee0c9cc6,x6c9szistw,463.0,7.7,https://embed-cloudfront.wistia.com/deliveries/03dac9f2efd42a51c36575fa64dd82e03ed4ee5b.m3u8,player,,wistia,video
Sigma 8.0,sigma-8,JavaScript (Part 5),Object Literals,686a841485a1f5f5ee0c9cc5,53motfxpby,239.0,4.0,https://embed-cloudfront.wistia.com/deliveries/5f0891de461ed2eb6b4e5749064d462bc822a4a7.m3u8,player,,wistia,video
Sigma 8.0,sigma-8,JavaScript (Part 4),Todo App (only JS),686a841485a1f5f5ee0c9cc2,zspnvru0ir,882.0,14.7,https://embed-cloudfront.wistia.com/deliveries/82f33572c9c652cce41f8f55126a58e6bd772c85.m3u8,player,,wistia,video
Sigma 8.0,sigma-8,JavaScript (Part 4),Nested for-of Loop,686a841485a1f5f5ee0c9cc1,ul49d8r61l,98.0,1.6,https://embed-cloudfront.wistia.com/deliveries/5afbb33bb6835d0554a9854626f68382695c18e1.m3u8,player,,wistia,video
Sigma 8.0,sigma-8,JavaScript (Part 4),for-of Loops,686a841485a1f5f5ee0c9cc0,vobqhybtu0,254.0,4.2,https://embed-cloudfront.wistia.com/deliveries/97ebf705582311d0afe2ba167ac51a223aea6995.m3u8,player,,wistia,video
Sigma 8.0,sigma-8,JavaScript (Part 4),Loops with Nested Arrays,686a841485a1f5f5ee0c9cbf,s43z6stjju,512.0,8.5,https://embed-cloudfront.wistia.com/deliveries/5ab8847a7e5905b008ea821d33189292a409daf9.m3u8,player,,wistia,video
Sigma 8.0,sigma-8,JavaScript (Part 4),Loops with Arrays,686a841485a1f5f5ee0c9cbe,qg4nrygin3,420.0,7.0,https://embed-cloudfront.wistia.com/deliveries/0c7995ebe0cb18257d7db699e572fa27e129887d.m3u8,player,,wistia,video
Sigma 8.0,sigma-8,JavaScript (Part 4),break Keyword,686a841485a1f5f5ee0c9cbd,095yz04e43,252.0,4.2,https://embed-cloudfront.wistia.com/deliveries/985e53449f70872749c319683cc3bba5325c1d6c.m3u8,player,,wistia,video
Sigma 8.0,sigma-8,JavaScript (Part 4),Favorite Movie,686a841485a1f5f5ee0c9cbc,cuj1e21djd,652.0,10.9,https://embed-cloudfront.wistia.com/deliveries/14b6231b5d450d396ac2dbe9e1781c12e4518039.m3u8,player,,wistia,video
Sigma 8.0,sigma-8,JavaScript (Part 4),while Loops,686a841485a1f5f5ee0c9cbb,deytf5rvwa,299.0,5.0,https://embed-cloudfront.wistia.com/deliveries/b617ea8031c0549532c8c67f3488e6562100d9a2.m3u8,player,,wistia,video
Sigma 8.0,sigma-8,JavaScript (Part 4),Nested for Loop,686a841485a1f5f5ee0c9cba,0swaeryh3h,538.0,9.0,https://embed-cloudfront.wistia.com/deliveries/e10400cd0a377d6fd25e6fd4e2ea1fe966374c1f.m3u8,player,,wistia,video
Sigma 8.0,sigma-8,JavaScript (Part 4),Print Multiplication Table,686a841485a1f5f5ee0c9cb9,mi1kpli62h,326.0,5.4,https://embed-cloudfront.wistia.com/deliveries/a66832dc00a09c84e45d57c9d1977850f08cb4ac.m3u8,player,,wistia,video
Sigma 8.0,sigma-8,JavaScript (Part 4),Infinite Loops,686a841485a1f5f5ee0c9cb8,vstfo6llzk,239.0,4.0,https://embed-cloudfront.wistia.com/deliveries/0dcb93889f83f76d81edaec2e80a6468fb803903.m3u8,player,,wistia,video
Sigma 8.0,sigma-8,JavaScript (Part 4),Print Even Numbers,686a841485a1f5f5ee0c9cb7,sxbimkb281,226.0,3.8,https://embed-cloudfront.wistia.com/deliveries/117ec19b8d861b6d91a5f281a87052a579e85910.m3u8,player,,wistia,video
Sigma 8.0,sigma-8,JavaScript (Part 4),Print Odd Numbers,686a841485a1f5f5ee0c9cb6,94k4bzm7y6,328.0,5.5,https://embed-cloudfront.wistia.com/deliveries/9bb9e956576a8170139ad7fdb84dc151b2829073.m3u8,player,,wistia,video
Sigma 8.0,sigma-8,JavaScript (Part 4),Dry Run,686a841485a1f5f5ee0c9cb5,c4u36wce46,560.0,9.3,https://embed-cloudfront.wistia.com/deliveries/f81b83ddc954532aee082bace78e1297ea8af9b2.m3u8,player,,wistia,video
Sigma 8.0,sigma-8,JavaScript (Part 4),for Loops,686a841485a1f5f5ee0c9cb4,7i14z21dbl,476.0,7.9,https://embed-cloudfront.wistia.com/deliveries/ca1c964b8ba4c707378e223d7a7012bfde23a902.m3u8,player,,wistia,video
Sigma 8.0,sigma-8,JavaScript (Part 3),Practice Qs,686a841485a1f5f5ee0c9cb1,gq1t27s6lc,292.0,4.9,https://embed-cloudfront.wistia.com/deliveries/116d2676ba027781851ab8cefadefe22152b0481.m3u8,player,,wistia,video
Sigma 8.0,sigma-8,JavaScript (Part 3),Nested Arrays,686a841485a1f5f5ee0c9cb0,fzcfpgxvpq,401.0,6.7,https://embed-cloudfront.wistia.com/deliveries/3a45d01fe88ddcb8f101fb109b0d509dc0b9600d.m3u8,player,,wistia,video
Sigma 8.0,sigma-8,JavaScript (Part 3),Constant Arrays,686a841485a1f5f5ee0c9caf,8t6noedw1d,288.0,4.8,https://embed-cloudfront.wistia.com/deliveries/b8c7ac49fbb1d5a271f7b59f58cf947cb74c4b49.m3u8,player,,wistia,video
Sigma 8.0,sigma-8,JavaScript (Part 3),Arrays References,686a841485a1f5f5ee0c9cae,k58d4l1chg,594.0,9.9,https://embed-cloudfront.wistia.com/deliveries/65b93c6cb87befc61b012dba9623051d4baa0d2a.m3u8,player,,wistia,video
Sigma 8.0,sigma-8,JavaScript (Part 3),Practice Qs,686a841485a1f5f5ee0c9cad,icnazfg2h8,264.0,4.4,https://embed-cloudfront.wistia.com/deliveries/c360996eafe5d7c018e3a1c36e75b2e48eec66aa.m3u8,player,,wistia,video
Sigma 8.0,sigma-8,JavaScript (Part 3),Sort in Arrays,686a841485a1f5f5ee0c9cac,bg4yanglhz,196.0,3.3,https://embed-cloudfront.wistia.com/deliveries/ac26957aa4555c478c417383255f883aaf124c14.m3u8,player,,wistia,video
Sigma 8.0,sigma-8,JavaScript (Part 3),Splice in Arrays,686a841485a1f5f5ee0c9cab,myw1xehr7b,548.0,9.1,https://embed-cloudfront.wistia.com/deliveries/adcdf8e0733eff08486aad9e51dccb96455aad58.m3u8,player,,wistia,video
Sigma 8.0,sigma-8,JavaScript (Part 3),Slice in Arrays,686a841485a1f5f5ee0c9caa,sid788ij1k,324.0,5.4,https://embed-cloudfront.wistia.com/deliveries/bc0435637f664a4e3b13e2ac2ee0efee56a46aaf.m3u8,player,,wistia,video
Sigma 8.0,sigma-8,JavaScript (Part 3),Concatenation & Reverse,686a841485a1f5f5ee0c9ca9,lbdu1j6nmp,258.0,4.3,https://embed-cloudfront.wistia.com/deliveries/fdede0d81129db4659930640f666d579ba272641.m3u8,player,,wistia,video
Sigma 8.0,sigma-8,JavaScript (Part 3),indexOf & includes Method,686a841485a1f5f5ee0c9ca8,vdz4tg2bvq,227.0,3.8,https://embed-cloudfront.wistia.com/deliveries/f6e19ceb62fe03f7b002208ceb2d0ee8fa4b1eec.m3u8,player,,wistia,video
Sigma 8.0,sigma-8,JavaScript (Part 3),Practice Qs,686a841485a1f5f5ee0c9ca7,ocb9m0tryx,191.0,3.2,https://embed-cloudfront.wistia.com/deliveries/8a580255c57ccd99914832e03c9fe5411f14340b.m3u8,player,,wistia,video
Sigma 8.0,sigma-8,JavaScript (Part 3),Array Methods,686a841485a1f5f5ee0c9ca6,en6sua4gny,422.0,7.0,https://embed-cloudfront.wistia.com/deliveries/1c4396a1f327aaab672704a1b6a5532cd881729f.m3u8,player,,wistia,video
Sigma 8.0,sigma-8,JavaScript (Part 3),Arrays are Mutable,686a841485a1f5f5ee0c9ca5,oiljvqqp67,250.0,4.2,https://embed-cloudfront.wistia.com/deliveries/b67ca8ce96a4b485c5293c7da52ad6d2e320a466.m3u8,player,,wistia,video
Sigma 8.0,sigma-8,JavaScript (Part 3),Creating Arrays,686a841485a1f5f5ee0c9ca4,5im7vvucga,263.0,4.4,https://embed-cloudfront.wistia.com/deliveries/b521536e9ec1c7ef0294608e77da5d5c48f5fd74.m3u8,player,,wistia,video
Sigma 8.0,sigma-8,JavaScript (Part 3),Visualizing Arrays,686a841485a1f5f5ee0c9ca3,5im0cay2dl,245.0,4.1,https://embed-cloudfront.wistia.com/deliveries/dc57bd624c8dd71e6eea5c38142738a21c8cf9f7.m3u8,player,,wistia,video
Sigma 8.0,sigma-8,JavaScript (Part 3),Array (Data Structure),686a841485a1f5f5ee0c9ca2,c8qvyjho10,370.0,6.2,https://embed-cloudfront.wistia.com/deliveries/aec149916f66e08511d2a79cf2369c844d9f0549.m3u8,player,,wistia,video
Sigma 8.0,sigma-8,JavaScript (Part 3),Practice Qs,686a841485a1f5f5ee0c9ca1,temesnvdzx,480.0,8.0,https://embed-cloudfront.wistia.com/deliveries/fb9ee63f137069ec58ebd90730487674a65488bd.m3u8,player,,wistia,video
Sigma 8.0,sigma-8,JavaScript (Part 3),Replace & Repeat Method,686a841485a1f5f5ee0c9ca0,s19jr3ob8f,244.0,4.1,https://embed-cloudfront.wistia.com/deliveries/63421af4066abc165058b934f19df1dc934056ce.m3u8,player,,wistia,video
Sigma 8.0,sigma-8,JavaScript (Part 3),Slice Method,686a841485a1f5f5ee0c9c9f,k77jrv6pyy,398.0,6.6,https://embed-cloudfront.wistia.com/deliveries/51b8c97b1c7a9f73027a4623339cb3076e59f3e3.m3u8,player,,wistia,video
Sigma 8.0,sigma-8,JavaScript (Part 3),Method Chaining,686a841485a1f5f5ee0c9c9e,t1aeogbktm,168.0,2.8,https://embed-cloudfront.wistia.com/deliveries/59ed9e50e6ac56fa730d62479862ce538a533f5c.m3u8,player,,wistia,video
Sigma 8.0,sigma-8,JavaScript (Part 3),Methods with Arguments - indexOf,686a841485a1f5f5ee0c9c9d,wjlt3cyp60,290.0,4.8,https://embed-cloudfront.wistia.com/deliveries/7516f5e00937e885f935797dbe13fa55067de4d7.m3u8,player,,wistia,video
Sigma 8.0,sigma-8,JavaScript (Part 3),ToUpperCase and ToLowerCase,686a841485a1f5f5ee0c9c9c,f3q6uegu4z,119.0,2.0,https://embed-cloudfront.wistia.com/deliveries/c24caf7a833df9b04512b7f1bed3935b763a80d8.m3u8,player,,wistia,video
Sigma 8.0,sigma-8,JavaScript (Part 3),Strings are Immutable in JS,686a841485a1f5f5ee0c9c9b,kfihlycv75,81.0,1.4,https://embed-cloudfront.wistia.com/deliveries/a488aaadb081d93046ae0e88f3797371ba01c5bf.m3u8,player,,wistia,video
Sigma 8.0,sigma-8,JavaScript (Part 3),Trim Method,686a841485a1f5f5ee0c9c9a,kpy4sjltx6,317.0,5.3,https://embed-cloudfront.wistia.com/deliveries/691a0de45794c0a3716508c766a9715af5abdf1e.m3u8,player,,wistia,video
Sigma 8.0,sigma-8,JavaScript (Part 3),String Methods,686a841485a1f5f5ee0c9c99,fixsqb2dz3,158.0,2.6,https://embed-cloudfront.wistia.com/deliveries/2d825b577e42ea3d7d49f48272f09d3433d34e88.m3u8,player,,wistia,video
Sigma 8.0,sigma-8,JavaScript (Part 2),Alerts & Prompts,686a841485a1f5f5ee0c9c96,gk5tb8t3yv,548.0,9.1,https://embed-cloudfront.wistia.com/deliveries/3a2244f58985d40a0a8d9160c3d0bffbd84fa0bb.m3u8,player,,wistia,video
Sigma 8.0,sigma-8,JavaScript (Part 2),Practice Qs,686a841485a1f5f5ee0c9c95,sx0i9ya9rw,265.0,4.4,https://embed-cloudfront.wistia.com/deliveries/701c4f24a4ac6f378817733616db5665cc93364a.m3u8,player,,wistia,video
Sigma 8.0,sigma-8,JavaScript (Part 2),Switch Statement,686a841485a1f5f5ee0c9c94,snubvpafxf,485.0,8.1,https://embed-cloudfront.wistia.com/deliveries/79e25f4847423ed182537ee291727c72587aacf9.m3u8,player,,wistia,video
Sigma 8.0,sigma-8,JavaScript (Part 2),truthy & falsy,686a841485a1f5f5ee0c9c93,m3tgtzrixo,449.0,7.5,https://embed-cloudfront.wistia.com/deliveries/90ee9f81865d944520316cdf3cabb9477f2045bd.m3u8,player,,wistia,video
Sigma 8.0,sigma-8,JavaScript (Part 2),Practice Qs,686a841485a1f5f5ee0c9c92,wmi3evszyw,734.0,12.2,https://embed-cloudfront.wistia.com/deliveries/3fce54122b077845854fdc89c0e00bef4959b290.m3u8,player,,wistia,video
Sigma 8.0,sigma-8,JavaScript (Part 2),Logical Operators,686a841485a1f5f5ee0c9c91,0zik6wk7p4,692.0,11.5,https://embed-cloudfront.wistia.com/deliveries/1aee717912d9662244a64e12f5f65edecb1c3757.m3u8,player,,wistia,video
Sigma 8.0,sigma-8,JavaScript (Part 2),Nested if-else,686a841485a1f5f5ee0c9c90,0rewx2akqs,169.0,2.8,https://embed-cloudfront.wistia.com/deliveries/e1c702cf6411e5613f4f33e612591bdfa86f0691.m3u8,player,,wistia,video
Sigma 8.0,sigma-8,JavaScript (Part 2),Practice Qs,686a841485a1f5f5ee0c9c8f,k6oxoh4stp,236.0,3.9,https://embed-cloudfront.wistia.com/deliveries/d751d7fcb04554d1104890fd16000e234900df5f.m3u8,player,,wistia,video
Sigma 8.0,sigma-8,JavaScript (Part 2),else Statement,686a841485a1f5f5ee0c9c8e,vpqrn82pn1,226.0,3.8,https://embed-cloudfront.wistia.com/deliveries/5eb59c900a0e32d38596154111e4a2abb34a06e8.m3u8,player,,wistia,video
Sigma 8.0,sigma-8,JavaScript (Part 2),else if Statement,686a841485a1f5f5ee0c9c8d,hfrrpng75e,520.0,8.7,https://embed-cloudfront.wistia.com/deliveries/d246064e08b2b10434106514bf108ace89624ff9.m3u8,player,,wistia,video
Sigma 8.0,sigma-8,JavaScript (Part 2),Practice Qs,686a841485a1f5f5ee0c9c8c,99upbn3y23,320.0,5.3,https://embed-cloudfront.wistia.com/deliveries/c2f717b36ed212a30e36358f0fbc1f33741c6691.m3u8,player,,wistia,video
Sigma 8.0,sigma-8,JavaScript (Part 2),if Statement,686a841485a1f5f5ee0c9c8b,6avv2atw8g,489.0,8.2,https://embed-cloudfront.wistia.com/deliveries/e5e6351aef35cd79a2a6bea96415b2a01e8ee0d7.m3u8,player,,wistia,video
Sigma 8.0,sigma-8,JavaScript (Part 2),Conditional Statements,686a841485a1f5f5ee0c9c8a,5x3bdej0ii,190.0,3.2,https://embed-cloudfront.wistia.com/deliveries/50e31d44afa761808f32448ab61042e389add568.m3u8,player,,wistia,video
Sigma 8.0,sigma-8,JavaScript (Part 2),Comparison for Non-numbers,686a841485a1f5f5ee0c9c89,7699by6t3i,271.0,4.5,https://embed-cloudfront.wistia.com/deliveries/6986dac3fbe856d8064ae53f8f202952a8f0f0bf.m3u8,player,,wistia,video
Sigma 8.0,sigma-8,JavaScript (Part 2),Comparison Operators,686a841485a1f5f5ee0c9c88,vsoagygbge,606.0,10.1,https://embed-cloudfront.wistia.com/deliveries/241f15556933a264a408aa1ac4365716c2bcb7a8.m3u8,player,,wistia,video
Sigma 8.0,sigma-8,JavaScript (Part 2),Operators in JS,686a841485a1f5f5ee0c9c87,gqvoc0xrzz,370.0,6.2,https://embed-cloudfront.wistia.com/deliveries/5bef9cc680990acbcb6cacce7a7f03c5b78db720.m3u8,player,,wistia,video
Sigma 8.0,sigma-8,JavaScript (Part 2),Template Literals,686a841485a1f5f5ee0c9c86,fckri8bthj,426.0,7.1,https://embed-cloudfront.wistia.com/deliveries/e06bb3470f2ab1de62f477e162a767b3d5ff3739.m3u8,player,,wistia,video
Sigma 8.0,sigma-8,JavaScript (Part 2),Linking JS File,686a841485a1f5f5ee0c9c85,80l9s16hby,483.0,8.1,https://embed-cloudfront.wistia.com/deliveries/446aaef0ee25855a6cafaa1863b866f75f03b324.m3u8,player,,wistia,video
Sigma 8.0,sigma-8,JavaScript (Part 2),console.log( ),686a841485a1f5f5ee0c9c84,kuo0d3hya5,297.0,5.0,https://embed-cloudfront.wistia.com/deliveries/2f580b0611fb294edffd6dba584bf742a39eb688.m3u8,player,,wistia,video
Sigma 8.0,sigma-8,JavaScript (Part 1),Practice Qs,685ffaa6e566eeb1db05a071,8z1pf5oge1,293.0,4.9,https://embed-cloudfront.wistia.com/deliveries/b939bc5cd9f2c4ebd587ec3896fd657211d84bec.m3u8,player,,wistia,video
Sigma 8.0,sigma-8,JavaScript (Part 1),null & undefined in JS,685ffaa6e566eeb1db05a070,ltz5meydqk,274.0,4.6,https://embed-cloudfront.wistia.com/deliveries/22298bfd1eee1536db77b3495df0394ace309271.m3u8,player,,wistia,video
Sigma 8.0,sigma-8,JavaScript (Part 1),String Indices,685ffaa6e566eeb1db05a06f,u77cj6prp1,572.0,9.5,https://embed-cloudfront.wistia.com/deliveries/7a01ad90456970e4ca121767089d11f56a2e46a7.m3u8,player,,wistia,video
Sigma 8.0,sigma-8,JavaScript (Part 1),String in JS,685ffaa6e566eeb1db05a06e,slbukg4jmp,422.0,7.0,https://embed-cloudfront.wistia.com/deliveries/2e183d36dbe4cc93cc925a21d749fcadd56bd32d.m3u8,player,,wistia,video
Sigma 8.0,sigma-8,JavaScript (Part 1),Practice Qs,685ffaa6e566eeb1db05a06d,yarv2ntb25,103.0,1.7,https://embed-cloudfront.wistia.com/deliveries/3d434ed9a9eac13be7d3496220ecf78a3e54bc90.m3u8,player,,wistia,video
Sigma 8.0,sigma-8,JavaScript (Part 1),What is TypeScript-,685ffaa6e566eeb1db05a06c,c48bixnd5b,136.0,2.3,https://embed-cloudfront.wistia.com/deliveries/c7dd79a6303769279a03f4f4222fd3205888389b.m3u8,player,,wistia,video
Sigma 8.0,sigma-8,JavaScript (Part 1),Boolean in JS,685ffaa6e566eeb1db05a06b,0x53tl2xib,221.0,3.7,https://embed-cloudfront.wistia.com/deliveries/0bc05bd2c2f55a6f25887d3f4e8b2786283d1008.m3u8,player,,wistia,video
Sigma 8.0,sigma-8,JavaScript (Part 1),Identifier Rules,685ffaa6e566eeb1db05a06a,mlpss98fqf,459.0,7.7,https://embed-cloudfront.wistia.com/deliveries/1d42446793b9b6726583ba5ad3ea18c983bea28a.m3u8,player,,wistia,video
Sigma 8.0,sigma-8,JavaScript (Part 1),Practice Qs,685ffaa6e566eeb1db05a069,bojfzt2vbt,135.0,2.2,https://embed-cloudfront.wistia.com/deliveries/36174d83faba9f80fa5b912b34a08fbca1fc63e4.m3u8,player,,wistia,video
Sigma 8.0,sigma-8,JavaScript (Part 1),Unary Operators,685ffaa6e566eeb1db05a068,ja7kn84bre,448.0,7.5,https://embed-cloudfront.wistia.com/deliveries/152bfffc20654b945163a74093e30f9791258526.m3u8,player,,wistia,video
Sigma 8.0,sigma-8,JavaScript (Part 1),Assignment Operators,685ffaa6e566eeb1db05a067,jssv6lfkhz,163.0,2.7,https://embed-cloudfront.wistia.com/deliveries/d3842b10e456d4adb6c462fe93236897fa80121b.m3u8,player,,wistia,video
Sigma 8.0,sigma-8,JavaScript (Part 1),Practice Qs,685ffaa6e566eeb1db05a066,xu8hc2vjmz,311.0,5.2,https://embed-cloudfront.wistia.com/deliveries/36be111c3b049dd87f4c5b606ed2adbbda501589.m3u8,player,,wistia,video
Sigma 8.0,sigma-8,JavaScript (Part 1),"let, const & var Keywords",685ffaa6e566eeb1db05a065,4sfae63dlw,842.0,14.0,https://embed-cloudfront.wistia.com/deliveries/d5098a1664dbdb516846850754e44068ab643ce1.m3u8,player,,wistia,video
Sigma 8.0,sigma-8,JavaScript (Part 1),Operator Precedence,685ffaa6e566eeb1db05a064,kb6pe3o14h,379.0,6.3,https://embed-cloudfront.wistia.com/deliveries/411d51f2469954ff256e49ddd6f526be27933a95.m3u8,player,,wistia,video
Sigma 8.0,sigma-8,JavaScript (Part 1),NaN in JS,685ffaa6e566eeb1db05a063,necswiot09,153.0,2.5,https://embed-cloudfront.wistia.com/deliveries/f5489b4d467d3a2ae3f4ac3b97953014f54f8fd1.m3u8,player,,wistia,video
Sigma 8.0,sigma-8,JavaScript (Part 1),Operations in JS,685ffaa6e566eeb1db05a062,zk57g1fj0c,443.0,7.4,https://embed-cloudfront.wistia.com/deliveries/b7a22047d2ed658c78aaef585829745999389678.m3u8,player,,wistia,video
Sigma 8.0,sigma-8,JavaScript (Part 1),Numbers in JS,685ffaa6e566eeb1db05a061,v42aah277c,434.0,7.2,https://embed-cloudfront.wistia.com/deliveries/0551a4b3e26bf1526d6b61da98360c19eb5fca84.m3u8,player,,wistia,video
Sigma 8.0,sigma-8,JavaScript (Part 1),Data Types in JS,685ffaa6e566eeb1db05a060,s2w00r77zd,357.0,6.0,https://embed-cloudfront.wistia.com/deliveries/53fd56a43703245d0b597373242bf8ac78f97203.m3u8,player,,wistia,video
Sigma 8.0,sigma-8,JavaScript (Part 1),What is a Variable-,685ffaa6e566eeb1db05a05f,pvjr5jy0kz,458.0,7.6,https://embed-cloudfront.wistia.com/deliveries/5cebfda6bbaa2eb96359021006e018dd0c54274c.m3u8,player,,wistia,video
Sigma 8.0,sigma-8,JavaScript (Part 1),Using the Console,685ffaa6e566eeb1db05a05e,aouktqdc6y,459.0,7.7,https://embed-cloudfront.wistia.com/deliveries/41629bb6098cabae3c3f82382233b8d1ce2967c6.m3u8,player,,wistia,video
Sigma 8.0,sigma-8,JavaScript (Part 1),Introduction,685ffaa6e566eeb1db05a05d,spezzeyl23,266.0,4.4,https://embed-cloudfront.wistia.com/deliveries/7e3f2130051f6522fa8b9b1b43c91fdbcc8fa36c.m3u8,player,,wistia,video
Sigma 8.0,sigma-8,Project (CSS),Tailwind CSS,685ffaa6e566eeb1db05a05c,3ae8dn0640,45.0,0.8,https://embed-cloudfront.wistia.com/deliveries/221155e497ff84bcedf449c3f5a8fa767f326163.m3u8,player,,wistia,video
Sigma 8.0,sigma-8,Project (CSS),Playback Bar,685ffaa6e566eeb1db05a05b,b488wte9s2,693.0,11.6,https://embed-cloudfront.wistia.com/deliveries/35a64071b63153b33e2cfd0fd36c9dade49e5841.m3u8,player,,wistia,video
Sigma 8.0,sigma-8,Project (CSS),Player Controls,685ffaa6e566eeb1db05a05a,cl4qr2kwch,321.0,5.3,https://embed-cloudfront.wistia.com/deliveries/0fecaef7387228ef8dafdcea142db0cfefb16241.m3u8,player,,wistia,video
Sigma 8.0,sigma-8,Project (CSS),Setting up Player,685ffaa6e566eeb1db05a059,v58myl86an,428.0,7.1,https://embed-cloudfront.wistia.com/deliveries/8b82f7b7281b2e21b7761df1cb7b0b11986532f2.m3u8,player,,wistia,video
Sigma 8.0,sigma-8,Project (CSS),Footer Line,685ffaa6e566eeb1db05a058,kzyrz2f7mt,233.0,3.9,https://embed-cloudfront.wistia.com/deliveries/2dc238b1125ab881176fae41fae531492c660620.m3u8,player,,wistia,video
Sigma 8.0,sigma-8,Project (CSS),Cards,685ffaa6e566eeb1db05a057,a310mp3ijl,815.0,13.6,https://embed-cloudfront.wistia.com/deliveries/eaebed0b49d610a592c50cda112156bd1f5dfe07.m3u8,player,,wistia,video
Sigma 8.0,sigma-8,Project (CSS),Sticky Nav,685ffaa6e566eeb1db05a056,9m1bu3b18m,883.0,14.7,https://embed-cloudfront.wistia.com/deliveries/ba91b18577f5f9bd9b6bb70c5272aa97597d7f44.m3u8,player,,wistia,video
Sigma 8.0,sigma-8,Project (CSS),Library Boxes,685ffaa6e566eeb1db05a055,8b38pqjuqb,773.0,12.9,https://embed-cloudfront.wistia.com/deliveries/c49a8c57a7a027ecb88bbbc65c2e39b3fb080ae6.m3u8,player,,wistia,video
Sigma 8.0,sigma-8,Project (CSS),Sidebar (Library),685ffaa6e566eeb1db05a054,tqck86m5nu,592.0,9.9,https://embed-cloudfront.wistia.com/deliveries/6f9ad0a628861120197eef8dd4208d37bbb7b6f9.m3u8,player,,wistia,video
Sigma 8.0,sigma-8,Project (CSS),Sidebar (Nav),685ffaa6e566eeb1db05a053,n1lcytsj79,631.0,10.5,https://embed-cloudfront.wistia.com/deliveries/76107b2e770b6a3cae5951f8b7c4294953a26ef2.m3u8,player,,wistia,video
Sigma 8.0,sigma-8,Project (CSS),Layout,685ffaa6e566eeb1db05a052,qluvhmth9f,568.0,9.5,https://embed-cloudfront.wistia.com/deliveries/74591c5999991dc367ec5e7bdc2143c01da318f5.m3u8,player,,wistia,video
Sigma 8.0,sigma-8,Project (CSS),Basics,685ffaa6e566eeb1db05a051,i9m0nxil2p,679.0,11.3,https://embed-cloudfront.wistia.com/deliveries/9cfb5a92a6b654ca1d03c0177dbf21e3a84caee5.m3u8,player,,wistia,video
Sigma 8.0,sigma-8,Project (CSS),Setting up,685ffaa6e566eeb1db05a050,uumslsrgnh,467.0,7.8,https://embed-cloudfront.wistia.com/deliveries/a77c6fbe500f0b45fc3a5358d3b948a3c3fd75b5.m3u8,player,,wistia,video
Sigma 8.0,sigma-8,Bootstrap,Form Layout,685ffaa6e566eeb1db05a04c,dkl49u5opn,143.0,2.4,https://embed-cloudfront.wistia.com/deliveries/41d149259df0c08fec875f07b99a3c32bcffbb9c.m3u8,player,,wistia,video
Sigma 8.0,sigma-8,Bootstrap,Checkbox & Radio in Form,685ffaa6e566eeb1db05a04b,znco4153wc,229.0,3.8,https://embed-cloudfront.wistia.com/deliveries/95881fe7a72e9a88f5f88507681d1ebfccf6019b.m3u8,player,,wistia,video
Sigma 8.0,sigma-8,Bootstrap,Select in Form,685ffaa6e566eeb1db05a04a,x0ks3296dj,150.0,2.5,https://embed-cloudfront.wistia.com/deliveries/d2ce5fe3210992213512a61505e40820befa764d.m3u8,player,,wistia,video
Sigma 8.0,sigma-8,Bootstrap,Form Controls in Bootstrap,685ffaa6e566eeb1db05a049,4gzqk676pl,382.0,6.4,https://embed-cloudfront.wistia.com/deliveries/fdbf2d12a5fd49e73f2dffc45998bf66a2f51f10.m3u8,player,,wistia,video
Sigma 8.0,sigma-8,Bootstrap,Grid (Vertical Alignment),685ffaa6e566eeb1db05a048,hcxka8rlh1,170.0,2.8,https://embed-cloudfront.wistia.com/deliveries/e79b321d1a2e76519f284881b7d8fdccc2b07238.m3u8,player,,wistia,video
Sigma 8.0,sigma-8,Bootstrap,Grid (Layout),685ffaa6e566eeb1db05a047,k046jdiq4z,769.0,12.8,https://embed-cloudfront.wistia.com/deliveries/6fad003710c755bc2c3ca8129a8b66ec8be850fa.m3u8,player,,wistia,video
Sigma 8.0,sigma-8,Bootstrap,Card (Component),685ffaa6e566eeb1db05a046,w0w2e7rlpp,235.0,3.9,https://embed-cloudfront.wistia.com/deliveries/084ade8da0b7868c1c69f02b12796becd4145760.m3u8,player,,wistia,video
Sigma 8.0,sigma-8,Bootstrap,Navbar (Component),685ffaa6e566eeb1db05a045,4cbnxg5gn7,971.0,16.2,https://embed-cloudfront.wistia.com/deliveries/3906b17edc1ad576dc49ca4e18d3000ea988c61c.m3u8,player,,wistia,video
Sigma 8.0,sigma-8,Bootstrap,Button Group (Component),685ffaa6e566eeb1db05a044,m9idqe8l4e,198.0,3.3,https://embed-cloudfront.wistia.com/deliveries/ba5af23954ac41703a684c76bfbc519b89976e93.m3u8,player,,wistia,video
Sigma 8.0,sigma-8,Bootstrap,Alert (Component),685ffaa6e566eeb1db05a043,s96543u6u1,385.0,6.4,https://embed-cloudfront.wistia.com/deliveries/ef5eee446f6ebbb3ea8fe9ca2c90e33e20728558.m3u8,player,,wistia,video
Sigma 8.0,sigma-8,Bootstrap,Badge (Component),685ffaa6e566eeb1db05a042,67ls7lt5hy,331.0,5.5,https://embed-cloudfront.wistia.com/deliveries/1a488b92d2eedde025fefdbf4eb21a604df568f5.m3u8,player,,wistia,video
Sigma 8.0,sigma-8,Bootstrap,Button (Component),685ffaa6e566eeb1db05a041,lf6704i5m0,401.0,6.7,https://embed-cloudfront.wistia.com/deliveries/55e722aac9a16e1962a0e931af421413c41277cb.m3u8,player,,wistia,video
Sigma 8.0,sigma-8,Bootstrap,Container (Layout),685ffaa6e566eeb1db05a040,ydppso67qm,373.0,6.2,https://embed-cloudfront.wistia.com/deliveries/d02d171cdc3550e4f808c6a27a9b06a66d9915a9.m3u8,player,,wistia,video
Sigma 8.0,sigma-8,Bootstrap,Using Bootstrap,685ffaa6e566eeb1db05a03f,2oc6vviqox,547.0,9.1,https://embed-cloudfront.wistia.com/deliveries/d459222ca1b4af08d5a9679b190cd2f972b65fff.m3u8,player,,wistia,video
Sigma 8.0,sigma-8,Bootstrap,What is Bootstrap-,685ffaa6e566eeb1db05a03e,ya3w1ztj2c,740.0,12.3,https://embed-cloudfront.wistia.com/deliveries/112b182b7d5ce279d40f0c4dc0d53ccd97ad0a67.m3u8,player,,wistia,video
Sigma 8.0,sigma-8,Mini Project (CSS),Configuring Checkbox,685ffaa6e566eeb1db05a03d,d8pv98ax5c,460.0,7.7,https://embed-cloudfront.wistia.com/deliveries/5080f088584ded7eb6d3915a8ce1bc4c0c10d62f.m3u8,player,,wistia,video
Sigma 8.0,sigma-8,Mini Project (CSS),Hover Changes,685ffaa6e566eeb1db05a03c,3ncku2j483,244.0,4.1,https://embed-cloudfront.wistia.com/deliveries/c39b5c1c267a2c59cd0ab4fd67f7eabb5f9f339d.m3u8,player,,wistia,video
Sigma 8.0,sigma-8,Mini Project (CSS),Sidebar Menu,685ffaa6e566eeb1db05a03b,qnaiocd93l,908.0,15.1,https://embed-cloudfront.wistia.com/deliveries/1bb77afc54a853ef270a565f83e55a7cfd2715e3.m3u8,player,,wistia,video
Sigma 8.0,sigma-8,Mini Project (CSS),Setting Style,685ffaa6e566eeb1db05a03a,v7nlxbprzj,409.0,6.8,https://embed-cloudfront.wistia.com/deliveries/602e41c58f2eaf941adf75b8da71e9da3d2584f4.m3u8,player,,wistia,video
Sigma 8.0,sigma-8,Mini Project (CSS),Introduction,685ffaa6e566eeb1db05a039,ymu8e6lg30,443.0,7.4,https://embed-cloudfront.wistia.com/deliveries/2e1def64d7c2704676a21a0783b0392a7da90e34.m3u8,player,,wistia,video
Sigma 8.0,sigma-8,Mini Project (CSS),Icons,685ffaa6e566eeb1db05a037,gqb9mjfu7n,336.0,5.6,https://embed-cloudfront.wistia.com/deliveries/71e8b77db530fde6279376861f53f656e8da805d.m3u8,player,,wistia,video
Sigma 8.0,sigma-8,Mini Project (CSS),Google Fonts,685ffaa6e566eeb1db05a036,cf96ct59uu,398.0,6.6,https://embed-cloudfront.wistia.com/deliveries/b429a8ec5c8dcd29fb267d6228bd809491854bc6.m3u8,player,,wistia,video
Sigma 8.0,sigma-8,Mini Project (CSS),Typography,685ffaa6e566eeb1db05a035,j0t4g4ai68,212.0,3.5,https://embed-cloudfront.wistia.com/deliveries/af58f1d8f50538a1061764d583dd7ebdee5f74a5.m3u8,player,,wistia,video
Sigma 8.0,sigma-8,Mini Project (CSS),Color Theory,685ffaa6e566eeb1db05a034,xq8smu09zd,741.0,12.3,https://embed-cloudfront.wistia.com/deliveries/d72237b8b309b47133a0a01a3d29e47f730df841.m3u8,player,,wistia,video
Sigma 8.0,sigma-8,Prerequisites ,Prerequisites,6856f997fbe23c1c560c0fe6,36rob479bs,362.0,6.0,https://embed-cloudfront.wistia.com/deliveries/f96fd4835a80a9456d4a83721687a888075964c4.m3u8,player,,wistia,video
Sigma 8.0,sigma-8,Introduction,What will we learn-,6856f972d838f56373008948,vycpb4611f,112.0,1.9,https://embed-cloudfront.wistia.com/deliveries/51d8a6b9ff253364275533aeb5b8ef38e5635901.m3u8,player,,wistia,video
Sigma 8.0,sigma-8,Introduction,What is Web Development-,6856f972d838f56373008947,3qi5un6lj3,577.0,9.6,https://embed-cloudfront.wistia.com/deliveries/717e0534c22ca741c80070206278320cdaaad1c6.m3u8,player,,wistia,video
Sigma 8.0,sigma-8,Introduction,What is the Internet-,6856f972d838f56373008946,m9wv4feydy,669.0,11.2,https://embed-cloudfront.wistia.com/deliveries/a56654bd3fe696f5486e8c13d04769d8e3f0a262.m3u8,player,,wistia,video
Sigma 8.0,sigma-8,Introduction,Welcome to Delta!,6856f972d838f56373008945,hucl9u6so2,564.0,9.4,https://embed-cloudfront.wistia.com/deliveries/26f989301e6a9e4c21d7dd8359b9284b41f88783.m3u8,player,,wistia,video
Sigma 8.0,sigma-8,CSS - Part 6,z-index,685029f238b8337000068f01,2hdqzl1jkg,572.0,9.5,https://embed-cloudfront.wistia.com/deliveries/5f075e4ea8476cb1feefb0e1aeb95f904103edd4.m3u8,player,,wistia,video
Sigma 8.0,sigma-8,CSS - Part 6,Pet Adoption Page,685029f238b8337000068eff,vb48hemovw,501.0,8.3,https://embed-cloudfront.wistia.com/deliveries/9cc3b981c91a6d743eb099c0f5a22e26e89d5ebb.m3u8,player,,wistia,video
Sigma 8.0,sigma-8,CSS - Part 6,Media Queries (Orientation),685029f238b8337000068efe,orsyg7p2n4,91.0,1.5,https://embed-cloudfront.wistia.com/deliveries/e38f62662e64bd460a2c7787957e9413ec839899.m3u8,player,,wistia,video
Sigma 8.0,sigma-8,CSS - Part 6,Media Queries,685029f238b8337000068efd,htyr1en6ds,792.0,13.2,https://embed-cloudfront.wistia.com/deliveries/a83311aa2d06b4014f4c2cd07cbba89ade67786d.m3u8,player,,wistia,video
Sigma 8.0,sigma-8,CSS - Part 6,% in Animation,685029f238b8337000068efc,9uwboqjx3j,108.0,1.8,https://embed-cloudfront.wistia.com/deliveries/cd543a66c1745b075b6314380e530dcf0a0c79be.m3u8,player,,wistia,video
Sigma 8.0,sigma-8,CSS - Part 6,Animation Shorthand,685029f238b8337000068efb,4l6k7hvxa3,150.0,2.5,https://embed-cloudfront.wistia.com/deliveries/d1dbffa5bea8796c3fb709581b0b29916f136c3a.m3u8,player,,wistia,video
Sigma 8.0,sigma-8,CSS - Part 6,Animation in CSS,685029f238b8337000068efa,o654lp1pzf,672.0,11.2,https://embed-cloudfront.wistia.com/deliveries/7225e471b71e7ff063aa6e7aa1025e1a31feb6f3.m3u8,player,,wistia,video
Sigma 8.0,sigma-8,CSS - Part 6,Grid Properties,685029f238b8337000068ef9,29omceknlb,323.0,5.4,https://embed-cloudfront.wistia.com/deliveries/22747f46679c057d22dd62575c29d7db16fffcdb.m3u8,player,,wistia,video
Sigma 8.0,sigma-8,CSS - Part 6,Grid Rows,685029f238b8337000068ef8,x1o4u4z3ns,150.0,2.5,https://embed-cloudfront.wistia.com/deliveries/530c27eb8da32d04d3bc3fed435baf99d41dcce2.m3u8,player,,wistia,video
Sigma 8.0,sigma-8,CSS - Part 6,Grid Columns,685029f238b8337000068ef7,j94ogl21tm,290.0,4.8,https://embed-cloudfront.wistia.com/deliveries/d9bb68e411ab9983df954453d5df8a28a0d5b2d9.m3u8,player,,wistia,video
Sigma 8.0,sigma-8,CSS - Part 6,Grid Gaps,685029f238b8337000068ef6,h7ilh83zhl,190.0,3.2,https://embed-cloudfront.wistia.com/deliveries/eb1b6ce137ee2b165a1a559c9982738cfacfb4c3.m3u8,player,,wistia,video
Sigma 8.0,sigma-8,CSS - Part 6,Grid Template (repeat),685029f238b8337000068ef5,vtgrzkhnzc,291.0,4.8,https://embed-cloudfront.wistia.com/deliveries/c948a3af92f7ab106c7c9dbce3b96e6321e4e08e.m3u8,player,,wistia,video
Sigma 8.0,sigma-8,CSS - Part 6,Grid Template,685029f238b8337000068ef4,tmi1brn0p2,529.0,8.8,https://embed-cloudfront.wistia.com/deliveries/2cc9f64c706f79ae1bd4ba900adbc7f76664cad5.m3u8,player,,wistia,video
Sigma 8.0,sigma-8,CSS - Part 6,Grid Model,685029f238b8337000068ef3,zwbxce3i1x,215.0,3.6,https://embed-cloudfront.wistia.com/deliveries/14b4fd2994f6a8ae7d6432d7933c891c50760f89.m3u8,player,,wistia,video
Sigma 8.0,sigma-8,CSS - Part 6,What is Grid-,685029f238b8337000068ef2,wj4f9efc0a,380.0,6.3,https://embed-cloudfront.wistia.com/deliveries/af533573751fa91d5812d578f6dbf0be61320587.m3u8,player,,wistia,video
Sigma 8.0,sigma-8,CSS - Part 5,Flex Shorthand,685029f238b8337000068eee,2wmsuhswn9,194.0,3.2,https://embed-cloudfront.wistia.com/deliveries/be16ac04195318c47295709d53fbecd46fd0c15c.m3u8,player,,wistia,video
Sigma 8.0,sigma-8,CSS - Part 5,Flex Sizing,685029f238b8337000068eed,9r21928ghv,669.0,11.2,https://embed-cloudfront.wistia.com/deliveries/13e7031011ad361456fb74c45220c0908eab748e.m3u8,player,,wistia,video
Sigma 8.0,sigma-8,CSS - Part 5,Align Self,685029f238b8337000068eec,x430qvnhw5,146.0,2.4,https://embed-cloudfront.wistia.com/deliveries/e5d382c379addd23709d9267a66c00b22c7eaa1e.m3u8,player,,wistia,video
Sigma 8.0,sigma-8,CSS - Part 5,Align Content,685029f238b8337000068eeb,6k6lfdc5ls,200.0,3.3,https://embed-cloudfront.wistia.com/deliveries/d65fd491d2d37c345f18f09d0a36a7f052f9eb4f.m3u8,player,,wistia,video
Sigma 8.0,sigma-8,CSS - Part 5,Align Items,685029f238b8337000068eea,ebljd61kl7,323.0,5.4,https://embed-cloudfront.wistia.com/deliveries/ea0a300fc4e0ff3a47fdd1d76112b22624656bfc.m3u8,player,,wistia,video
Sigma 8.0,sigma-8,CSS - Part 5,Flex Wrap,685029f238b8337000068ee9,ap4oycwq70,303.0,5.0,https://embed-cloudfront.wistia.com/deliveries/5fc73fdc8ac0432fe405609ebd7256611987827a.m3u8,player,,wistia,video
Sigma 8.0,sigma-8,CSS - Part 5,Justify Content,685029f238b8337000068ee8,iawavn4opx,484.0,8.1,https://embed-cloudfront.wistia.com/deliveries/86cefda851ab3e28a4cb0e26ea09c6227dd09295.m3u8,player,,wistia,video
Sigma 8.0,sigma-8,CSS - Part 5,Flex Direction,685029f238b8337000068ee7,4gxs2m35i4,279.0,4.7,https://embed-cloudfront.wistia.com/deliveries/b5b08b362ede891122c76b501ca8fcdfd35f8cc4.m3u8,player,,wistia,video
Sigma 8.0,sigma-8,CSS - Part 5,Display Flex,685029f238b8337000068ee6,q37bwapho1,490.0,8.2,https://embed-cloudfront.wistia.com/deliveries/afcce392de289b919335381b3379b6d221984481.m3u8,player,,wistia,video
Sigma 8.0,sigma-8,CSS - Part 5,What is Flexbox-,685029f238b8337000068ee5,owwonzcb8b,403.0,6.7,https://embed-cloudfront.wistia.com/deliveries/05f10c6713c1e28c95daf33c0de02e115b7c33e5.m3u8,player,,wistia,video
Sigma 8.0,sigma-8,CSS - Part 4,Simple Smiley Face,685029f238b8337000068ee2,8enimluept,766.0,12.8,https://embed-cloudfront.wistia.com/deliveries/2518d5b64edab8a116db310e2d5c540ca1b30a63.m3u8,player,,wistia,video
Sigma 8.0,sigma-8,CSS - Part 4,Position Property,685029f238b8337000068ee1,k0sgdk78uv,855.0,14.2,https://embed-cloudfront.wistia.com/deliveries/187047d3c37b8e17255da3bbf17c9ae7ace3516f.m3u8,player,,wistia,video
Sigma 8.0,sigma-8,CSS - Part 4,Card Hover Effect,685029f238b8337000068ee0,wj6hpxm1kw,502.0,8.4,https://embed-cloudfront.wistia.com/deliveries/5211b8e2d21db8d6f1459b442ea1050998d2a8b1.m3u8,player,,wistia,video
Sigma 8.0,sigma-8,CSS - Part 4,Background Image,685029f238b8337000068edf,tifdwx087b,271.0,4.5,https://embed-cloudfront.wistia.com/deliveries/f772ea563fbe5d8ddcddf195cc1582fcd738e6d8.m3u8,player,,wistia,video
Sigma 8.0,sigma-8,CSS - Part 4,Box Shadow,685029f238b8337000068ede,9b9j46hxvv,201.0,3.4,https://embed-cloudfront.wistia.com/deliveries/e43d7cb1c3c6b32ccf476718d0a58e7a8674a199.m3u8,player,,wistia,video
Sigma 8.0,sigma-8,CSS - Part 4,Transform - Skew,685029f238b8337000068edd,828hh9j9ob,169.0,2.8,https://embed-cloudfront.wistia.com/deliveries/6b608f7d5efc624ec048aa03abae94307d098ede.m3u8,player,,wistia,video
Sigma 8.0,sigma-8,CSS - Part 4,Transform - Translate,685029f238b8337000068edc,z1jpfn3dkq,113.0,1.9,https://embed-cloudfront.wistia.com/deliveries/daa84c2a4e16646d5341ab64739f7fdee6181511.m3u8,player,,wistia,video
Sigma 8.0,sigma-8,CSS - Part 4,Tranform - Scale,685029f238b8337000068edb,9wlv3pdgc5,192.0,3.2,https://embed-cloudfront.wistia.com/deliveries/3e082ac831b87e63871c26e2e621fd4726f63fd5.m3u8,player,,wistia,video
Sigma 8.0,sigma-8,CSS - Part 4,Transform - Rotate,685029f238b8337000068eda,s7u6dw7gji,302.0,5.0,https://embed-cloudfront.wistia.com/deliveries/9e3a98dae5cfc6bafbd144d5fd666bdfe0ab0604.m3u8,player,,wistia,video
Sigma 8.0,sigma-8,CSS - Part 4,Transitions in CSS,685029f238b8337000068ed9,8piberfhkv,605.0,10.1,https://embed-cloudfront.wistia.com/deliveries/7e549ee19f37270f37b0d7c105d2ece30202566d.m3u8,player,,wistia,video
Sigma 8.0,sigma-8,CSS - Part 4,Alpha & Opacity,685029f238b8337000068ed8,l4vwko4a53,459.0,7.7,https://embed-cloudfront.wistia.com/deliveries/caa5341520a054a90965d8f523da8827aa6003f2.m3u8,player,,wistia,video
Sigma 8.0,sigma-8,CSS - Part 3,Em & Rem in Units,685029f238b8337000068ed5,sss4eko23t,766.0,12.8,https://embed-cloudfront.wistia.com/deliveries/52a9c8cc2834910a116137cdc9fbc622575330ab.m3u8,player,,wistia,video
Sigma 8.0,sigma-8,CSS - Part 3,Relative Units (Percentage),685029f138b8337000068ed4,godb0v5j0l,427.0,7.1,https://embed-cloudfront.wistia.com/deliveries/56cd0a26582da9420f1d20bfffdf87e2f5cd96d1.m3u8,player,,wistia,video
Sigma 8.0,sigma-8,CSS - Part 3,Inline-Block,685029f138b8337000068ed3,dakmmqgrsa,245.0,4.1,https://embed-cloudfront.wistia.com/deliveries/4a7880d2bb78a68c6e856b6d6f33eae158745846.m3u8,player,,wistia,video
Sigma 8.0,sigma-8,CSS - Part 3,Display Property,685029f138b8337000068ed1,bapl29tao4,721.0,12.0,https://embed-cloudfront.wistia.com/deliveries/20770bf1e8920955fb761c26de8bbe3577303423.m3u8,player,,wistia,video
Sigma 8.0,sigma-8,CSS - Part 3,Practice Qs,685029f138b8337000068ed0,1chwl2h00f,421.0,7.0,https://embed-cloudfront.wistia.com/deliveries/61034f0d4bbe71a80185a3059ef8faf287b77c1a.m3u8,player,,wistia,video
Sigma 8.0,sigma-8,CSS - Part 3,Margin Property,685029f138b8337000068ecf,y5rfpa51a5,384.0,6.4,https://embed-cloudfront.wistia.com/deliveries/b62f574e4186d1f7a74afaa112a4627dcee54361.m3u8,player,,wistia,video
Sigma 8.0,sigma-8,CSS - Part 3,Padding Property,685029f138b8337000068ece,9lnzqddapa,707.0,11.8,https://embed-cloudfront.wistia.com/deliveries/3427de7f1d85498f535594132bdfad4497264eaa.m3u8,player,,wistia,video
Sigma 8.0,sigma-8,CSS - Part 3,Border Radius,685029f138b8337000068ecd,vnljlnowqd,337.0,5.6,https://embed-cloudfront.wistia.com/deliveries/ea1eefa2288a66f5eb99ebe6c04b2047326f152e.m3u8,player,,wistia,video
Sigma 8.0,sigma-8,CSS - Part 3,Border,685029f138b8337000068ecc,vr46h7arss,549.0,9.2,https://embed-cloudfront.wistia.com/deliveries/e142693bf3e0458fdcc06bc96bdeca4b97a86eea.m3u8,player,,wistia,video
Sigma 8.0,sigma-8,CSS - Part 3,Height & Width,685029f138b8337000068ecb,1hvqtq4qi6,454.0,7.6,https://embed-cloudfront.wistia.com/deliveries/8c54ee5b29aede8a1cf43f30416798e481cc0d07.m3u8,player,,wistia,video
Sigma 8.0,sigma-8,CSS - Part 3,Box Model,685029f138b8337000068eca,57i7t6mn6q,268.0,4.5,https://embed-cloudfront.wistia.com/deliveries/25257280e53b19743f734c1117ba2e7593334e4e.m3u8,player,,wistia,video
Sigma 8.0,sigma-8,CSS - Part 2,Inheritance,685029f138b8337000068ec6,88n8jcb0kr,901.0,15.0,https://embed-cloudfront.wistia.com/deliveries/8d6a383c113727c14c5923c46edf3fcada15011f.m3u8,player,,wistia,video
Sigma 8.0,sigma-8,CSS - Part 2,!important in CSS,685029f138b8337000068ec5,jfx1ve90a6,99.0,1.6,https://embed-cloudfront.wistia.com/deliveries/dafc99a73f722040defda1fbc6d684e36e73fdc2.m3u8,player,,wistia,video
Sigma 8.0,sigma-8,CSS - Part 2,Practice Qs,685029f138b8337000068ec4,737l4fg9ac,377.0,6.3,https://embed-cloudfront.wistia.com/deliveries/999782ffd6999c54760100d22af62b0c1222fdc1.m3u8,player,,wistia,video
Sigma 8.0,sigma-8,CSS - Part 2,Cascading & Specificity,685029f138b8337000068ec3,ipn7l9df1o,882.0,14.7,https://embed-cloudfront.wistia.com/deliveries/8172032a691baf1c0b6cd43e57a93c7de92ff920.m3u8,player,,wistia,video
Sigma 8.0,sigma-8,CSS - Part 2,Pseudo Element,685029f138b8337000068ec2,a5szywx9pd,291.0,4.8,https://embed-cloudfront.wistia.com/deliveries/da4c0ff77051e36379a243b26f50195671413035.m3u8,player,,wistia,video
Sigma 8.0,sigma-8,CSS - Part 2,Pseudo Class,685029f138b8337000068ec1,hk5qww0av0,981.0,16.4,https://embed-cloudfront.wistia.com/deliveries/9b8861d175e69ba58a67c9e74bd4c50d8b8d6c99.m3u8,player,,wistia,video
Sigma 8.0,sigma-8,CSS - Part 2,Practice Qs,685029f138b8337000068ec0,ipj4ugm454,206.0,3.4,https://embed-cloudfront.wistia.com/deliveries/761fc61b03896ba48f300f79af6f4b590410b970.m3u8,player,,wistia,video
Sigma 8.0,sigma-8,CSS - Part 2,Attribute Selector,685029f138b8337000068ebf,6bbyohrbc0,291.0,4.8,https://embed-cloudfront.wistia.com/deliveries/8bb1b1a0be46826183a88a3b36e6fb3b46af8924.m3u8,player,,wistia,video
Sigma 8.0,sigma-8,CSS - Part 2,Child Combinator,685029f138b8337000068ebe,jakuu545gg,239.0,4.0,https://embed-cloudfront.wistia.com/deliveries/1612d999d18e237e9c015b21e903e53af4a6e7b7.m3u8,player,,wistia,video
Sigma 8.0,sigma-8,CSS - Part 2,Sibling Combinator,685029f138b8337000068ebd,7j7kovgtch,291.0,4.8,https://embed-cloudfront.wistia.com/deliveries/4715b6fb6361d5b21800b83903c9fc9de283dfd7.m3u8,player,,wistia,video
Sigma 8.0,sigma-8,CSS - Part 2,Descendant Selector,685029f138b8337000068ebc,dx1bg9703x,484.0,8.1,https://embed-cloudfront.wistia.com/deliveries/82a0ec0f962f7582b49ae3f95cf7d9f26ca4265d.m3u8,player,,wistia,video
Sigma 8.0,sigma-8,CSS - Part 2,Practice Qs,685029f138b8337000068ebb,dei7y2889s,325.0,5.4,https://embed-cloudfront.wistia.com/deliveries/d498c6609fece822b2b34ca2213893f7a0e9058d.m3u8,player,,wistia,video
Sigma 8.0,sigma-8,CSS - Part 2,Class Selector,685029f138b8337000068eba,xsr9ce8q79,270.0,4.5,https://embed-cloudfront.wistia.com/deliveries/b9a54e0a7f7cef5a5012d64246a22e7526c1bfb2.m3u8,player,,wistia,video
Sigma 8.0,sigma-8,CSS - Part 2,Id Selector,685029f138b8337000068eb9,ximnny6nfv,250.0,4.2,https://embed-cloudfront.wistia.com/deliveries/a1d1b4796d02ee6a89fa2c08a51829e19f12b5e2.m3u8,player,,wistia,video
Sigma 8.0,sigma-8,CSS - Part 2,Element Selector,685029f138b8337000068eb8,nbud61puaf,157.0,2.6,https://embed-cloudfront.wistia.com/deliveries/0de2f248d6ffd16053abd4eb50710db1de56fe1a.m3u8,player,,wistia,video
Sigma 8.0,sigma-8,CSS - Part 2,Universal Selector,685029f138b8337000068eb7,rhk3yplbt2,395.0,6.6,https://embed-cloudfront.wistia.com/deliveries/1d85ae977704ea9e1a9f2ba529a44ae6ae2f18d5.m3u8,player,,wistia,video
Sigma 8.0,sigma-8,CSS - Part 2,How to download-,685029f138b8337000068eb6,8xulqixmpc,40.0,0.7,https://embed-cloudfront.wistia.com/deliveries/a70b4ed5061263d210e13f0aa4e5cebd28138c2f.m3u8,player,,wistia,video
Sigma 8.0,sigma-8,CSS - Getting Started,Practice Qs,685029f138b8337000068eb2,s4jp35k4rx,404.0,6.7,https://embed-cloudfront.wistia.com/deliveries/5e367efcf9fb4923236d2b266eb5f77b260cd79a.m3u8,player,,wistia,video
Sigma 8.0,sigma-8,CSS - Getting Started,Font Family,685029f138b8337000068eb1,fxe4xsiqbf,421.0,7.0,https://embed-cloudfront.wistia.com/deliveries/ee46cdc7fb8ad4da6629cd36b13adb0a28385d17.m3u8,player,,wistia,video
Sigma 8.0,sigma-8,CSS - Getting Started,Units in CSS (Pixel),685029f138b8337000068eb0,cp7sblc0r6,420.0,7.0,https://embed-cloudfront.wistia.com/deliveries/9650f6dc109822d826d1256dc8b92e289e6ad629.m3u8,player,,wistia,video
Sigma 8.0,sigma-8,CSS - Getting Started,Line Height & Letter Spacing,685029f138b8337000068eaf,3ogseajx53,276.0,4.6,https://embed-cloudfront.wistia.com/deliveries/669bdfef14b118295f8fb18870930ba2b112c7dc.m3u8,player,,wistia,video
Sigma 8.0,sigma-8,CSS - Getting Started,Font Weight & Text Decoration,685029f138b8337000068eae,x03a2kmu6f,632.0,10.5,https://embed-cloudfront.wistia.com/deliveries/e6e2277988f189b6fd9b42e76b95a8198d3e5a8d.m3u8,player,,wistia,video
Sigma 8.0,sigma-8,CSS - Getting Started,Text Align Property,685029f138b8337000068ead,iol9wpt8hu,602.0,10.0,https://embed-cloudfront.wistia.com/deliveries/ebe4a46f32601d8c1c1b062829dafa24124a67a4.m3u8,player,,wistia,video
Sigma 8.0,sigma-8,CSS - Getting Started,Practice Qs,685029f138b8337000068eac,9fn75nvc5o,114.0,1.9,https://embed-cloudfront.wistia.com/deliveries/4776e95d893f32352469a5d6edc04613f6fc5e32.m3u8,player,,wistia,video
Sigma 8.0,sigma-8,CSS - Getting Started,Hex Codes,685029f138b8337000068eab,3t312i6w7h,681.0,11.3,https://embed-cloudfront.wistia.com/deliveries/9eff3571c1510bce61ec9ce10590575462065a2f.m3u8,player,,wistia,video
Sigma 8.0,sigma-8,CSS - Getting Started,Color Systems (Name & RGB),685029f138b8337000068eaa,9t6m5irdth,770.0,12.8,https://embed-cloudfront.wistia.com/deliveries/e453718835ca69c1308b92580baa2aa29c466c6b.m3u8,player,,wistia,video
Sigma 8.0,sigma-8,CSS - Getting Started,Practice Qs,685029f138b8337000068ea9,bv20ba1x3u,183.0,3.0,https://embed-cloudfront.wistia.com/deliveries/8a90f8d6bcbcf30d49820df9ffcf1fa7c328256f.m3u8,player,,wistia,video
Sigma 8.0,sigma-8,CSS - Getting Started,Background Color Property,685029f138b8337000068ea8,cgqak53w6a,154.0,2.6,https://embed-cloudfront.wistia.com/deliveries/33613810ddb6c7fc4d3192238ab07a0fe28105ba.m3u8,player,,wistia,video
Sigma 8.0,sigma-8,CSS - Getting Started,Color Property,685029f138b8337000068ea7,dif612ki7m,343.0,5.7,https://embed-cloudfront.wistia.com/deliveries/79aa453360d5474efcceb1dcc90b1f623333da68.m3u8,player,,wistia,video
Sigma 8.0,sigma-8,CSS - Getting Started,Including CSS,685029f138b8337000068ea6,dmiixztj84,891.0,14.8,https://embed-cloudfront.wistia.com/deliveries/0be740166e7a214845a58c6e96f6fff13337390a.m3u8,player,,wistia,video
Sigma 8.0,sigma-8,CSS - Getting Started,Basic CSS Format,685029f138b8337000068ea5,owal0r92dy,262.0,4.4,https://embed-cloudfront.wistia.com/deliveries/d36584448a3590e236e10f501e35f70f9af81274.m3u8,player,,wistia,video
Sigma 8.0,sigma-8,CSS - Getting Started,What is CSS-,685029f138b8337000068ea4,da8qe50cyu,431.0,7.2,https://embed-cloudfront.wistia.com/deliveries/1339a596b08c6d482c9db902537fd65c64242622.m3u8,player,,wistia,video
Sigma 8.0,sigma-8,HTML (Level 3),Practice Qs,684c300313b1b63cf407ad46,4kxssr644i,406.0,6.8,https://embed-cloudfront.wistia.com/deliveries/526c02370a9dcb05d8d7172b01560dd7093cb461.m3u8,player,,wistia,video
Sigma 8.0,sigma-8,HTML (Level 3),Text Area,684c300313b1b63cf407ad45,d5zkf46pzf,197.0,3.3,https://embed-cloudfront.wistia.com/deliveries/7073403c1d913428394482d2e811a6d915ec12bd.m3u8,player,,wistia,video
Sigma 8.0,sigma-8,HTML (Level 3),Range - Input Element,684c300313b1b63cf407ad44,l7ei4jbh8a,304.0,5.1,https://embed-cloudfront.wistia.com/deliveries/203ae7c0aef6921f408000feb5aa24fc18199792.m3u8,player,,wistia,video
Sigma 8.0,sigma-8,HTML (Level 3),Select - Input Element,684c300313b1b63cf407ad43,kz09bpvkds,253.0,4.2,https://embed-cloudfront.wistia.com/deliveries/9e9ca0fb405dccc21e85bc003778c3d8a5ac1ad5.m3u8,player,,wistia,video
Sigma 8.0,sigma-8,HTML (Level 3),Radio - Input Element,684c300313b1b63cf407ad42,1wh0t07j78,527.0,8.8,https://embed-cloudfront.wistia.com/deliveries/9593c81780e0bd738365e2de40f8a505f1bb5a5a.m3u8,player,,wistia,video
Sigma 8.0,sigma-8,HTML (Level 3),Checkbox - Input Element,684c300313b1b63cf407ad41,34d4owbgi6,247.0,4.1,https://embed-cloudfront.wistia.com/deliveries/09906f4629914be3410a05acadc4704ee26a2adf.m3u8,player,,wistia,video
Sigma 8.0,sigma-8,HTML (Level 3),Practice Qs,684c300313b1b63cf407ad40,ld7h6159vx,169.0,2.8,https://embed-cloudfront.wistia.com/deliveries/ad2c13c3e8222a3dc851836f337192188406b94d.m3u8,player,,wistia,video
Sigma 8.0,sigma-8,HTML (Level 3),Name Attribute,684c300313b1b63cf407ad3f,n5jeloaqqb,624.0,10.4,https://embed-cloudfront.wistia.com/deliveries/a5f7d45c6c743213dea9c25f22409cad164310a0.m3u8,player,,wistia,video
Sigma 8.0,sigma-8,HTML (Level 3),Button Element,684c300313b1b63cf407ad3e,wtl2o0wcx0,585.0,9.8,https://embed-cloudfront.wistia.com/deliveries/8b5929ab72b537c1391eb3e8245b8175392b3a88.m3u8,player,,wistia,video
Sigma 8.0,sigma-8,HTML (Level 3),Placeholders & Labels,684c300313b1b63cf407ad3d,x9fphbckn0,571.0,9.5,https://embed-cloudfront.wistia.com/deliveries/30af5395e83dff932778675d9ff6bddf373b40a1.m3u8,player,,wistia,video
Sigma 8.0,sigma-8,HTML (Level 3),Input - Form Element,684c300313b1b63cf407ad3c,9t4nndd5hn,480.0,8.0,https://embed-cloudfront.wistia.com/deliveries/736fa0a92619a91df3300459fa9b5f11e574eeeb.m3u8,player,,wistia,video
Sigma 8.0,sigma-8,HTML (Level 3),Forms in HTML,684c300313b1b63cf407ad3b,wqzoijwsmu,312.0,5.2,https://embed-cloudfront.wistia.com/deliveries/41631ffd3ec046e4ff40454069bc7b07031d5e58.m3u8,player,,wistia,video
Sigma 8.0,sigma-8,HTML (Level 3),Practice Qs,684c300313b1b63cf407ad3a,v5xwozhqwu,474.0,7.9,https://embed-cloudfront.wistia.com/deliveries/c5df5e376f3cd132c33cc3bdfe100e3a5e2b47ef.m3u8,player,,wistia,video
Sigma 8.0,sigma-8,HTML (Level 3),Colspan & Rowspan Attributes,684c300313b1b63cf407ad39,y3fba8sjfj,585.0,9.8,https://embed-cloudfront.wistia.com/deliveries/6c412088cfcc764b6b4c077301a789f8d6417193.m3u8,player,,wistia,video
Sigma 8.0,sigma-8,HTML (Level 3),Semantics in Tables,684c300313b1b63cf407ad38,9hj8qvduqg,182.0,3.0,https://embed-cloudfront.wistia.com/deliveries/1604433c13d7e49f40306fd43d9c7bba0408f5a9.m3u8,player,,wistia,video
Sigma 8.0,sigma-8,HTML (Level 3),Tables in HTML,684c300313b1b63cf407ad37,3hvrosdm8f,852.0,14.2,https://embed-cloudfront.wistia.com/deliveries/7b1e6fa2f4273435e950a1ae0e3e6bb4030a9ee4.m3u8,player,,wistia,video
Sigma 8.0,sigma-8,HTML (Level 2),Further Understanding HTML,6848419f13c68876f906b516,0df8zr5u37,321.0,5.3,https://embed-cloudfront.wistia.com/deliveries/18468ff233735185a157153de768cabe4124802d.m3u8,player,,wistia,video
Sigma 8.0,sigma-8,HTML (Level 2),Emmets,6848419f13c68876f906b515,oeylvd5qgx,719.0,12.0,https://embed-cloudfront.wistia.com/deliveries/b4e76b48ee81cb9397daf47debed184eee306a02.m3u8,player,,wistia,video
Sigma 8.0,sigma-8,HTML (Level 2),Practice Qs,6848419f13c68876f906b514,panzbsb5d6,172.0,2.9,https://embed-cloudfront.wistia.com/deliveries/53f53a6784eeba3e237485013646c988c454d037.m3u8,player,,wistia,video
Sigma 8.0,sigma-8,HTML (Level 2),HTML Entities,6848419f13c68876f906b513,6x68liv18j,665.0,11.1,https://embed-cloudfront.wistia.com/deliveries/20c2f6b9c0dd863112c733eef0489113952212f5.m3u8,player,,wistia,video
Sigma 8.0,sigma-8,HTML (Level 2),Practice Qs,6848419f13c68876f906b512,lnmjqscmau,247.0,4.1,https://embed-cloudfront.wistia.com/deliveries/db6f6a248d49397cd6f7a5c1b2adc4af2afdba70.m3u8,player,,wistia,video
Sigma 8.0,sigma-8,HTML (Level 2),Semantic Tags,6848419f13c68876f906b511,1aubc783az,617.0,10.3,https://embed-cloudfront.wistia.com/deliveries/03b80d89244832887d669fe35c2a36387cf976aa.m3u8,player,,wistia,video
Sigma 8.0,sigma-8,HTML (Level 2),Semantic Markup,6848419f13c68876f906b510,u4f772478e,412.0,6.9,https://embed-cloudfront.wistia.com/deliveries/c382e0aeaece440e8aba8ca4cd7437cdf87dbe9a.m3u8,player,,wistia,video
Sigma 8.0,sigma-8,HTML (Level 2),Practice Qs,6848419f13c68876f906b50f,in3zq099r2,112.0,1.9,https://embed-cloudfront.wistia.com/deliveries/dbdc5de85aa19dcfe243cba4f58a86b00e032388.m3u8,player,,wistia,video
Sigma 8.0,sigma-8,HTML (Level 2),Sup & Sub Tags,6848419f13c68876f906b50e,3q1oq3tkzi,272.0,4.5,https://embed-cloudfront.wistia.com/deliveries/febb0a131adc2fa0cacfd0f9ff39155be8d7c3ed.m3u8,player,,wistia,video
Sigma 8.0,sigma-8,HTML (Level 2),Hr Tag,6848419f13c68876f906b50d,irg61p1y6j,188.0,3.1,https://embed-cloudfront.wistia.com/deliveries/1f016361022e9030659a121df88f617416f9de7c.m3u8,player,,wistia,video
Sigma 8.0,sigma-8,HTML (Level 2),Span Element,6848419f13c68876f906b50c,3iel3ki50u,159.0,2.6,https://embed-cloudfront.wistia.com/deliveries/c8bb31fb41b5a0d8db0a40aea044d5c06fd0aa28.m3u8,player,,wistia,video
Sigma 8.0,sigma-8,HTML (Level 2),Div Element,6848419f13c68876f906b50b,d8z01byr2y,296.0,4.9,https://embed-cloudfront.wistia.com/deliveries/6309266a476eb8aa479647ef3281631697c993e5.m3u8,player,,wistia,video
Sigma 8.0,sigma-8,HTML (Level 2),Inline v-s Block,6848419f13c68876f906b50a,7oowvmgcal,625.0,10.4,https://embed-cloudfront.wistia.com/deliveries/9578065c109eb60bedb3102e975c40bebc4cfa51.m3u8,player,,wistia,video
Sigma 8.0,sigma-8,HTML (Level 1) - Part B,Practice Qs,6848419f13c68876f906b507,danqem6ygu,693.0,11.6,https://embed-cloudfront.wistia.com/deliveries/6ed2c59d5c639b1db128f24343bdb9984b601daf.m3u8,player,,wistia,video
Sigma 8.0,sigma-8,HTML (Level 1) - Part B,Is HTML Case Sensitive-,6848419f13c68876f906b506,g5mlw0qcsu,182.0,3.0,https://embed-cloudfront.wistia.com/deliveries/a4794c2effe1acbfa68c31074a6a859cc8dcff82.m3u8,player,,wistia,video
Sigma 8.0,sigma-8,HTML (Level 1) - Part B,Comments in HTML,6848419f13c68876f906b505,3pi93h105v,491.0,8.2,https://embed-cloudfront.wistia.com/deliveries/cb7ebe25c84529a5441e43370cbd014211c95435.m3u8,player,,wistia,video
Sigma 8.0,sigma-8,HTML (Level 1) - Part B,More HTML Tags,6848419f13c68876f906b504,cdy348g59o,260.0,4.3,https://embed-cloudfront.wistia.com/deliveries/353092105c4ba2733085063ade26426780dff601.m3u8,player,,wistia,video
Sigma 8.0,sigma-8,HTML (Level 1) - Part B,Practice Qs,6848419f13c68876f906b503,9t250om9ez,244.0,4.1,https://embed-cloudfront.wistia.com/deliveries/de233bd3341dc857e55c9dc0da8e45e3a6c30932.m3u8,player,,wistia,video
Sigma 8.0,sigma-8,HTML (Level 1) - Part B,Image Element,6848419f13c68876f906b502,6huct4z3gr,674.0,11.2,https://embed-cloudfront.wistia.com/deliveries/4d12bfe4a5dfcc643323ef209254241abec333c8.m3u8,player,,wistia,video
Sigma 8.0,sigma-8,HTML (Level 1) - Part B,Anchor Element,6848419f13c68876f906b501,bp0yxwp6ec,444.0,7.4,https://embed-cloudfront.wistia.com/deliveries/51bb7338b909e8447289ad70e02ebc5f062ef63e.m3u8,player,,wistia,video
Sigma 8.0,sigma-8,HTML (Level 1) - Part B,Attributes in HTML,6848419f13c68876f906b500,bpffcphcpm,154.0,2.6,https://embed-cloudfront.wistia.com/deliveries/fabe854a90a3e547dd43c6124ee48c39b9f0a1e5.m3u8,player,,wistia,video
Sigma 8.0,sigma-8,HTML (Level 1) - Part B,Lists in HTML,6848419f13c68876f906b4ff,vw5us5aovy,348.0,5.8,https://embed-cloudfront.wistia.com/deliveries/7d1d230d32f427528b819419f3778bfa54ca1dc0.m3u8,player,,wistia,video
Sigma 8.0,sigma-8,HTML (Level 1) - Part A,Boilerplate Code,6848419f13c68876f906b4fe,t51tsv4qzq,721.0,12.0,https://embed-cloudfront.wistia.com/deliveries/576094c3ecfb5a4952e1edefdf1f59e99e5c0a49.m3u8,player,,wistia,video
Sigma 8.0,sigma-8,HTML (Level 1) - Part A,Practice Qs,6848419f13c68876f906b4fd,cfoqf4a3hc,403.0,6.7,https://embed-cloudfront.wistia.com/deliveries/be3e26fe676d9a2e4caea4ed85f648506410e9d7.m3u8,player,,wistia,video
Sigma 8.0,sigma-8,HTML (Level 1) - Part A,Heading Elements,6848419f13c68876f906b4fc,sobe72tnxk,278.0,4.6,https://embed-cloudfront.wistia.com/deliveries/42e65efeb53987a6eb54f6640c81360e2c2c1b2f.m3u8,player,,wistia,video
Sigma 8.0,sigma-8,HTML (Level 1) - Part A,Paragraph Element,6848419f13c68876f906b4fb,g9na6rypsh,262.0,4.4,https://embed-cloudfront.wistia.com/deliveries/01cab39abc5f7c5bea23de91b604ee8adf053c67.m3u8,player,,wistia,video
Sigma 8.0,sigma-8,HTML (Level 1) - Part A,Hello World,6848419f13c68876f906b4fa,fp2h3r3nvu,466.0,7.8,https://embed-cloudfront.wistia.com/deliveries/ccd28a1562611dd4cc34960c91e2f77bfdd998bc.m3u8,player,,wistia,video
Sigma 8.0,sigma-8,HTML (Level 1) - Part A,HTML Elements & Tags,6848419f13c68876f906b4f9,9ifsi19vbr,269.0,4.5,https://embed-cloudfront.wistia.com/deliveries/f6b3078195470dcd97eb2653cf3026756240057f.m3u8,player,,wistia,video
Sigma 8.0,sigma-8,HTML (Level 1) - Part A,Introduction to HTML,6848419f13c68876f906b4f8,qxbvokwmqj,282.0,4.7,https://embed-cloudfront.wistia.com/deliveries/27416c90819f6f8e03e0cbb79bb70fc126656ae1.m3u8,player,,wistia,video
Sigma 8.0 (DSA with Java),sigma-8-cpp-dsa,Segment Trees,Max-Min Segment Tree (Query-Update),696657c11ec173e1b1051462,k6ou7mpesi,1476.0,24.6,https://embed-cloudfront.wistia.com/deliveries/95dfbb5dbbb0a67ea54c1c8a8e64cc01c4027790.m3u8,player,,wistia,video
Sigma 8.0 (DSA with Java),sigma-8-cpp-dsa,Segment Trees,Max-Min Segment Tree (Creation),696657c11ec173e1b1051461,2ivroeebje,958.0,16.0,https://embed-cloudfront.wistia.com/deliveries/95dfbb5dbbb0a67ea54c1c8a8e64cc01c4027790.m3u8,player,,wistia,video
Sigma 8.0 (DSA with Java),sigma-8-cpp-dsa,Segment Trees,Update on ST,696657c11ec173e1b1051460,pl6qva4v7m,1161.0,19.4,https://embed-cloudfront.wistia.com/deliveries/95dfbb5dbbb0a67ea54c1c8a8e64cc01c4027790.m3u8,player,,wistia,video
Sigma 8.0 (DSA with Java),sigma-8-cpp-dsa,Segment Trees,Queries on ST,696657c11ec173e1b105145f,oj85oureth,1701.0,28.4,https://embed-cloudfront.wistia.com/deliveries/95dfbb5dbbb0a67ea54c1c8a8e64cc01c4027790.m3u8,player,,wistia,video
Sigma 8.0 (DSA with Java),sigma-8-cpp-dsa,Segment Trees,Creation of ST,696657c11ec173e1b105145e,uuuu8jsx9x,1065.0,17.8,https://embed-cloudfront.wistia.com/deliveries/95dfbb5dbbb0a67ea54c1c8a8e64cc01c4027790.m3u8,player,,wistia,video
Sigma 8.0 (DSA with Java),sigma-8-cpp-dsa,Segment Trees,Count & Meaning of Nodes,696657c11ec173e1b105145d,djna0m4lpo,1010.0,16.8,https://embed-cloudfront.wistia.com/deliveries/95dfbb5dbbb0a67ea54c1c8a8e64cc01c4027790.m3u8,player,,wistia,video
Sigma 8.0 (DSA with Java),sigma-8-cpp-dsa,Segment Trees,Segment Trees Introduction,696657c11ec173e1b105145c,7n7qztg1bz,911.0,15.2,https://embed-cloudfront.wistia.com/deliveries/95dfbb5dbbb0a67ea54c1c8a8e64cc01c4027790.m3u8,player,,wistia,video
Sigma 8.0 (DSA with Java),sigma-8-cpp-dsa,DP (Part6),Minimum Array Jumps (Code),696657c11ec173e1b1051459,rifbeoqc3q,384.0,6.4,https://embed-cloudfront.wistia.com/deliveries/95dfbb5dbbb0a67ea54c1c8a8e64cc01c4027790.m3u8,player,,wistia,video
Sigma 8.0 (DSA with Java),sigma-8-cpp-dsa,DP (Part6),Minimum Array Jumps (Explanation),696657c11ec173e1b1051458,xmourfhmd9,1223.0,20.4,https://embed-cloudfront.wistia.com/deliveries/95dfbb5dbbb0a67ea54c1c8a8e64cc01c4027790.m3u8,player,,wistia,video
Sigma 8.0 (DSA with Java),sigma-8-cpp-dsa,DP (Part6),Minimum Partitioning,696657c11ec173e1b1051457,cvby9tifk5,1812.0,30.2,https://embed-cloudfront.wistia.com/deliveries/95dfbb5dbbb0a67ea54c1c8a8e64cc01c4027790.m3u8,player,,wistia,video
Sigma 8.0 (DSA with Java),sigma-8-cpp-dsa,DP (Part6),MCM (Tabulation),696657c11ec173e1b1051456,2x0o6w5rsk,2149.0,35.8,https://embed-cloudfront.wistia.com/deliveries/95dfbb5dbbb0a67ea54c1c8a8e64cc01c4027790.m3u8,player,,wistia,video
Sigma 8.0 (DSA with Java),sigma-8-cpp-dsa,DP (Part6),MCM (Memoization),696657c11ec173e1b1051455,67wy651a4h,1152.0,19.2,https://embed-cloudfront.wistia.com/deliveries/95dfbb5dbbb0a67ea54c1c8a8e64cc01c4027790.m3u8,player,,wistia,video
Sigma 8.0 (DSA with Java),sigma-8-cpp-dsa,DP (Part6),Matrix Chain Multiplication (Recursion),696657c11ec173e1b1051454,ubc04b1zwh,2570.0,42.8,https://embed-cloudfront.wistia.com/deliveries/95dfbb5dbbb0a67ea54c1c8a8e64cc01c4027790.m3u8,player,,wistia,video
Sigma 8.0 (DSA with Java),sigma-8-cpp-dsa,DP (Part6),Basics of Matrices (Math),696657c11ec173e1b1051453,uqtpolcqc4,442.0,7.4,https://embed-cloudfront.wistia.com/deliveries/95dfbb5dbbb0a67ea54c1c8a8e64cc01c4027790.m3u8,player,,wistia,video
Sigma 8.0 (DSA with Java),sigma-8-cpp-dsa,DP (Part5),Mountain Ranges,696657c11ec173e1b1051452,qylroeauyq,1293.0,21.6,https://embed-cloudfront.wistia.com/deliveries/95dfbb5dbbb0a67ea54c1c8a8e64cc01c4027790.m3u8,player,,wistia,video
Sigma 8.0 (DSA with Java),sigma-8-cpp-dsa,DP (Part5),Count BSTs,696657c11ec173e1b1051451,3vaaecrgds,1256.0,20.9,https://embed-cloudfront.wistia.com/deliveries/95dfbb5dbbb0a67ea54c1c8a8e64cc01c4027790.m3u8,player,,wistia,video
Sigma 8.0 (DSA with Java),sigma-8-cpp-dsa,DP (Part5),Catalan's Number (Tabulation),696657c11ec173e1b1051450,kyzl4cipo5,721.0,12.0,https://embed-cloudfront.wistia.com/deliveries/95dfbb5dbbb0a67ea54c1c8a8e64cc01c4027790.m3u8,player,,wistia,video
Sigma 8.0 (DSA with Java),sigma-8-cpp-dsa,DP (Part5),Catalan's Number (Recursion + Memoization),696657c11ec173e1b105144f,oi6qgi5t9g,1411.0,23.5,https://embed-cloudfront.wistia.com/deliveries/95dfbb5dbbb0a67ea54c1c8a8e64cc01c4027790.m3u8,player,,wistia,video
Sigma 8.0 (DSA with Java),sigma-8-cpp-dsa,DP (Part5),Wildcard Matching (Code),696657c01ec173e1b105144e,b1z8pvbx8k,616.0,10.3,https://embed-cloudfront.wistia.com/deliveries/95dfbb5dbbb0a67ea54c1c8a8e64cc01c4027790.m3u8,player,,wistia,video
Sigma 8.0 (DSA with Java),sigma-8-cpp-dsa,DP (Part5),Wildcard Matching - Hard (Explanation),696657c01ec173e1b105144d,awo0j1eky7,2200.0,36.7,https://embed-cloudfront.wistia.com/deliveries/95dfbb5dbbb0a67ea54c1c8a8e64cc01c4027790.m3u8,player,,wistia,video
Sigma 8.0 (DSA with Java),sigma-8-cpp-dsa,DP (Part4),String Conversion,696657c01ec173e1b105144c,yc3utslssq,362.0,6.0,https://embed-cloudfront.wistia.com/deliveries/95dfbb5dbbb0a67ea54c1c8a8e64cc01c4027790.m3u8,player,,wistia,video
Sigma 8.0 (DSA with Java),sigma-8-cpp-dsa,DP (Part4),Edit Distance (Code),696657c01ec173e1b105144b,ql2ljpufb9,654.0,10.9,https://embed-cloudfront.wistia.com/deliveries/95dfbb5dbbb0a67ea54c1c8a8e64cc01c4027790.m3u8,player,,wistia,video
Sigma 8.0 (DSA with Java),sigma-8-cpp-dsa,DP (Part4),Edit Distance (Explanation),696657c01ec173e1b105144a,3i2pjgcfhj,1649.0,27.5,https://embed-cloudfront.wistia.com/deliveries/95dfbb5dbbb0a67ea54c1c8a8e64cc01c4027790.m3u8,player,,wistia,video
Sigma 8.0 (DSA with Java),sigma-8-cpp-dsa,DP (Part4),Longest Increasing Subsequence,696657c01ec173e1b1051449,4m05o5rswb,1213.0,20.2,https://embed-cloudfront.wistia.com/deliveries/95dfbb5dbbb0a67ea54c1c8a8e64cc01c4027790.m3u8,player,,wistia,video
Sigma 8.0 (DSA with Java),sigma-8-cpp-dsa,DP (Part4),Longest Common Substring,696657c01ec173e1b1051448,vd6tb862hi,1645.0,27.4,https://embed-cloudfront.wistia.com/deliveries/95dfbb5dbbb0a67ea54c1c8a8e64cc01c4027790.m3u8,player,,wistia,video
Sigma 8.0 (DSA with Java),sigma-8-cpp-dsa,DP (Part3),LCS (Tabulation),696657c01ec173e1b1051447,c5l744k7sh,1526.0,25.4,https://embed-cloudfront.wistia.com/deliveries/95dfbb5dbbb0a67ea54c1c8a8e64cc01c4027790.m3u8,player,,wistia,video
Sigma 8.0 (DSA with Java),sigma-8-cpp-dsa,DP (Part3),LCS (Memoization),696657c01ec173e1b1051446,apicp69489,746.0,12.4,https://embed-cloudfront.wistia.com/deliveries/95dfbb5dbbb0a67ea54c1c8a8e64cc01c4027790.m3u8,player,,wistia,video
Sigma 8.0 (DSA with Java),sigma-8-cpp-dsa,DP (Part3),Longest Common Subsequence (Recursion),696657c01ec173e1b1051445,kagrflifws,1654.0,27.6,https://embed-cloudfront.wistia.com/deliveries/95dfbb5dbbb0a67ea54c1c8a8e64cc01c4027790.m3u8,player,,wistia,video
Sigma 8.0 (DSA with Java),sigma-8-cpp-dsa,DP (Part3),Rod Cutting,696657c01ec173e1b1051444,knio8e51da,1640.0,27.3,https://embed-cloudfront.wistia.com/deliveries/95dfbb5dbbb0a67ea54c1c8a8e64cc01c4027790.m3u8,player,,wistia,video
Sigma 8.0 (DSA with Java),sigma-8-cpp-dsa,DP (Part3),Coin Change (Live Class),696657c01ec173e1b1051443,jd4dfqq4yy,6466.0,107.8,https://embed-cloudfront.wistia.com/deliveries/95dfbb5dbbb0a67ea54c1c8a8e64cc01c4027790.m3u8,player,,wistia,video
Sigma 8.0 (DSA with Java),sigma-8-cpp-dsa,DP (Part2),Unbounded Knapsack (Tabulation),696657c01ec173e1b1051442,1dqdf1syzr,1642.0,27.4,https://embed-cloudfront.wistia.com/deliveries/95dfbb5dbbb0a67ea54c1c8a8e64cc01c4027790.m3u8,player,,wistia,video
Sigma 8.0 (DSA with Java),sigma-8-cpp-dsa,DP (Part2),Target Sum Subset (Code),696657c01ec173e1b1051441,u5y71epzud,599.0,10.0,https://embed-cloudfront.wistia.com/deliveries/95dfbb5dbbb0a67ea54c1c8a8e64cc01c4027790.m3u8,player,,wistia,video
Sigma 8.0 (DSA with Java),sigma-8-cpp-dsa,DP (Part2),Target Sum Subset (Tabulation),696657c01ec173e1b1051440,85qjbrana3,1803.0,30.1,https://embed-cloudfront.wistia.com/deliveries/95dfbb5dbbb0a67ea54c1c8a8e64cc01c4027790.m3u8,player,,wistia,video
Sigma 8.0 (DSA with Java),sigma-8-cpp-dsa,DP (Part2),0-1 Knapsack (Tabulation),696657c01ec173e1b105143f,s7r55tbjak,1782.0,29.7,https://embed-cloudfront.wistia.com/deliveries/95dfbb5dbbb0a67ea54c1c8a8e64cc01c4027790.m3u8,player,,wistia,video
Sigma 8.0 (DSA with Java),sigma-8-cpp-dsa,DP (Part2),0-1 Knapsack (Memoization),696657c01ec173e1b105143e,jfec0ppp22,693.0,11.6,https://embed-cloudfront.wistia.com/deliveries/95dfbb5dbbb0a67ea54c1c8a8e64cc01c4027790.m3u8,player,,wistia,video
Sigma 8.0 (DSA with Java),sigma-8-cpp-dsa,DP (Part2),0-1 Knapsack (Recursion),696657c01ec173e1b105143d,og5yj1lezj,1885.0,31.4,https://embed-cloudfront.wistia.com/deliveries/95dfbb5dbbb0a67ea54c1c8a8e64cc01c4027790.m3u8,player,,wistia,video
Sigma 8.0 (DSA with Java),sigma-8-cpp-dsa,DP (Part2),Types of Knapsack problems,696657c01ec173e1b105143c,kdsd9a6tpc,674.0,11.2,https://embed-cloudfront.wistia.com/deliveries/95dfbb5dbbb0a67ea54c1c8a8e64cc01c4027790.m3u8,player,,wistia,video
Sigma 8.0 (DSA with Java),sigma-8-cpp-dsa,DP (Part1),Climbing Stairs (Tabulation DP),696657c01ec173e1b105143b,6lm0xf0jih,900.0,15.0,https://embed-cloudfront.wistia.com/deliveries/95dfbb5dbbb0a67ea54c1c8a8e64cc01c4027790.m3u8,player,,wistia,video
Sigma 8.0 (DSA with Java),sigma-8-cpp-dsa,DP (Part1),Climbing Stairs Variation,696657c01ec173e1b105143a,xn0zelhi3h,336.0,5.6,https://embed-cloudfront.wistia.com/deliveries/95dfbb5dbbb0a67ea54c1c8a8e64cc01c4027790.m3u8,player,,wistia,video
Sigma 8.0 (DSA with Java),sigma-8-cpp-dsa,DP (Part1),Climbing Stairs (Memoization DP),696657c01ec173e1b1051439,bvz11nwwmf,522.0,8.7,https://embed-cloudfront.wistia.com/deliveries/95dfbb5dbbb0a67ea54c1c8a8e64cc01c4027790.m3u8,player,,wistia,video
Sigma 8.0 (DSA with Java),sigma-8-cpp-dsa,DP (Part1),Climbing Stairs (Recursion),696657c01ec173e1b1051438,tjuwnu78d5,1255.0,20.9,https://embed-cloudfront.wistia.com/deliveries/95dfbb5dbbb0a67ea54c1c8a8e64cc01c4027790.m3u8,player,,wistia,video
Sigma 8.0 (DSA with Java),sigma-8-cpp-dsa,DP (Part1),7 Important Concepts,696657c01ec173e1b1051437,tcn9k6ajl5,308.0,5.1,https://embed-cloudfront.wistia.com/deliveries/95dfbb5dbbb0a67ea54c1c8a8e64cc01c4027790.m3u8,player,,wistia,video
Sigma 8.0 (DSA with Java),sigma-8-cpp-dsa,DP (Part1),Ways of DP,696657c01ec173e1b1051436,n1ulxrxe55,923.0,15.4,https://embed-cloudfront.wistia.com/deliveries/95dfbb5dbbb0a67ea54c1c8a8e64cc01c4027790.m3u8,player,,wistia,video
Sigma 8.0 (DSA with Java),sigma-8-cpp-dsa,DP (Part1),What is DP- (Definition),696657c01ec173e1b1051435,1tl5iylg1e,487.0,8.1,https://embed-cloudfront.wistia.com/deliveries/95dfbb5dbbb0a67ea54c1c8a8e64cc01c4027790.m3u8,player,,wistia,video
Sigma 8.0 (DSA with Java),sigma-8-cpp-dsa,DP (Part1),Introduction to DP,696657c01ec173e1b1051434,xpt75q48sv,1152.0,19.2,https://embed-cloudfront.wistia.com/deliveries/95dfbb5dbbb0a67ea54c1c8a8e64cc01c4027790.m3u8,player,,wistia,video
Sigma 8.0 (DSA with Java),sigma-8-cpp-dsa,Graphs - Supplemental,Articulation Point (Tarjan's Algorithm),69513a3b661516395c00986f,6kvobhb3un,3218.0,53.6,https://embed-cloudfront.wistia.com/deliveries/95dfbb5dbbb0a67ea54c1c8a8e64cc01c4027790.m3u8,player,,wistia,video
Sigma 8.0 (DSA with Java),sigma-8-cpp-dsa,Graphs - Supplemental,Bridge in Graph (Tarjan's Algorithm),69513a3b661516395c00986e,ifuzhed48f,2591.0,43.2,https://embed-cloudfront.wistia.com/deliveries/95dfbb5dbbb0a67ea54c1c8a8e64cc01c4027790.m3u8,player,,wistia,video
Sigma 8.0 (DSA with Java),sigma-8-cpp-dsa,Graphs - Supplemental,Strongly Connected Components (Kosaraju's Algorithm),69513a3b661516395c00986d,r5bfstyapc,1651.0,27.5,https://embed-cloudfront.wistia.com/deliveries/95dfbb5dbbb0a67ea54c1c8a8e64cc01c4027790.m3u8,player,,wistia,video
Sigma 8.0 (DSA with Java),sigma-8-cpp-dsa,Graph (Part5),Flood Fill Algorithm,69513a3b661516395c009868,dr1wngvmy9,745.0,12.4,https://embed-cloudfront.wistia.com/deliveries/95dfbb5dbbb0a67ea54c1c8a8e64cc01c4027790.m3u8,player,,wistia,video
Sigma 8.0 (DSA with Java),sigma-8-cpp-dsa,Graph (Part5),Kruskal's Algorithm,69513a3b661516395c009867,82hq6izy7k,790.0,13.2,https://embed-cloudfront.wistia.com/deliveries/95dfbb5dbbb0a67ea54c1c8a8e64cc01c4027790.m3u8,player,,wistia,video
Sigma 8.0 (DSA with Java),sigma-8-cpp-dsa,Graph (Part5),Disjoint Set Union,69513a3b661516395c009866,af4qltyjhs,1795.0,29.9,https://embed-cloudfront.wistia.com/deliveries/95dfbb5dbbb0a67ea54c1c8a8e64cc01c4027790.m3u8,player,,wistia,video
Sigma 8.0 (DSA with Java),sigma-8-cpp-dsa,Graph (Part5),Connecting Cities (Code),69513a3b661516395c009865,w185ag94gw,374.0,6.2,https://embed-cloudfront.wistia.com/deliveries/95dfbb5dbbb0a67ea54c1c8a8e64cc01c4027790.m3u8,player,,wistia,video
Sigma 8.0 (DSA with Java),sigma-8-cpp-dsa,Graph (Part5),Connecting Cities,69513a3b661516395c009864,3whf8xx7rj,614.0,10.2,https://embed-cloudfront.wistia.com/deliveries/95dfbb5dbbb0a67ea54c1c8a8e64cc01c4027790.m3u8,player,,wistia,video
Sigma 8.0 (DSA with Java),sigma-8-cpp-dsa,Graph (Part5),Cheapest Flights within K Stops (Code),69513a3b661516395c009863,wbzp2thlcf,1084.0,18.1,https://embed-cloudfront.wistia.com/deliveries/95dfbb5dbbb0a67ea54c1c8a8e64cc01c4027790.m3u8,player,,wistia,video
Sigma 8.0 (DSA with Java),sigma-8-cpp-dsa,Graph (Part5),Cheapest Flights within K Stops,69513a3b661516395c009862,qq9qjedwrh,1682.0,28.0,https://embed-cloudfront.wistia.com/deliveries/95dfbb5dbbb0a67ea54c1c8a8e64cc01c4027790.m3u8,player,,wistia,video
Sigma 8.0 (DSA with Java),sigma-8-cpp-dsa,Graphs (Part4),Prim's Code,69513a3b661516395c009861,smdqlhxlc0,448.0,7.5,https://embed-cloudfront.wistia.com/deliveries/95dfbb5dbbb0a67ea54c1c8a8e64cc01c4027790.m3u8,player,,wistia,video
Sigma 8.0 (DSA with Java),sigma-8-cpp-dsa,Graphs (Part4),Prim's Algorithm,69513a3b661516395c009860,gfkj1l7n98,770.0,12.8,https://embed-cloudfront.wistia.com/deliveries/95dfbb5dbbb0a67ea54c1c8a8e64cc01c4027790.m3u8,player,,wistia,video
Sigma 8.0 (DSA with Java),sigma-8-cpp-dsa,Graphs (Part4),What is MST-,69513a3b661516395c00985f,5e4psvxgjh,345.0,5.8,https://embed-cloudfront.wistia.com/deliveries/95dfbb5dbbb0a67ea54c1c8a8e64cc01c4027790.m3u8,player,,wistia,video
Sigma 8.0 (DSA with Java),sigma-8-cpp-dsa,Graphs (Part4),Bellman Ford (Code),69513a3b661516395c00985e,y2jn3tzpdm,705.0,11.8,https://embed-cloudfront.wistia.com/deliveries/95dfbb5dbbb0a67ea54c1c8a8e64cc01c4027790.m3u8,player,,wistia,video
Sigma 8.0 (DSA with Java),sigma-8-cpp-dsa,Graphs (Part4),Bellman Ford Algorithm,69513a3b661516395c00985d,be2awt0nr8,1150.0,19.2,https://embed-cloudfront.wistia.com/deliveries/95dfbb5dbbb0a67ea54c1c8a8e64cc01c4027790.m3u8,player,,wistia,video
Sigma 8.0 (DSA with Java),sigma-8-cpp-dsa,Graphs (Part3),Dijkstra's Algorithm (Code),69513a3b661516395c00985a,fb012xro1i,630.0,10.5,https://embed-cloudfront.wistia.com/deliveries/95dfbb5dbbb0a67ea54c1c8a8e64cc01c4027790.m3u8,player,,wistia,video
Sigma 8.0 (DSA with Java),sigma-8-cpp-dsa,Graphs (Part3),Dijkstra's Algorithm,69513a3b661516395c009859,v15vpx66ry,1056.0,17.6,https://embed-cloudfront.wistia.com/deliveries/95dfbb5dbbb0a67ea54c1c8a8e64cc01c4027790.m3u8,player,,wistia,video
Sigma 8.0 (DSA with Java),sigma-8-cpp-dsa,Graphs (Part3),All Paths from Source to Target,69513a3b661516395c009858,0i17sos4e3,578.0,9.6,https://embed-cloudfront.wistia.com/deliveries/95dfbb5dbbb0a67ea54c1c8a8e64cc01c4027790.m3u8,player,,wistia,video
Sigma 8.0 (DSA with Java),sigma-8-cpp-dsa,Graphs (Part3),Topological Sort using BFS (Code),69513a3b661516395c009857,a8elae1xoa,378.0,6.3,https://embed-cloudfront.wistia.com/deliveries/95dfbb5dbbb0a67ea54c1c8a8e64cc01c4027790.m3u8,player,,wistia,video
Sigma 8.0 (DSA with Java),sigma-8-cpp-dsa,Graphs (Part3),Topological Sort using BFS (Kahn's Algorithm),69513a3b661516395c009856,oapos514me,919.0,15.3,https://embed-cloudfront.wistia.com/deliveries/95dfbb5dbbb0a67ea54c1c8a8e64cc01c4027790.m3u8,player,,wistia,video
Sigma 8.0 (DSA with Java),sigma-8-cpp-dsa,Graphs (Part2),Topological Sorting (using DFS),69513a3b661516395c009855,94r4x7yfuq,1162.0,19.4,https://embed-cloudfront.wistia.com/deliveries/95dfbb5dbbb0a67ea54c1c8a8e64cc01c4027790.m3u8,player,,wistia,video
Sigma 8.0 (DSA with Java),sigma-8-cpp-dsa,Graphs (Part2),Extra Read,69513a3b661516395c009854,mjqsmv8ayw,48.0,0.8,https://embed-cloudfront.wistia.com/deliveries/95dfbb5dbbb0a67ea54c1c8a8e64cc01c4027790.m3u8,player,,wistia,video
Sigma 8.0 (DSA with Java),sigma-8-cpp-dsa,Graphs (Part2),Cycle Detection (Directed graph) - DFS,69513a3b661516395c009853,llmy4v5p2u,1540.0,25.7,https://embed-cloudfront.wistia.com/deliveries/95dfbb5dbbb0a67ea54c1c8a8e64cc01c4027790.m3u8,player,,wistia,video
Sigma 8.0 (DSA with Java),sigma-8-cpp-dsa,Graphs (Part2),Bipartite Graph,69513a3b661516395c009852,50qwglnm1o,1756.0,29.3,https://embed-cloudfront.wistia.com/deliveries/95dfbb5dbbb0a67ea54c1c8a8e64cc01c4027790.m3u8,player,,wistia,video
Sigma 8.0 (DSA with Java),sigma-8-cpp-dsa,Graphs (Part2),Cycle Detection (Undirected Graph) - DFS,69513a3b661516395c009851,pesiopsvzp,1427.0,23.8,https://embed-cloudfront.wistia.com/deliveries/95dfbb5dbbb0a67ea54c1c8a8e64cc01c4027790.m3u8,player,,wistia,video
Sigma 8.0 (DSA with Java),sigma-8-cpp-dsa,Graphs (Part2),Cycle in Graphs,69513a3b661516395c009850,l4msap2nzk,148.0,2.5,https://embed-cloudfront.wistia.com/deliveries/95dfbb5dbbb0a67ea54c1c8a8e64cc01c4027790.m3u8,player,,wistia,video
Sigma 8.0 (DSA with Java),sigma-8-cpp-dsa,Graphs (Part2),Connected Components,69513a3b661516395c00984f,t1xajlukye,635.0,10.6,https://embed-cloudfront.wistia.com/deliveries/95dfbb5dbbb0a67ea54c1c8a8e64cc01c4027790.m3u8,player,,wistia,video
Sigma 8.0 (DSA with Java),sigma-8-cpp-dsa,Graphs (Part1),Has Path- (using DFS),69513a3b661516395c00984e,f0aocbg7ks,796.0,13.3,https://embed-cloudfront.wistia.com/deliveries/95dfbb5dbbb0a67ea54c1c8a8e64cc01c4027790.m3u8,player,,wistia,video
Sigma 8.0 (DSA with Java),sigma-8-cpp-dsa,Graphs (Part1),DFS (Depth First Search),69513a3b661516395c00984d,8fn26j2b3a,769.0,12.8,https://embed-cloudfront.wistia.com/deliveries/95dfbb5dbbb0a67ea54c1c8a8e64cc01c4027790.m3u8,player,,wistia,video
Sigma 8.0 (DSA with Java),sigma-8-cpp-dsa,Graphs (Part1),BFS (Breadth First Search),69513a3b661516395c00984c,2e3xcj3kp9,1257.0,20.9,https://embed-cloudfront.wistia.com/deliveries/95dfbb5dbbb0a67ea54c1c8a8e64cc01c4027790.m3u8,player,,wistia,video
Sigma 8.0 (DSA with Java),sigma-8-cpp-dsa,Graphs (Part1),Creating a Graph (Adjacency List),69513a3b661516395c00984b,3rokddt4mj,837.0,13.9,https://embed-cloudfront.wistia.com/deliveries/95dfbb5dbbb0a67ea54c1c8a8e64cc01c4027790.m3u8,player,,wistia,video
Sigma 8.0 (DSA with Java),sigma-8-cpp-dsa,Graphs (Part1),Graph Applications,69513a3b661516395c00984a,9d9jf067nf,687.0,11.4,https://embed-cloudfront.wistia.com/deliveries/95dfbb5dbbb0a67ea54c1c8a8e64cc01c4027790.m3u8,player,,wistia,video
Sigma 8.0 (DSA with Java),sigma-8-cpp-dsa,Graphs (Part1),Graph Representations,69513a3b661516395c009849,ugu9a4b66z,1421.0,23.7,https://embed-cloudfront.wistia.com/deliveries/95dfbb5dbbb0a67ea54c1c8a8e64cc01c4027790.m3u8,player,,wistia,video
Sigma 8.0 (DSA with Java),sigma-8-cpp-dsa,Graphs (Part1),Types of Graphs (Based on Edge),69513a3b661516395c009848,27tfk99io1,274.0,4.6,https://embed-cloudfront.wistia.com/deliveries/95dfbb5dbbb0a67ea54c1c8a8e64cc01c4027790.m3u8,player,,wistia,video
Sigma 8.0 (DSA with Java),sigma-8-cpp-dsa,Graphs (Part1),Introduction to Graphs,69513a3b661516395c009847,0w5bxp70k0,251.0,4.2,https://embed-cloudfront.wistia.com/deliveries/95dfbb5dbbb0a67ea54c1c8a8e64cc01c4027790.m3u8,player,,wistia,video
Sigma 8.0 (DSA with Java),sigma-8-cpp-dsa,Tries ,Longest Word with all Prefixes,69513a3b661516395c009844,7304xbvm6i,1641.0,27.4,https://embed-cloudfront.wistia.com/deliveries/95dfbb5dbbb0a67ea54c1c8a8e64cc01c4027790.m3u8,player,,wistia,video
Sigma 8.0 (DSA with Java),sigma-8-cpp-dsa,Tries ,Unique Substrings,69513a3b661516395c009843,2l8f7w22ro,1634.0,27.2,https://embed-cloudfront.wistia.com/deliveries/95dfbb5dbbb0a67ea54c1c8a8e64cc01c4027790.m3u8,player,,wistia,video
Sigma 8.0 (DSA with Java),sigma-8-cpp-dsa,Tries ,startsWith Problem,69513a3b661516395c009842,h39ftl5vma,782.0,13.0,https://embed-cloudfront.wistia.com/deliveries/95dfbb5dbbb0a67ea54c1c8a8e64cc01c4027790.m3u8,player,,wistia,video
Sigma 8.0 (DSA with Java),sigma-8-cpp-dsa,Tries ,Prefix Problem,69513a3b661516395c009841,3yr5e9yypv,1368.0,22.8,https://embed-cloudfront.wistia.com/deliveries/95dfbb5dbbb0a67ea54c1c8a8e64cc01c4027790.m3u8,player,,wistia,video
Sigma 8.0 (DSA with Java),sigma-8-cpp-dsa,Tries ,Word Break Problem,69513a3b661516395c009840,qsnbn7enjz,879.0,14.7,https://embed-cloudfront.wistia.com/deliveries/95dfbb5dbbb0a67ea54c1c8a8e64cc01c4027790.m3u8,player,,wistia,video
Sigma 8.0 (DSA with Java),sigma-8-cpp-dsa,Tries ,Searching,69513a3b661516395c00983f,bk5hk11rhc,371.0,6.2,https://embed-cloudfront.wistia.com/deliveries/95dfbb5dbbb0a67ea54c1c8a8e64cc01c4027790.m3u8,player,,wistia,video
Sigma 8.0 (DSA with Java),sigma-8-cpp-dsa,Tries ,Insertion,69513a3b661516395c00983e,jg5guvwu7o,704.0,11.7,https://embed-cloudfront.wistia.com/deliveries/95dfbb5dbbb0a67ea54c1c8a8e64cc01c4027790.m3u8,player,,wistia,video
Sigma 8.0 (DSA with Java),sigma-8-cpp-dsa,Tries ,Creating a Trie,69513a3b661516395c00983d,3179w4y2oy,494.0,8.2,https://embed-cloudfront.wistia.com/deliveries/95dfbb5dbbb0a67ea54c1c8a8e64cc01c4027790.m3u8,player,,wistia,video
Sigma 8.0 (DSA with Java),sigma-8-cpp-dsa,Tries ,What is a Trie-,69513a3b661516395c00983c,8qvrfmbkrg,328.0,5.5,https://embed-cloudfront.wistia.com/deliveries/95dfbb5dbbb0a67ea54c1c8a8e64cc01c4027790.m3u8,player,,wistia,video
Sigma 8.0 (DSA with Java),sigma-8-cpp-dsa,Tries ,Tries Introduction,69513a3b661516395c00983b,aaj7y6swji,177.0,3.0,https://embed-cloudfront.wistia.com/deliveries/95dfbb5dbbb0a67ea54c1c8a8e64cc01c4027790.m3u8,player,,wistia,video
Sigma 8.0 (DSA with Java),sigma-8-cpp-dsa,Hashing,Subarray Sum Equal to K,69513a3b661516395c009838,6razm3v932,1027.0,17.1,https://embed-cloudfront.wistia.com/deliveries/95dfbb5dbbb0a67ea54c1c8a8e64cc01c4027790.m3u8,player,,wistia,video
Sigma 8.0 (DSA with Java),sigma-8-cpp-dsa,Hashing,Largest Subarray with Sum 0,69513a3b661516395c009837,e8xn3u3oc4,1040.0,17.3,https://embed-cloudfront.wistia.com/deliveries/95dfbb5dbbb0a67ea54c1c8a8e64cc01c4027790.m3u8,player,,wistia,video
Sigma 8.0 (DSA with Java),sigma-8-cpp-dsa,Hashing,Find Itinerary for Tickets,69513a3b661516395c009836,s0oqgtjahq,912.0,15.2,https://embed-cloudfront.wistia.com/deliveries/95dfbb5dbbb0a67ea54c1c8a8e64cc01c4027790.m3u8,player,,wistia,video
Sigma 8.0 (DSA with Java),sigma-8-cpp-dsa,Hashing,Union & Intersection,69513a3b661516395c009835,v1afv1b9te,712.0,11.9,https://embed-cloudfront.wistia.com/deliveries/95dfbb5dbbb0a67ea54c1c8a8e64cc01c4027790.m3u8,player,,wistia,video
Sigma 8.0 (DSA with Java),sigma-8-cpp-dsa,Hashing,Count Distinct Elements,69513a3b661516395c009834,c3u4qg9cc5,320.0,5.3,https://embed-cloudfront.wistia.com/deliveries/95dfbb5dbbb0a67ea54c1c8a8e64cc01c4027790.m3u8,player,,wistia,video
Sigma 8.0 (DSA with Java),sigma-8-cpp-dsa,Hashing,TreeSet,69513a3b661516395c009833,btzyl7r3q7,244.0,4.1,https://embed-cloudfront.wistia.com/deliveries/95dfbb5dbbb0a67ea54c1c8a8e64cc01c4027790.m3u8,player,,wistia,video
Sigma 8.0 (DSA with Java),sigma-8-cpp-dsa,Hashing,LinkedHashSet,69513a3b661516395c009832,rhwdpxg0pp,229.0,3.8,https://embed-cloudfront.wistia.com/deliveries/95dfbb5dbbb0a67ea54c1c8a8e64cc01c4027790.m3u8,player,,wistia,video
Sigma 8.0 (DSA with Java),sigma-8-cpp-dsa,Hashing,Iteration on HashSets,69513a3b661516395c009831,k2n7fwfy1u,503.0,8.4,https://embed-cloudfront.wistia.com/deliveries/95dfbb5dbbb0a67ea54c1c8a8e64cc01c4027790.m3u8,player,,wistia,video
Sigma 8.0 (DSA with Java),sigma-8-cpp-dsa,Hashing,HashSet,69513a3b661516395c009830,agzavr2t3k,507.0,8.4,https://embed-cloudfront.wistia.com/deliveries/95dfbb5dbbb0a67ea54c1c8a8e64cc01c4027790.m3u8,player,,wistia,video
Sigma 8.0 (DSA with Java),sigma-8-cpp-dsa,Hashing,Valid Anagram,69513a3b661516395c00982f,ibhwj9j9q7,791.0,13.2,https://embed-cloudfront.wistia.com/deliveries/95dfbb5dbbb0a67ea54c1c8a8e64cc01c4027790.m3u8,player,,wistia,video
Sigma 8.0 (DSA with Java),sigma-8-cpp-dsa,Hashing,Majority Element,69513a3b661516395c00982e,4dyk0kovam,851.0,14.2,https://embed-cloudfront.wistia.com/deliveries/95dfbb5dbbb0a67ea54c1c8a8e64cc01c4027790.m3u8,player,,wistia,video
Sigma 8.0 (DSA with Java),sigma-8-cpp-dsa,Hashing,TreeMap,69513a3b661516395c00982c,7313gp3rpg,252.0,4.2,https://embed-cloudfront.wistia.com/deliveries/95dfbb5dbbb0a67ea54c1c8a8e64cc01c4027790.m3u8,player,,wistia,video
Sigma 8.0 (DSA with Java),sigma-8-cpp-dsa,Hashing,LinkedHashMap,69513a3b661516395c00982b,xfka6asz9g,324.0,5.4,https://embed-cloudfront.wistia.com/deliveries/95dfbb5dbbb0a67ea54c1c8a8e64cc01c4027790.m3u8,player,,wistia,video
Sigma 8.0 (DSA with Java),sigma-8-cpp-dsa,Hashing,Special Note,69513a3b661516395c00982a,3kmr4rq3s5,106.0,1.8,https://embed-cloudfront.wistia.com/deliveries/95dfbb5dbbb0a67ea54c1c8a8e64cc01c4027790.m3u8,player,,wistia,video
Sigma 8.0 (DSA with Java),sigma-8-cpp-dsa,Hashing,HashMap Implementation Code,69513a3b661516395c009829,jxr3e9ysfq,2040.0,34.0,https://embed-cloudfront.wistia.com/deliveries/95dfbb5dbbb0a67ea54c1c8a8e64cc01c4027790.m3u8,player,,wistia,video
Sigma 8.0 (DSA with Java),sigma-8-cpp-dsa,Hashing,HashMap Implementation,69513a3b661516395c009827,sqb43cpeiz,1419.0,23.6,https://embed-cloudfront.wistia.com/deliveries/95dfbb5dbbb0a67ea54c1c8a8e64cc01c4027790.m3u8,player,,wistia,video
Sigma 8.0 (DSA with Java),sigma-8-cpp-dsa,Hashing,Iteration on HashMaps,69513a3b661516395c009826,idjhfi4ie5,353.0,5.9,https://embed-cloudfront.wistia.com/deliveries/95dfbb5dbbb0a67ea54c1c8a8e64cc01c4027790.m3u8,player,,wistia,video
Sigma 8.0 (DSA with Java),sigma-8-cpp-dsa,Hashing,HashMap Operations,69513a3a661516395c009825,wrcow5booe,770.0,12.8,https://embed-cloudfront.wistia.com/deliveries/95dfbb5dbbb0a67ea54c1c8a8e64cc01c4027790.m3u8,player,,wistia,video
Sigma 8.0 (DSA with Java),sigma-8-cpp-dsa,Hashing,HashMap,69513a3a661516395c009824,5eyft8f2tl,328.0,5.5,https://embed-cloudfront.wistia.com/deliveries/95dfbb5dbbb0a67ea54c1c8a8e64cc01c4027790.m3u8,player,,wistia,video
Sigma 8.0 (DSA with Java),sigma-8-cpp-dsa,Hashing,Hashing Introduction,69513a3a661516395c009823,km934vqthc,158.0,2.6,https://embed-cloudfront.wistia.com/deliveries/95dfbb5dbbb0a67ea54c1c8a8e64cc01c4027790.m3u8,player,,wistia,video
Sigma 8.0 (DSA with Java),sigma-8-cpp-dsa,Heaps,Sliding Window Maximum,69513a3a661516395c009820,7qlg6wkthm,1498.0,25.0,https://embed-cloudfront.wistia.com/deliveries/95dfbb5dbbb0a67ea54c1c8a8e64cc01c4027790.m3u8,player,,wistia,video
Sigma 8.0 (DSA with Java),sigma-8-cpp-dsa,Heaps,Weakest Soldier,69513a3a661516395c00981f,436yyhexzk,685.0,11.4,https://embed-cloudfront.wistia.com/deliveries/95dfbb5dbbb0a67ea54c1c8a8e64cc01c4027790.m3u8,player,,wistia,video
Sigma 8.0 (DSA with Java),sigma-8-cpp-dsa,Heaps,Connect N Ropes with Minimum Cost,69513a3a661516395c00981e,dhrgqjj6me,721.0,12.0,https://embed-cloudfront.wistia.com/deliveries/95dfbb5dbbb0a67ea54c1c8a8e64cc01c4027790.m3u8,player,,wistia,video
Sigma 8.0 (DSA with Java),sigma-8-cpp-dsa,Heaps,Nearby Cars,69513a3a661516395c00981d,jemloczxb0,676.0,11.3,https://embed-cloudfront.wistia.com/deliveries/95dfbb5dbbb0a67ea54c1c8a8e64cc01c4027790.m3u8,player,,wistia,video
Sigma 8.0 (DSA with Java),sigma-8-cpp-dsa,Heaps,Heap Sort,69513a3a661516395c00981c,4ed5sijikm,1257.0,20.9,https://embed-cloudfront.wistia.com/deliveries/95dfbb5dbbb0a67ea54c1c8a8e64cc01c4027790.m3u8,player,,wistia,video
Sigma 8.0 (DSA with Java),sigma-8-cpp-dsa,Heaps,Remove from Heap,69513a3a661516395c00981b,vvfv4a20y6,1271.0,21.2,https://embed-cloudfront.wistia.com/deliveries/95dfbb5dbbb0a67ea54c1c8a8e64cc01c4027790.m3u8,player,,wistia,video
Sigma 8.0 (DSA with Java),sigma-8-cpp-dsa,Heaps,Peek from Heap,69513a3a661516395c00981a,shbas8dz1b,83.0,1.4,https://embed-cloudfront.wistia.com/deliveries/95dfbb5dbbb0a67ea54c1c8a8e64cc01c4027790.m3u8,player,,wistia,video
Sigma 8.0 (DSA with Java),sigma-8-cpp-dsa,Heaps,Insert in Heap,69513a3a661516395c009819,y51ek315th,647.0,10.8,https://embed-cloudfront.wistia.com/deliveries/95dfbb5dbbb0a67ea54c1c8a8e64cc01c4027790.m3u8,player,,wistia,video
Sigma 8.0 (DSA with Java),sigma-8-cpp-dsa,Heaps,Heap Implementation (using CBT),69513a3a661516395c009818,fk9ywycw12,572.0,9.5,https://embed-cloudfront.wistia.com/deliveries/95dfbb5dbbb0a67ea54c1c8a8e64cc01c4027790.m3u8,player,,wistia,video
Sigma 8.0 (DSA with Java),sigma-8-cpp-dsa,Heaps,Introduction to Heaps,69513a3a661516395c009817,lghbi73o5x,512.0,8.5,https://embed-cloudfront.wistia.com/deliveries/95dfbb5dbbb0a67ea54c1c8a8e64cc01c4027790.m3u8,player,,wistia,video
Sigma 8.0 (DSA with Java),sigma-8-cpp-dsa,Heaps,PQ for Objects,69513a3a661516395c009816,cetdd6hh54,656.0,10.9,https://embed-cloudfront.wistia.com/deliveries/95dfbb5dbbb0a67ea54c1c8a8e64cc01c4027790.m3u8,player,,wistia,video
Sigma 8.0 (DSA with Java),sigma-8-cpp-dsa,Heaps,PQ in JCF,69513a3a661516395c009815,jam6w88enm,395.0,6.6,https://embed-cloudfront.wistia.com/deliveries/95dfbb5dbbb0a67ea54c1c8a8e64cc01c4027790.m3u8,player,,wistia,video
Sigma 8.0 (DSA with Java),sigma-8-cpp-dsa,Heaps,Introduction to Priority Queues,69513a3a661516395c009814,hvokiq7ddp,348.0,5.8,https://embed-cloudfront.wistia.com/deliveries/95dfbb5dbbb0a67ea54c1c8a8e64cc01c4027790.m3u8,player,,wistia,video
Sigma 8.0 (DSA with Java),sigma-8-cpp-dsa,Binary Search Trees (Part2),AVL Trees,693980bfb9fdd2b6ac054bf5,iq3wah85lt,3229.0,53.8,https://embed-cloudfront.wistia.com/deliveries/95dfbb5dbbb0a67ea54c1c8a8e64cc01c4027790.m3u8,player,,wistia,video
Sigma 8.0 (DSA with Java),sigma-8-cpp-dsa,Binary Search Trees (Part2),Size of Largest BST in BT (Code),693980bfb9fdd2b6ac054bf4,6yrgwflxjp,574.0,9.6,https://embed-cloudfront.wistia.com/deliveries/95dfbb5dbbb0a67ea54c1c8a8e64cc01c4027790.m3u8,player,,wistia,video
Sigma 8.0 (DSA with Java),sigma-8-cpp-dsa,Binary Search Trees (Part2),Size of Largest BST in BT,693980bfb9fdd2b6ac054bf3,6eoyewks8z,972.0,16.2,https://embed-cloudfront.wistia.com/deliveries/95dfbb5dbbb0a67ea54c1c8a8e64cc01c4027790.m3u8,player,,wistia,video
Sigma 8.0 (DSA with Java),sigma-8-cpp-dsa,Binary Search Trees (Part2),Convert BST to Balanced BST,693980bfb9fdd2b6ac054bf2,lirapcun3q,676.0,11.3,https://embed-cloudfront.wistia.com/deliveries/95dfbb5dbbb0a67ea54c1c8a8e64cc01c4027790.m3u8,player,,wistia,video
Sigma 8.0 (DSA with Java),sigma-8-cpp-dsa,Binary Search Trees (Part2),Sorted Array to Balanced BST,693980bfb9fdd2b6ac054bf1,pkb9t78ttj,951.0,15.8,https://embed-cloudfront.wistia.com/deliveries/95dfbb5dbbb0a67ea54c1c8a8e64cc01c4027790.m3u8,player,,wistia,video
Sigma 8.0 (DSA with Java),sigma-8-cpp-dsa,Binary Search Trees(Part1),Mirror a BST,693980bfb9fdd2b6ac054be6,zmt95f1qqm,958.0,16.0,https://embed-cloudfront.wistia.com/deliveries/95dfbb5dbbb0a67ea54c1c8a8e64cc01c4027790.m3u8,player,,wistia,video
Sigma 8.0 (DSA with Java),sigma-8-cpp-dsa,Binary Search Trees(Part1),Validate BST,693980bfb9fdd2b6ac054be5,0q6qaa8hez,876.0,14.6,https://embed-cloudfront.wistia.com/deliveries/95dfbb5dbbb0a67ea54c1c8a8e64cc01c4027790.m3u8,player,,wistia,video
Sigma 8.0 (DSA with Java),sigma-8-cpp-dsa,Binary Search Trees(Part1),Root to Leaf Path,693980bfb9fdd2b6ac054be4,rfzhskrzc7,558.0,9.3,https://embed-cloudfront.wistia.com/deliveries/95dfbb5dbbb0a67ea54c1c8a8e64cc01c4027790.m3u8,player,,wistia,video
Sigma 8.0 (DSA with Java),sigma-8-cpp-dsa,Binary Search Trees(Part1),Print in Range,693980bfb9fdd2b6ac054be3,67kwn7eb69,276.0,4.6,https://embed-cloudfront.wistia.com/deliveries/95dfbb5dbbb0a67ea54c1c8a8e64cc01c4027790.m3u8,player,,wistia,video
Sigma 8.0 (DSA with Java),sigma-8-cpp-dsa,Binary Search Trees(Part1),Delete a Node,693980bfb9fdd2b6ac054be2,atu5d9msu6,1000.0,16.7,https://embed-cloudfront.wistia.com/deliveries/95dfbb5dbbb0a67ea54c1c8a8e64cc01c4027790.m3u8,player,,wistia,video
Sigma 8.0 (DSA with Java),sigma-8-cpp-dsa,Binary Search Trees(Part1),Search in a BST,693980bfb9fdd2b6ac054be1,9g6pkw0z3g,423.0,7.0,https://embed-cloudfront.wistia.com/deliveries/95dfbb5dbbb0a67ea54c1c8a8e64cc01c4027790.m3u8,player,,wistia,video
Sigma 8.0 (DSA with Java),sigma-8-cpp-dsa,Binary Search Trees(Part1),Build a BST,693980bfb9fdd2b6ac054be0,clzknh56jr,568.0,9.5,https://embed-cloudfront.wistia.com/deliveries/95dfbb5dbbb0a67ea54c1c8a8e64cc01c4027790.m3u8,player,,wistia,video
Sigma 8.0 (DSA with Java),sigma-8-cpp-dsa,Binary Search Trees(Part1),Concept of Search in BST,693980bfb9fdd2b6ac054bdf,zx81fa7aoi,399.0,6.7,https://embed-cloudfront.wistia.com/deliveries/95dfbb5dbbb0a67ea54c1c8a8e64cc01c4027790.m3u8,player,,wistia,video
Sigma 8.0 (DSA with Java),sigma-8-cpp-dsa,Binary Search Trees(Part1),Introduction,693980bfb9fdd2b6ac054bde,idwy0ia9ok,450.0,7.5,https://embed-cloudfront.wistia.com/deliveries/95dfbb5dbbb0a67ea54c1c8a8e64cc01c4027790.m3u8,player,,wistia,video
Sigma 8.0 (DSA with Java),sigma-8-cpp-dsa,Binary Trees (Part3),Transform to Sum Tree,693980bfb9fdd2b6ac054bdb,i8hlwy17s7,784.0,13.1,https://embed-cloudfront.wistia.com/deliveries/95dfbb5dbbb0a67ea54c1c8a8e64cc01c4027790.m3u8,player,,wistia,video
Sigma 8.0 (DSA with Java),sigma-8-cpp-dsa,Binary Trees (Part3),Kth ancestor of Node,693980bfb9fdd2b6ac054bda,rrk8lggjgz,548.0,9.1,https://embed-cloudfront.wistia.com/deliveries/95dfbb5dbbb0a67ea54c1c8a8e64cc01c4027790.m3u8,player,,wistia,video
Sigma 8.0 (DSA with Java),sigma-8-cpp-dsa,Binary Trees (Part3),Minimum Distance between 2 Nodes,693980bfb9fdd2b6ac054bd9,qpma0zs8pv,730.0,12.2,https://embed-cloudfront.wistia.com/deliveries/95dfbb5dbbb0a67ea54c1c8a8e64cc01c4027790.m3u8,player,,wistia,video
Sigma 8.0 (DSA with Java),sigma-8-cpp-dsa,Binary Trees (Part3),Lowest Common Ancestor (Approach2),693980bfb9fdd2b6ac054bd8,9pwa3he6qj,713.0,11.9,https://embed-cloudfront.wistia.com/deliveries/95dfbb5dbbb0a67ea54c1c8a8e64cc01c4027790.m3u8,player,,wistia,video
Sigma 8.0 (DSA with Java),sigma-8-cpp-dsa,Binary Trees (Part3),Lowest Common Ancestor (Approach1),693980bfb9fdd2b6ac054bd7,hztsctfgh2,1151.0,19.2,https://embed-cloudfront.wistia.com/deliveries/95dfbb5dbbb0a67ea54c1c8a8e64cc01c4027790.m3u8,player,,wistia,video
Sigma 8.0 (DSA with Java),sigma-8-cpp-dsa,Binary Trees (Part3),Kth Level,693980bfb9fdd2b6ac054bd6,0w5jsc0pph,466.0,7.8,https://embed-cloudfront.wistia.com/deliveries/95dfbb5dbbb0a67ea54c1c8a8e64cc01c4027790.m3u8,player,,wistia,video
Sigma 8.0 (DSA with Java),sigma-8-cpp-dsa,Binary Trees (Part2),Top View of a Tree (Code),693980bfb9fdd2b6ac054bd5,eze7f9nyz1,773.0,12.9,https://embed-cloudfront.wistia.com/deliveries/95dfbb5dbbb0a67ea54c1c8a8e64cc01c4027790.m3u8,player,,wistia,video
Sigma 8.0 (DSA with Java),sigma-8-cpp-dsa,Binary Trees (Part2),Top View of a Tree (Approach),693980bfb9fdd2b6ac054bd4,lxiz2ezjjl,546.0,9.1,https://embed-cloudfront.wistia.com/deliveries/95dfbb5dbbb0a67ea54c1c8a8e64cc01c4027790.m3u8,player,,wistia,video
Sigma 8.0 (DSA with Java),sigma-8-cpp-dsa,Binary Trees (Part2),Top View of a Tree (Basics),693980bfb9fdd2b6ac054bd3,5eyo39jqjs,1163.0,19.4,https://embed-cloudfront.wistia.com/deliveries/95dfbb5dbbb0a67ea54c1c8a8e64cc01c4027790.m3u8,player,,wistia,video
Sigma 8.0 (DSA with Java),sigma-8-cpp-dsa,Binary Trees (Part2),Subtree of another tree Code,693980bfb9fdd2b6ac054bd2,vcyutq7pc2,554.0,9.2,https://embed-cloudfront.wistia.com/deliveries/95dfbb5dbbb0a67ea54c1c8a8e64cc01c4027790.m3u8,player,,wistia,video
Sigma 8.0 (DSA with Java),sigma-8-cpp-dsa,Binary Trees (Part2),Subtree of another tree,693980bfb9fdd2b6ac054bd1,xzb9w1sfed,762.0,12.7,https://embed-cloudfront.wistia.com/deliveries/95dfbb5dbbb0a67ea54c1c8a8e64cc01c4027790.m3u8,player,,wistia,video
Sigma 8.0 (DSA with Java),sigma-8-cpp-dsa,Binary Trees (Part2),Diameter of a Tree (Approach2),693980bfb9fdd2b6ac054bd0,m3rllefwqo,574.0,9.6,https://embed-cloudfront.wistia.com/deliveries/95dfbb5dbbb0a67ea54c1c8a8e64cc01c4027790.m3u8,player,,wistia,video
Sigma 8.0 (DSA with Java),sigma-8-cpp-dsa,Binary Trees (Part2),Diameter of a Tree (Approach1),693980bfb9fdd2b6ac054bcf,fzla6k0wrd,1199.0,20.0,https://embed-cloudfront.wistia.com/deliveries/95dfbb5dbbb0a67ea54c1c8a8e64cc01c4027790.m3u8,player,,wistia,video
Sigma 8.0 (DSA with Java),sigma-8-cpp-dsa,Binary Trees (Part1),Sum of Nodes,693980bfb9fdd2b6ac054bce,dul55usmxw,321.0,5.3,https://embed-cloudfront.wistia.com/deliveries/95dfbb5dbbb0a67ea54c1c8a8e64cc01c4027790.m3u8,player,,wistia,video
Sigma 8.0 (DSA with Java),sigma-8-cpp-dsa,Binary Trees (Part1),Count of Nodes of a Tree,693980bfb9fdd2b6ac054bcd,ap1p0gq2us,382.0,6.4,https://embed-cloudfront.wistia.com/deliveries/95dfbb5dbbb0a67ea54c1c8a8e64cc01c4027790.m3u8,player,,wistia,video
Sigma 8.0 (DSA with Java),sigma-8-cpp-dsa,Binary Trees (Part1),Height of a Tree,693980bfb9fdd2b6ac054bcc,lnvpc2gkwg,748.0,12.5,https://embed-cloudfront.wistia.com/deliveries/95dfbb5dbbb0a67ea54c1c8a8e64cc01c4027790.m3u8,player,,wistia,video
Sigma 8.0 (DSA with Java),sigma-8-cpp-dsa,Binary Trees (Part1),Level order Traversal,693980bfb9fdd2b6ac054bcb,nf9x1oaelx,596.0,9.9,https://embed-cloudfront.wistia.com/deliveries/95dfbb5dbbb0a67ea54c1c8a8e64cc01c4027790.m3u8,player,,wistia,video
Sigma 8.0 (DSA with Java),sigma-8-cpp-dsa,Binary Trees (Part1),Postorder Traversal,693980beb9fdd2b6ac054bca,srvbd79jrz,277.0,4.6,https://embed-cloudfront.wistia.com/deliveries/95dfbb5dbbb0a67ea54c1c8a8e64cc01c4027790.m3u8,player,,wistia,video
Sigma 8.0 (DSA with Java),sigma-8-cpp-dsa,Binary Trees (Part1),Inorder Traversal,693980beb9fdd2b6ac054bc9,ld6qc9exh4,217.0,3.6,https://embed-cloudfront.wistia.com/deliveries/95dfbb5dbbb0a67ea54c1c8a8e64cc01c4027790.m3u8,player,,wistia,video
Sigma 8.0 (DSA with Java),sigma-8-cpp-dsa,Binary Trees (Part1),Preorder Traversal,693980beb9fdd2b6ac054bc8,h8urmyqvbm,321.0,5.3,https://embed-cloudfront.wistia.com/deliveries/95dfbb5dbbb0a67ea54c1c8a8e64cc01c4027790.m3u8,player,,wistia,video
Sigma 8.0 (DSA with Java),sigma-8-cpp-dsa,Binary Trees (Part1),Build Tree Preorder Code,693980beb9fdd2b6ac054bc7,yfvhgpq12h,285.0,4.8,https://embed-cloudfront.wistia.com/deliveries/95dfbb5dbbb0a67ea54c1c8a8e64cc01c4027790.m3u8,player,,wistia,video
Sigma 8.0 (DSA with Java),sigma-8-cpp-dsa,Binary Trees (Part1),Build Tree Preorder,693980beb9fdd2b6ac054bc6,qb2jhhoeo3,166.0,2.8,https://embed-cloudfront.wistia.com/deliveries/95dfbb5dbbb0a67ea54c1c8a8e64cc01c4027790.m3u8,player,,wistia,video
Sigma 8.0 (DSA with Java),sigma-8-cpp-dsa,Binary Trees (Part1),Pop Quiz,693980beb9fdd2b6ac054bc5,3hl53l4c8o,118.0,2.0,https://embed-cloudfront.wistia.com/deliveries/95dfbb5dbbb0a67ea54c1c8a8e64cc01c4027790.m3u8,player,,wistia,video
Sigma 8.0 (DSA with Java),sigma-8-cpp-dsa,Binary Trees (Part1),Levels & Sub-trees in a Tree,693980beb9fdd2b6ac054bc4,vzthmlfo5z,149.0,2.5,https://embed-cloudfront.wistia.com/deliveries/95dfbb5dbbb0a67ea54c1c8a8e64cc01c4027790.m3u8,player,,wistia,video
Sigma 8.0 (DSA with Java),sigma-8-cpp-dsa,Binary Trees (Part1),Introduction to Binary Trees,693980beb9fdd2b6ac054bc3,dokhwt7rrk,256.0,4.3,https://embed-cloudfront.wistia.com/deliveries/95dfbb5dbbb0a67ea54c1c8a8e64cc01c4027790.m3u8,player,,wistia,video
Sigma 8.0 (DSA with Java),sigma-8-cpp-dsa,Greedy Algorithms,Chocola Problem Code,693980beb9fdd2b6ac054bbf,181ly46n1m,406.0,6.8,https://embed-cloudfront.wistia.com/deliveries/95dfbb5dbbb0a67ea54c1c8a8e64cc01c4027790.m3u8,player,,wistia,video
Sigma 8.0 (DSA with Java),sigma-8-cpp-dsa,Greedy Algorithms,Chocola Problem,693980beb9fdd2b6ac054bbe,3799t9qkpt,1541.0,25.7,https://embed-cloudfront.wistia.com/deliveries/95dfbb5dbbb0a67ea54c1c8a8e64cc01c4027790.m3u8,player,,wistia,video
Sigma 8.0 (DSA with Java),sigma-8-cpp-dsa,Greedy Algorithms,Job Sequencing Problem,693980beb9fdd2b6ac054bbd,0sev4t0nz0,1156.0,19.3,https://embed-cloudfront.wistia.com/deliveries/95dfbb5dbbb0a67ea54c1c8a8e64cc01c4027790.m3u8,player,,wistia,video
Sigma 8.0 (DSA with Java),sigma-8-cpp-dsa,Greedy Algorithms,Indian Coins,693980beb9fdd2b6ac054bbc,v981fbjq5a,817.0,13.6,https://embed-cloudfront.wistia.com/deliveries/95dfbb5dbbb0a67ea54c1c8a8e64cc01c4027790.m3u8,player,,wistia,video
Sigma 8.0 (DSA with Java),sigma-8-cpp-dsa,Greedy Algorithms,Maximum length chain of pairs,693980beb9fdd2b6ac054bbb,mnxaqfzj7l,719.0,12.0,https://embed-cloudfront.wistia.com/deliveries/95dfbb5dbbb0a67ea54c1c8a8e64cc01c4027790.m3u8,player,,wistia,video
Sigma 8.0 (DSA with Java),sigma-8-cpp-dsa,Greedy Algorithms,Minimum Sum absolute difference pairs,693980beb9fdd2b6ac054bba,y6z7s9144n,654.0,10.9,https://embed-cloudfront.wistia.com/deliveries/95dfbb5dbbb0a67ea54c1c8a8e64cc01c4027790.m3u8,player,,wistia,video
Sigma 8.0 (DSA with Java),sigma-8-cpp-dsa,Greedy Algorithms,Fractional Knapsack Code,693980beb9fdd2b6ac054bb9,i7g54c82kq,351.0,5.8,https://embed-cloudfront.wistia.com/deliveries/95dfbb5dbbb0a67ea54c1c8a8e64cc01c4027790.m3u8,player,,wistia,video
Sigma 8.0 (DSA with Java),sigma-8-cpp-dsa,Greedy Algorithms,Fractional Knapsack,693980beb9fdd2b6ac054bb8,l63jl1th44,809.0,13.5,https://embed-cloudfront.wistia.com/deliveries/95dfbb5dbbb0a67ea54c1c8a8e64cc01c4027790.m3u8,player,,wistia,video
Sigma 8.0 (DSA with Java),sigma-8-cpp-dsa,Greedy Algorithms,Activity Selection Explanation,693980beb9fdd2b6ac054bb7,t8dvbufhgs,296.0,4.9,https://embed-cloudfront.wistia.com/deliveries/95dfbb5dbbb0a67ea54c1c8a8e64cc01c4027790.m3u8,player,,wistia,video
Sigma 8.0 (DSA with Java),sigma-8-cpp-dsa,Greedy Algorithms,Activity Selection Code,693980beb9fdd2b6ac054bb6,41l3xrwoou,799.0,13.3,https://embed-cloudfront.wistia.com/deliveries/95dfbb5dbbb0a67ea54c1c8a8e64cc01c4027790.m3u8,player,,wistia,video
Sigma 8.0 (DSA with Java),sigma-8-cpp-dsa,Greedy Algorithms,Activity Selection,693980beb9fdd2b6ac054bb5,uw7fir1wk8,922.0,15.4,https://embed-cloudfront.wistia.com/deliveries/95dfbb5dbbb0a67ea54c1c8a8e64cc01c4027790.m3u8,player,,wistia,video
Sigma 8.0 (DSA with Java),sigma-8-cpp-dsa,Greedy Algorithms,Introduction to Greedy,693980beb9fdd2b6ac054bb4,pt0oxgntqv,632.0,10.5,https://embed-cloudfront.wistia.com/deliveries/95dfbb5dbbb0a67ea54c1c8a8e64cc01c4027790.m3u8,player,,wistia,video
Sigma 8.0 (DSA with Java),sigma-8-cpp-dsa,Queues,Implement Queue using Deque,693980beb9fdd2b6ac054bb1,g3lt0b6sy4,330.0,5.5,https://embed-cloudfront.wistia.com/deliveries/95dfbb5dbbb0a67ea54c1c8a8e64cc01c4027790.m3u8,player,,wistia,video
Sigma 8.0 (DSA with Java),sigma-8-cpp-dsa,Queues,Implement Stack using Deque,693980beb9fdd2b6ac054bb0,gdaxj84jlc,407.0,6.8,https://embed-cloudfront.wistia.com/deliveries/95dfbb5dbbb0a67ea54c1c8a8e64cc01c4027790.m3u8,player,,wistia,video
Sigma 8.0 (DSA with Java),sigma-8-cpp-dsa,Queues,Deque in JCF,693980beb9fdd2b6ac054baf,uyu57xcmxv,84.0,1.4,https://embed-cloudfront.wistia.com/deliveries/95dfbb5dbbb0a67ea54c1c8a8e64cc01c4027790.m3u8,player,,wistia,video
Sigma 8.0 (DSA with Java),sigma-8-cpp-dsa,Queues,Deque (Double Ended Queue),693980beb9fdd2b6ac054bae,qmz7c0ruxl,423.0,7.0,https://embed-cloudfront.wistia.com/deliveries/95dfbb5dbbb0a67ea54c1c8a8e64cc01c4027790.m3u8,player,,wistia,video
Sigma 8.0 (DSA with Java),sigma-8-cpp-dsa,Queues,Queue Reversal,693980beb9fdd2b6ac054bad,au32f8jfjf,389.0,6.5,https://embed-cloudfront.wistia.com/deliveries/95dfbb5dbbb0a67ea54c1c8a8e64cc01c4027790.m3u8,player,,wistia,video
Sigma 8.0 (DSA with Java),sigma-8-cpp-dsa,Queues,Interleave two halves of a Queue,693980beb9fdd2b6ac054bac,50t9kuzqxo,857.0,14.3,https://embed-cloudfront.wistia.com/deliveries/95dfbb5dbbb0a67ea54c1c8a8e64cc01c4027790.m3u8,player,,wistia,video
Sigma 8.0 (DSA with Java),sigma-8-cpp-dsa,Queues,First Non-Repeating Letter,693980beb9fdd2b6ac054bab,bdmks4kyrm,1272.0,21.2,https://embed-cloudfront.wistia.com/deliveries/95dfbb5dbbb0a67ea54c1c8a8e64cc01c4027790.m3u8,player,,wistia,video
Sigma 8.0 (DSA with Java),sigma-8-cpp-dsa,Queues,Stack using 2 Queues,693980beb9fdd2b6ac054baa,ppy6fpogfc,643.0,10.7,https://embed-cloudfront.wistia.com/deliveries/95dfbb5dbbb0a67ea54c1c8a8e64cc01c4027790.m3u8,player,,wistia,video
Sigma 8.0 (DSA with Java),sigma-8-cpp-dsa,Queues,Queue using Two Stacks,693980beb9fdd2b6ac054ba9,cscta15b3c,547.0,9.1,https://embed-cloudfront.wistia.com/deliveries/95dfbb5dbbb0a67ea54c1c8a8e64cc01c4027790.m3u8,player,,wistia,video
Sigma 8.0 (DSA with Java),sigma-8-cpp-dsa,Queues,Queue using JCF,693980beb9fdd2b6ac054ba8,m56ba1257v,223.0,3.7,https://embed-cloudfront.wistia.com/deliveries/95dfbb5dbbb0a67ea54c1c8a8e64cc01c4027790.m3u8,player,,wistia,video
Sigma 8.0 (DSA with Java),sigma-8-cpp-dsa,Queues,Queue using LL,693980beb9fdd2b6ac054ba7,a9ao7g5d2e,464.0,7.7,https://embed-cloudfront.wistia.com/deliveries/95dfbb5dbbb0a67ea54c1c8a8e64cc01c4027790.m3u8,player,,wistia,video
Sigma 8.0 (DSA with Java),sigma-8-cpp-dsa,Queues,Circular Queue using Arrays,693980beb9fdd2b6ac054ba6,ginh3t87yn,680.0,11.3,https://embed-cloudfront.wistia.com/deliveries/95dfbb5dbbb0a67ea54c1c8a8e64cc01c4027790.m3u8,player,,wistia,video
Sigma 8.0 (DSA with Java),sigma-8-cpp-dsa,Queues,Queues using Arrays,693980beb9fdd2b6ac054ba5,ib7hm0e9ol,644.0,10.7,https://embed-cloudfront.wistia.com/deliveries/95dfbb5dbbb0a67ea54c1c8a8e64cc01c4027790.m3u8,player,,wistia,video
Sigma 8.0 (DSA with Java),sigma-8-cpp-dsa,Queues,Introduction to Queues,693980beb9fdd2b6ac054ba4,26negthcpo,325.0,5.4,https://embed-cloudfront.wistia.com/deliveries/95dfbb5dbbb0a67ea54c1c8a8e64cc01c4027790.m3u8,player,,wistia,video
Sigma 8.0 (DSA with Java),sigma-8-cpp-dsa,Stacks (Part 2),Max Rectangular Area in Histogram (Code),692468c41a0db84c6502845a,gldlgkah47,535.0,8.9,https://embed-cloudfront.wistia.com/deliveries/95dfbb5dbbb0a67ea54c1c8a8e64cc01c4027790.m3u8,player,,wistia,video
Sigma 8.0 (DSA with Java),sigma-8-cpp-dsa,Stacks (Part 2),Maximum Rectangular Area in Histogram,692468c41a0db84c65028459,vs0hhvxbmx,1468.0,24.5,https://embed-cloudfront.wistia.com/deliveries/95dfbb5dbbb0a67ea54c1c8a8e64cc01c4027790.m3u8,player,,wistia,video
Sigma 8.0 (DSA with Java),sigma-8-cpp-dsa,Stacks (Part 2),Duplicate Parentheses Code,692468c41a0db84c65028458,qnhuvxxobq,279.0,4.7,https://embed-cloudfront.wistia.com/deliveries/95dfbb5dbbb0a67ea54c1c8a8e64cc01c4027790.m3u8,player,,wistia,video
Sigma 8.0 (DSA with Java),sigma-8-cpp-dsa,Stacks (Part 2),Duplicate Parentheses,692468c41a0db84c65028457,16nvseojdu,1041.0,17.4,https://embed-cloudfront.wistia.com/deliveries/95dfbb5dbbb0a67ea54c1c8a8e64cc01c4027790.m3u8,player,,wistia,video
Sigma 8.0 (DSA with Java),sigma-8-cpp-dsa,Stacks (Part 2),Valid Parentheses Code,692468c41a0db84c65028456,qqta0g48n6,346.0,5.8,https://embed-cloudfront.wistia.com/deliveries/95dfbb5dbbb0a67ea54c1c8a8e64cc01c4027790.m3u8,player,,wistia,video
Sigma 8.0 (DSA with Java),sigma-8-cpp-dsa,Stacks (Part 2),Valid Parentheses,692468c41a0db84c65028455,i9j2b8h5fj,865.0,14.4,https://embed-cloudfront.wistia.com/deliveries/95dfbb5dbbb0a67ea54c1c8a8e64cc01c4027790.m3u8,player,,wistia,video
Sigma 8.0 (DSA with Java),sigma-8-cpp-dsa,Stacks (Part 1),Next greater element Code,692468c41a0db84c65028454,2uisc35qvh,461.0,7.7,https://embed-cloudfront.wistia.com/deliveries/95dfbb5dbbb0a67ea54c1c8a8e64cc01c4027790.m3u8,player,,wistia,video
Sigma 8.0 (DSA with Java),sigma-8-cpp-dsa,Stacks (Part 1),Next greater element,692468c41a0db84c65028453,lqgk2uqn28,1350.0,22.5,https://embed-cloudfront.wistia.com/deliveries/95dfbb5dbbb0a67ea54c1c8a8e64cc01c4027790.m3u8,player,,wistia,video
Sigma 8.0 (DSA with Java),sigma-8-cpp-dsa,Stacks (Part 1),Stock Span Problem,692468c41a0db84c65028452,iboytzsnwn,917.0,15.3,https://embed-cloudfront.wistia.com/deliveries/95dfbb5dbbb0a67ea54c1c8a8e64cc01c4027790.m3u8,player,,wistia,video
Sigma 8.0 (DSA with Java),sigma-8-cpp-dsa,Stacks (Part 1),Reverse a Stack,692468c41a0db84c65028451,1q0vfqdter,573.0,9.6,https://embed-cloudfront.wistia.com/deliveries/95dfbb5dbbb0a67ea54c1c8a8e64cc01c4027790.m3u8,player,,wistia,video
Sigma 8.0 (DSA with Java),sigma-8-cpp-dsa,Stacks (Part 1),Reverse a String using a Stack,692468c41a0db84c65028450,jhf22m553j,336.0,5.6,https://embed-cloudfront.wistia.com/deliveries/95dfbb5dbbb0a67ea54c1c8a8e64cc01c4027790.m3u8,player,,wistia,video
Sigma 8.0 (DSA with Java),sigma-8-cpp-dsa,Stacks (Part 1),Push at Bottom of Stack,692468c41a0db84c6502844f,bfgoxt0aje,471.0,7.8,https://embed-cloudfront.wistia.com/deliveries/95dfbb5dbbb0a67ea54c1c8a8e64cc01c4027790.m3u8,player,,wistia,video
Sigma 8.0 (DSA with Java),sigma-8-cpp-dsa,Stacks (Part 1),Stack using Collections Framework,692468c41a0db84c6502844e,rw7md2qftf,100.0,1.7,https://embed-cloudfront.wistia.com/deliveries/95dfbb5dbbb0a67ea54c1c8a8e64cc01c4027790.m3u8,player,,wistia,video
Sigma 8.0 (DSA with Java),sigma-8-cpp-dsa,Stacks (Part 1),Stack using Linked List,692468c41a0db84c6502844d,f2lzy1969u,460.0,7.7,https://embed-cloudfront.wistia.com/deliveries/95dfbb5dbbb0a67ea54c1c8a8e64cc01c4027790.m3u8,player,,wistia,video
Sigma 8.0 (DSA with Java),sigma-8-cpp-dsa,Stacks (Part 1),Stack using ArrayList,692468c41a0db84c6502844c,zhtuacbv53,393.0,6.5,https://embed-cloudfront.wistia.com/deliveries/95dfbb5dbbb0a67ea54c1c8a8e64cc01c4027790.m3u8,player,,wistia,video
Sigma 8.0 (DSA with Java),sigma-8-cpp-dsa,Stacks (Part 1),Stack Introduction,692468c41a0db84c6502844b,yfq55v0y1v,523.0,8.7,https://embed-cloudfront.wistia.com/deliveries/95dfbb5dbbb0a67ea54c1c8a8e64cc01c4027790.m3u8,player,,wistia,video
Sigma 8.0 (DSA with Java),sigma-8-cpp-dsa,Linked Lists (Part 2),Circular LL (Approach),692468c41a0db84c65028447,nlbkmwrck7,285.0,4.8,https://embed-cloudfront.wistia.com/deliveries/95dfbb5dbbb0a67ea54c1c8a8e64cc01c4027790.m3u8,player,,wistia,video
Sigma 8.0 (DSA with Java),sigma-8-cpp-dsa,Linked Lists (Part 2),Reverse a Doubly LL,692468c41a0db84c65028446,mtcmv9dlwo,283.0,4.7,https://embed-cloudfront.wistia.com/deliveries/95dfbb5dbbb0a67ea54c1c8a8e64cc01c4027790.m3u8,player,,wistia,video
Sigma 8.0 (DSA with Java),sigma-8-cpp-dsa,Linked Lists (Part 2),Doubly LL,692468c41a0db84c65028445,1xv6su8usl,873.0,14.6,https://embed-cloudfront.wistia.com/deliveries/95dfbb5dbbb0a67ea54c1c8a8e64cc01c4027790.m3u8,player,,wistia,video
Sigma 8.0 (DSA with Java),sigma-8-cpp-dsa,Linked Lists (Part 2),Zig Zag LL Code,692468c41a0db84c65028444,tlfc2yfdhi,288.0,4.8,https://embed-cloudfront.wistia.com/deliveries/95dfbb5dbbb0a67ea54c1c8a8e64cc01c4027790.m3u8,player,,wistia,video
Sigma 8.0 (DSA with Java),sigma-8-cpp-dsa,Linked Lists (Part 2),Zig Zag Linked List,692468c41a0db84c65028443,ggxfifvjcg,879.0,14.7,https://embed-cloudfront.wistia.com/deliveries/95dfbb5dbbb0a67ea54c1c8a8e64cc01c4027790.m3u8,player,,wistia,video
Sigma 8.0 (DSA with Java),sigma-8-cpp-dsa,Linked Lists (Part 2),Merge Sort on LL (Code),692468c41a0db84c65028442,vzwijyf93o,519.0,8.7,https://embed-cloudfront.wistia.com/deliveries/95dfbb5dbbb0a67ea54c1c8a8e64cc01c4027790.m3u8,player,,wistia,video
Sigma 8.0 (DSA with Java),sigma-8-cpp-dsa,Linked Lists (Part 2),Merge Sort on LL,692468c41a0db84c65028441,7b69wqv3fk,1129.0,18.8,https://embed-cloudfront.wistia.com/deliveries/95dfbb5dbbb0a67ea54c1c8a8e64cc01c4027790.m3u8,player,,wistia,video
Sigma 8.0 (DSA with Java),sigma-8-cpp-dsa,Linked Lists (Part 2),LL in Collections Framework,692468c31a0db84c65028440,jui45sil6n,260.0,4.3,https://embed-cloudfront.wistia.com/deliveries/95dfbb5dbbb0a67ea54c1c8a8e64cc01c4027790.m3u8,player,,wistia,video
Sigma 8.0 (DSA with Java),sigma-8-cpp-dsa,Linked Lists (Part 2),Java Collections Framework,692468c31a0db84c6502843f,cmxf476rrl,289.0,4.8,https://embed-cloudfront.wistia.com/deliveries/95dfbb5dbbb0a67ea54c1c8a8e64cc01c4027790.m3u8,player,,wistia,video
Sigma 8.0 (DSA with Java),sigma-8-cpp-dsa,Linked Lists (Part 2),Removing Cycle Explanation (Math),692468c31a0db84c6502843e,nlaljf2iz5,431.0,7.2,https://embed-cloudfront.wistia.com/deliveries/95dfbb5dbbb0a67ea54c1c8a8e64cc01c4027790.m3u8,player,,wistia,video
Sigma 8.0 (DSA with Java),sigma-8-cpp-dsa,Linked Lists (Part 2),Removing Cycle Code,692468c31a0db84c6502843d,e58z5dupr9,474.0,7.9,https://embed-cloudfront.wistia.com/deliveries/95dfbb5dbbb0a67ea54c1c8a8e64cc01c4027790.m3u8,player,,wistia,video
Sigma 8.0 (DSA with Java),sigma-8-cpp-dsa,Linked Lists (Part 2),Removing Cycle in LL,692468c31a0db84c6502843c,w5jv799prc,562.0,9.4,https://embed-cloudfront.wistia.com/deliveries/95dfbb5dbbb0a67ea54c1c8a8e64cc01c4027790.m3u8,player,,wistia,video
Sigma 8.0 (DSA with Java),sigma-8-cpp-dsa,Linked Lists (Part 2),Detecting Cycle Code,692468c31a0db84c6502843b,2dk5rbjvct,196.0,3.3,https://embed-cloudfront.wistia.com/deliveries/95dfbb5dbbb0a67ea54c1c8a8e64cc01c4027790.m3u8,player,,wistia,video
Sigma 8.0 (DSA with Java),sigma-8-cpp-dsa,Linked Lists (Part 2),Detecting Cycle in LL,692468c31a0db84c6502843a,rj84twx43t,714.0,11.9,https://embed-cloudfront.wistia.com/deliveries/95dfbb5dbbb0a67ea54c1c8a8e64cc01c4027790.m3u8,player,,wistia,video
Sigma 8.0 (DSA with Java),sigma-8-cpp-dsa,Linked Lists (Part 1),Check if LL is Palindrome (Code),692468c31a0db84c65028439,u9zllv83re,501.0,8.3,https://embed-cloudfront.wistia.com/deliveries/95dfbb5dbbb0a67ea54c1c8a8e64cc01c4027790.m3u8,player,,wistia,video
Sigma 8.0 (DSA with Java),sigma-8-cpp-dsa,Linked Lists (Part 1),Check if LL is Palindrome,692468c31a0db84c65028438,c73f8vowol,1092.0,18.2,https://embed-cloudfront.wistia.com/deliveries/95dfbb5dbbb0a67ea54c1c8a8e64cc01c4027790.m3u8,player,,wistia,video
Sigma 8.0 (DSA with Java),sigma-8-cpp-dsa,Linked Lists (Part 1),Find and Remove Nth Node from End,692468c31a0db84c65028437,h2jo4tmlwd,677.0,11.3,https://embed-cloudfront.wistia.com/deliveries/95dfbb5dbbb0a67ea54c1c8a8e64cc01c4027790.m3u8,player,,wistia,video
Sigma 8.0 (DSA with Java),sigma-8-cpp-dsa,Linked Lists (Part 1),Reverse a Linked List,692468c31a0db84c65028436,qih6bq7e8b,612.0,10.2,https://embed-cloudfront.wistia.com/deliveries/95dfbb5dbbb0a67ea54c1c8a8e64cc01c4027790.m3u8,player,,wistia,video
Sigma 8.0 (DSA with Java),sigma-8-cpp-dsa,Linked Lists (Part 1),Recursive Search,692468c31a0db84c65028435,0gyp784sjk,548.0,9.1,https://embed-cloudfront.wistia.com/deliveries/95dfbb5dbbb0a67ea54c1c8a8e64cc01c4027790.m3u8,player,,wistia,video
Sigma 8.0 (DSA with Java),sigma-8-cpp-dsa,Linked Lists (Part 1),Iterative Search,692468c31a0db84c65028434,7afdvnzbh0,328.0,5.5,https://embed-cloudfront.wistia.com/deliveries/95dfbb5dbbb0a67ea54c1c8a8e64cc01c4027790.m3u8,player,,wistia,video
Sigma 8.0 (DSA with Java),sigma-8-cpp-dsa,Linked Lists (Part 1),Remove Last in LL,692468c31a0db84c65028433,bs3hdf4fb7,340.0,5.7,https://embed-cloudfront.wistia.com/deliveries/95dfbb5dbbb0a67ea54c1c8a8e64cc01c4027790.m3u8,player,,wistia,video
Sigma 8.0 (DSA with Java),sigma-8-cpp-dsa,Linked Lists (Part 1),Remove First in LL,692468c31a0db84c65028432,fsrrerxnr3,332.0,5.5,https://embed-cloudfront.wistia.com/deliveries/95dfbb5dbbb0a67ea54c1c8a8e64cc01c4027790.m3u8,player,,wistia,video
Sigma 8.0 (DSA with Java),sigma-8-cpp-dsa,Linked Lists (Part 1),Size of a LL,692468c31a0db84c65028431,afutueot89,188.0,3.1,https://embed-cloudfront.wistia.com/deliveries/95dfbb5dbbb0a67ea54c1c8a8e64cc01c4027790.m3u8,player,,wistia,video
Sigma 8.0 (DSA with Java),sigma-8-cpp-dsa,Linked Lists (Part 1),Add in the Middle of LL,692468c31a0db84c65028430,rn53jfc53u,570.0,9.5,https://embed-cloudfront.wistia.com/deliveries/95dfbb5dbbb0a67ea54c1c8a8e64cc01c4027790.m3u8,player,,wistia,video
Sigma 8.0 (DSA with Java),sigma-8-cpp-dsa,Linked Lists (Part 1),Print a LL,692468c31a0db84c6502842f,k6r0ubr03g,481.0,8.0,https://embed-cloudfront.wistia.com/deliveries/95dfbb5dbbb0a67ea54c1c8a8e64cc01c4027790.m3u8,player,,wistia,video
Sigma 8.0 (DSA with Java),sigma-8-cpp-dsa,Linked Lists (Part 1),Add Last in LL,692468c31a0db84c6502842e,t4yzk9l1mw,377.0,6.3,https://embed-cloudfront.wistia.com/deliveries/95dfbb5dbbb0a67ea54c1c8a8e64cc01c4027790.m3u8,player,,wistia,video
Sigma 8.0 (DSA with Java),sigma-8-cpp-dsa,Linked Lists (Part 1),Add First in LL,692468c31a0db84c6502842d,350nsrcxsd,625.0,10.4,https://embed-cloudfront.wistia.com/deliveries/95dfbb5dbbb0a67ea54c1c8a8e64cc01c4027790.m3u8,player,,wistia,video
Sigma 8.0 (DSA with Java),sigma-8-cpp-dsa,Linked Lists (Part 1),Head & Tail in LL,692468c31a0db84c6502842c,awbfpf5d19,327.0,5.5,https://embed-cloudfront.wistia.com/deliveries/95dfbb5dbbb0a67ea54c1c8a8e64cc01c4027790.m3u8,player,,wistia,video
Sigma 8.0 (DSA with Java),sigma-8-cpp-dsa,Linked Lists (Part 1),Introduction to Linked List,692468c31a0db84c6502842b,rdncq9xts2,567.0,9.4,https://embed-cloudfront.wistia.com/deliveries/95dfbb5dbbb0a67ea54c1c8a8e64cc01c4027790.m3u8,player,,wistia,video
Sigma 8.0 (DSA with Java),sigma-8-cpp-dsa,ArrayLists,Pair Sum - 2 (Code),692468c31a0db84c65028428,y20b27yo45,257.0,4.3,https://embed-cloudfront.wistia.com/deliveries/95dfbb5dbbb0a67ea54c1c8a8e64cc01c4027790.m3u8,player,,wistia,video
Sigma 8.0 (DSA with Java),sigma-8-cpp-dsa,ArrayLists,Pair Sum - 2,692468c31a0db84c65028427,7jn34usetx,907.0,15.1,https://embed-cloudfront.wistia.com/deliveries/95dfbb5dbbb0a67ea54c1c8a8e64cc01c4027790.m3u8,player,,wistia,video
Sigma 8.0 (DSA with Java),sigma-8-cpp-dsa,ArrayLists,Pair Sum - 1 (2 Pointer Approach),692468c31a0db84c65028426,jr43iqw1ik,609.0,10.2,https://embed-cloudfront.wistia.com/deliveries/95dfbb5dbbb0a67ea54c1c8a8e64cc01c4027790.m3u8,player,,wistia,video
Sigma 8.0 (DSA with Java),sigma-8-cpp-dsa,ArrayLists,Pair Sum - 1 (Brute Force),692468c31a0db84c65028425,ua0qoptt5d,244.0,4.1,https://embed-cloudfront.wistia.com/deliveries/95dfbb5dbbb0a67ea54c1c8a8e64cc01c4027790.m3u8,player,,wistia,video
Sigma 8.0 (DSA with Java),sigma-8-cpp-dsa,ArrayLists,Container wMW v-s Trapping Rainwater,692468c31a0db84c65028424,s2xfmkozf0,124.0,2.1,https://embed-cloudfront.wistia.com/deliveries/95dfbb5dbbb0a67ea54c1c8a8e64cc01c4027790.m3u8,player,,wistia,video
Sigma 8.0 (DSA with Java),sigma-8-cpp-dsa,ArrayLists,Container with Most Water (2 Pointer Approach),692468c31a0db84c65028423,bgtzwdw2mr,1043.0,17.4,https://embed-cloudfront.wistia.com/deliveries/95dfbb5dbbb0a67ea54c1c8a8e64cc01c4027790.m3u8,player,,wistia,video
Sigma 8.0 (DSA with Java),sigma-8-cpp-dsa,ArrayLists,Container with Most Water (Brute Force),692468c31a0db84c65028422,2wx9gqnrbx,1112.0,18.5,https://embed-cloudfront.wistia.com/deliveries/95dfbb5dbbb0a67ea54c1c8a8e64cc01c4027790.m3u8,player,,wistia,video
Sigma 8.0 (DSA with Java),sigma-8-cpp-dsa,ArrayLists,Multi-dimensional ArrayLists,692468c31a0db84c65028421,w974u7hv0r,698.0,11.6,https://embed-cloudfront.wistia.com/deliveries/95dfbb5dbbb0a67ea54c1c8a8e64cc01c4027790.m3u8,player,,wistia,video
Sigma 8.0 (DSA with Java),sigma-8-cpp-dsa,ArrayLists,ArrayList (Implementation in Java),692468c31a0db84c65028420,ol9l91bnua,245.0,4.1,https://embed-cloudfront.wistia.com/deliveries/95dfbb5dbbb0a67ea54c1c8a8e64cc01c4027790.m3u8,player,,wistia,video
Sigma 8.0 (DSA with Java),sigma-8-cpp-dsa,ArrayLists,Sorting an ArrayList,692468c31a0db84c6502841f,5o8qgfhyct,397.0,6.6,https://embed-cloudfront.wistia.com/deliveries/95dfbb5dbbb0a67ea54c1c8a8e64cc01c4027790.m3u8,player,,wistia,video
Sigma 8.0 (DSA with Java),sigma-8-cpp-dsa,ArrayLists,Swap 2 Numbers,692468c31a0db84c6502841e,l08p8lymoh,221.0,3.7,https://embed-cloudfront.wistia.com/deliveries/95dfbb5dbbb0a67ea54c1c8a8e64cc01c4027790.m3u8,player,,wistia,video
Sigma 8.0 (DSA with Java),sigma-8-cpp-dsa,ArrayLists,Find Maximum,692468c31a0db84c6502841d,yd8pzoijly,197.0,3.3,https://embed-cloudfront.wistia.com/deliveries/95dfbb5dbbb0a67ea54c1c8a8e64cc01c4027790.m3u8,player,,wistia,video
Sigma 8.0 (DSA with Java),sigma-8-cpp-dsa,ArrayLists,Print Reverse,692468c31a0db84c6502841c,21dg331zn1,114.0,1.9,https://embed-cloudfront.wistia.com/deliveries/95dfbb5dbbb0a67ea54c1c8a8e64cc01c4027790.m3u8,player,,wistia,video
Sigma 8.0 (DSA with Java),sigma-8-cpp-dsa,ArrayLists,Size of ArrayList,692468c31a0db84c6502841b,hiucehyz3u,134.0,2.2,https://embed-cloudfront.wistia.com/deliveries/95dfbb5dbbb0a67ea54c1c8a8e64cc01c4027790.m3u8,player,,wistia,video
Sigma 8.0 (DSA with Java),sigma-8-cpp-dsa,ArrayLists,Operations on ArrayList,692468c31a0db84c6502841a,lxc4hq9lqc,484.0,8.1,https://embed-cloudfront.wistia.com/deliveries/95dfbb5dbbb0a67ea54c1c8a8e64cc01c4027790.m3u8,player,,wistia,video
Sigma 8.0 (DSA with Java),sigma-8-cpp-dsa,ArrayLists,Introduction to ArrayList,692468c31a0db84c65028419,29w5plqwow,605.0,10.1,https://embed-cloudfront.wistia.com/deliveries/95dfbb5dbbb0a67ea54c1c8a8e64cc01c4027790.m3u8,player,,wistia,video
Sigma 8.0 (DSA with Java),sigma-8-cpp-dsa,Backtracking,Sudoku Code,692468c31a0db84c65028416,y7bcc9gnas,1500.0,25.0,https://embed-cloudfront.wistia.com/deliveries/95dfbb5dbbb0a67ea54c1c8a8e64cc01c4027790.m3u8,player,,wistia,video
Sigma 8.0 (DSA with Java),sigma-8-cpp-dsa,Backtracking,Sudoku,692468c31a0db84c65028415,gxdzgpcci9,542.0,9.0,https://embed-cloudfront.wistia.com/deliveries/95dfbb5dbbb0a67ea54c1c8a8e64cc01c4027790.m3u8,player,,wistia,video
Sigma 8.0 (DSA with Java),sigma-8-cpp-dsa,Backtracking,Grid Ways Trick,692468c31a0db84c65028414,l20wm6or0r,275.0,4.6,https://embed-cloudfront.wistia.com/deliveries/95dfbb5dbbb0a67ea54c1c8a8e64cc01c4027790.m3u8,player,,wistia,video
Sigma 8.0 (DSA with Java),sigma-8-cpp-dsa,Backtracking,Grid Ways Code,692468c31a0db84c65028413,ozwtg9dnry,451.0,7.5,https://embed-cloudfront.wistia.com/deliveries/95dfbb5dbbb0a67ea54c1c8a8e64cc01c4027790.m3u8,player,,wistia,video
Sigma 8.0 (DSA with Java),sigma-8-cpp-dsa,Backtracking,Grid Ways,692468c31a0db84c65028412,wmbipl3tgr,498.0,8.3,https://embed-cloudfront.wistia.com/deliveries/95dfbb5dbbb0a67ea54c1c8a8e64cc01c4027790.m3u8,player,,wistia,video
Sigma 8.0 (DSA with Java),sigma-8-cpp-dsa,Backtracking,N Queens - print one solution,692468c31a0db84c65028411,eojembh46o,288.0,4.8,https://embed-cloudfront.wistia.com/deliveries/95dfbb5dbbb0a67ea54c1c8a8e64cc01c4027790.m3u8,player,,wistia,video
Sigma 8.0 (DSA with Java),sigma-8-cpp-dsa,Backtracking,N Queens - count ways,692468c31a0db84c65028410,zix7jyb5i3,161.0,2.7,https://embed-cloudfront.wistia.com/deliveries/95dfbb5dbbb0a67ea54c1c8a8e64cc01c4027790.m3u8,player,,wistia,video
Sigma 8.0 (DSA with Java),sigma-8-cpp-dsa,Backtracking,N Queens - Time Complexity,692468c31a0db84c6502840f,ot6m2bvjan,129.0,2.1,https://embed-cloudfront.wistia.com/deliveries/95dfbb5dbbb0a67ea54c1c8a8e64cc01c4027790.m3u8,player,,wistia,video
Sigma 8.0 (DSA with Java),sigma-8-cpp-dsa,Backtracking,N Queens - all ways,692468c31a0db84c6502840e,qk8t8l1or7,1923.0,32.0,https://embed-cloudfront.wistia.com/deliveries/95dfbb5dbbb0a67ea54c1c8a8e64cc01c4027790.m3u8,player,,wistia,video
Sigma 8.0 (DSA with Java),sigma-8-cpp-dsa,Backtracking,Find Permutations Code,692468c31a0db84c6502840d,kkwb9euv6k,300.0,5.0,https://embed-cloudfront.wistia.com/deliveries/95dfbb5dbbb0a67ea54c1c8a8e64cc01c4027790.m3u8,player,,wistia,video
Sigma 8.0 (DSA with Java),sigma-8-cpp-dsa,Backtracking,Find Permutations,692468c31a0db84c6502840c,70lxagjbcr,679.0,11.3,https://embed-cloudfront.wistia.com/deliveries/95dfbb5dbbb0a67ea54c1c8a8e64cc01c4027790.m3u8,player,,wistia,video
Sigma 8.0 (DSA with Java),sigma-8-cpp-dsa,Backtracking,Find Subsets Code,692468c31a0db84c6502840b,inv4m9aqcf,891.0,14.8,https://embed-cloudfront.wistia.com/deliveries/95dfbb5dbbb0a67ea54c1c8a8e64cc01c4027790.m3u8,player,,wistia,video
Sigma 8.0 (DSA with Java),sigma-8-cpp-dsa,Backtracking,Find Subsets,692468c31a0db84c6502840a,a729nxoj8i,782.0,13.0,https://embed-cloudfront.wistia.com/deliveries/95dfbb5dbbb0a67ea54c1c8a8e64cc01c4027790.m3u8,player,,wistia,video
Sigma 8.0 (DSA with Java),sigma-8-cpp-dsa,Backtracking,Backtracking on Arrays,692468c31a0db84c65028409,ovfux4c2st,878.0,14.6,https://embed-cloudfront.wistia.com/deliveries/95dfbb5dbbb0a67ea54c1c8a8e64cc01c4027790.m3u8,player,,wistia,video
Sigma 8.0 (DSA with Java),sigma-8-cpp-dsa,Backtracking,Types of Backtracking,692468c31a0db84c65028408,aak5txjusu,150.0,2.5,https://embed-cloudfront.wistia.com/deliveries/95dfbb5dbbb0a67ea54c1c8a8e64cc01c4027790.m3u8,player,,wistia,video
Sigma 8.0 (DSA with Java),sigma-8-cpp-dsa,Backtracking,Introduction,692468c31a0db84c65028407,pjwf4d5md0,173.0,2.9,https://embed-cloudfront.wistia.com/deliveries/95dfbb5dbbb0a67ea54c1c8a8e64cc01c4027790.m3u8,player,,wistia,video
Sigma 8.0 (DSA with Java),sigma-8-cpp-dsa,Time & Space Complexity,How to approach Coding Questions-,692468c31a0db84c65028403,yzkndz26oq,343.0,5.7,https://embed-cloudfront.wistia.com/deliveries/95dfbb5dbbb0a67ea54c1c8a8e64cc01c4027790.m3u8,player,,wistia,video
Sigma 8.0 (DSA with Java),sigma-8-cpp-dsa,Time & Space Complexity,Power Function III - Analysis,692468c31a0db84c65028402,0dvn7eqrmw,326.0,5.4,https://embed-cloudfront.wistia.com/deliveries/95dfbb5dbbb0a67ea54c1c8a8e64cc01c4027790.m3u8,player,,wistia,video
Sigma 8.0 (DSA with Java),sigma-8-cpp-dsa,Time & Space Complexity,Power Function II - Analysis,692468c31a0db84c65028401,35oariq0pz,700.0,11.7,https://embed-cloudfront.wistia.com/deliveries/95dfbb5dbbb0a67ea54c1c8a8e64cc01c4027790.m3u8,player,,wistia,video
Sigma 8.0 (DSA with Java),sigma-8-cpp-dsa,Time & Space Complexity,Power Function I - Analysis,692468c31a0db84c65028400,se4p1c75u5,395.0,6.6,https://embed-cloudfront.wistia.com/deliveries/95dfbb5dbbb0a67ea54c1c8a8e64cc01c4027790.m3u8,player,,wistia,video
Sigma 8.0 (DSA with Java),sigma-8-cpp-dsa,Time & Space Complexity,Recurrence Relation - Merge Sort,692468c31a0db84c650283ff,smvz60nomh,491.0,8.2,https://embed-cloudfront.wistia.com/deliveries/95dfbb5dbbb0a67ea54c1c8a8e64cc01c4027790.m3u8,player,,wistia,video
Sigma 8.0 (DSA with Java),sigma-8-cpp-dsa,Time & Space Complexity,Merge Sort Analysis,692468c31a0db84c650283fe,gvdh0j790y,594.0,9.9,https://embed-cloudfront.wistia.com/deliveries/95dfbb5dbbb0a67ea54c1c8a8e64cc01c4027790.m3u8,player,,wistia,video
Sigma 8.0 (DSA with Java),sigma-8-cpp-dsa,Time & Space Complexity,Fibonacci Analysis,692468c31a0db84c650283fd,wv4q5pxhrr,791.0,13.2,https://embed-cloudfront.wistia.com/deliveries/95dfbb5dbbb0a67ea54c1c8a8e64cc01c4027790.m3u8,player,,wistia,video
Sigma 8.0 (DSA with Java),sigma-8-cpp-dsa,Time & Space Complexity,Sum of N numbers Analysis,692468c31a0db84c650283fc,pszqp7j3vr,278.0,4.6,https://embed-cloudfront.wistia.com/deliveries/95dfbb5dbbb0a67ea54c1c8a8e64cc01c4027790.m3u8,player,,wistia,video
Sigma 8.0 (DSA with Java),sigma-8-cpp-dsa,Time & Space Complexity,Recursive Complexity Analysis (Factorial),692468c31a0db84c650283fb,d8ca7vm2yf,732.0,12.2,https://embed-cloudfront.wistia.com/deliveries/95dfbb5dbbb0a67ea54c1c8a8e64cc01c4027790.m3u8,player,,wistia,video
Sigma 8.0 (DSA with Java),sigma-8-cpp-dsa,Time & Space Complexity,Binary Search Analysis,692468c31a0db84c650283fa,vjolnmhq51,762.0,12.7,https://embed-cloudfront.wistia.com/deliveries/95dfbb5dbbb0a67ea54c1c8a8e64cc01c4027790.m3u8,player,,wistia,video
Sigma 8.0 (DSA with Java),sigma-8-cpp-dsa,Time & Space Complexity,Bubble Sort Analysis,692468c31a0db84c650283f9,7msauqcalp,730.0,12.2,https://embed-cloudfront.wistia.com/deliveries/95dfbb5dbbb0a67ea54c1c8a8e64cc01c4027790.m3u8,player,,wistia,video
Sigma 8.0 (DSA with Java),sigma-8-cpp-dsa,Time & Space Complexity,Nested Loop 3 Analysis,692468c31a0db84c650283f8,138n68ytjm,365.0,6.1,https://embed-cloudfront.wistia.com/deliveries/95dfbb5dbbb0a67ea54c1c8a8e64cc01c4027790.m3u8,player,,wistia,video
Sigma 8.0 (DSA with Java),sigma-8-cpp-dsa,Time & Space Complexity,Nested Loop 2 Analysis,692468c31a0db84c650283f7,umksglv57v,268.0,4.5,https://embed-cloudfront.wistia.com/deliveries/95dfbb5dbbb0a67ea54c1c8a8e64cc01c4027790.m3u8,player,,wistia,video
Sigma 8.0 (DSA with Java),sigma-8-cpp-dsa,Time & Space Complexity,Nested Loop 1 Analysis,692468c31a0db84c650283f6,oy0oqqb1x3,314.0,5.2,https://embed-cloudfront.wistia.com/deliveries/95dfbb5dbbb0a67ea54c1c8a8e64cc01c4027790.m3u8,player,,wistia,video
Sigma 8.0 (DSA with Java),sigma-8-cpp-dsa,Time & Space Complexity,Simple Loop Analysis,692468c31a0db84c650283f5,159soo7ba6,274.0,4.6,https://embed-cloudfront.wistia.com/deliveries/95dfbb5dbbb0a67ea54c1c8a8e64cc01c4027790.m3u8,player,,wistia,video
Sigma 8.0 (DSA with Java),sigma-8-cpp-dsa,Time & Space Complexity,Space Complexity,692468c31a0db84c650283f4,kcuy8dk58e,324.0,5.4,https://embed-cloudfront.wistia.com/deliveries/95dfbb5dbbb0a67ea54c1c8a8e64cc01c4027790.m3u8,player,,wistia,video
Sigma 8.0 (DSA with Java),sigma-8-cpp-dsa,Time & Space Complexity,Common Complexities,692468c31a0db84c650283f3,8nnp7epq4i,253.0,4.2,https://embed-cloudfront.wistia.com/deliveries/95dfbb5dbbb0a67ea54c1c8a8e64cc01c4027790.m3u8,player,,wistia,video
Sigma 8.0 (DSA with Java),sigma-8-cpp-dsa,Time & Space Complexity,Big Omega & Theta Notation,692468c31a0db84c650283f2,zxxixlfuvh,369.0,6.2,https://embed-cloudfront.wistia.com/deliveries/95dfbb5dbbb0a67ea54c1c8a8e64cc01c4027790.m3u8,player,,wistia,video
Sigma 8.0 (DSA with Java),sigma-8-cpp-dsa,Time & Space Complexity,Big O Notation,692468c31a0db84c650283f1,ou1gumnqbp,708.0,11.8,https://embed-cloudfront.wistia.com/deliveries/95dfbb5dbbb0a67ea54c1c8a8e64cc01c4027790.m3u8,player,,wistia,video
Sigma 8.0 (DSA with Java),sigma-8-cpp-dsa,Time & Space Complexity,Constant Time Complexity,692468c31a0db84c650283f0,92pg83iekb,201.0,3.4,https://embed-cloudfront.wistia.com/deliveries/95dfbb5dbbb0a67ea54c1c8a8e64cc01c4027790.m3u8,player,,wistia,video
Sigma 8.0 (DSA with Java),sigma-8-cpp-dsa,Time & Space Complexity,What is Time Complexity-,692468c31a0db84c650283ef,htodmkzs9m,1007.0,16.8,https://embed-cloudfront.wistia.com/deliveries/95dfbb5dbbb0a67ea54c1c8a8e64cc01c4027790.m3u8,player,,wistia,video
Sigma 8.0 (DSA with Java),sigma-8-cpp-dsa,Time & Space Complexity,Introduction,692468c31a0db84c650283ee,1soxzew1pd,305.0,5.1,https://embed-cloudfront.wistia.com/deliveries/95dfbb5dbbb0a67ea54c1c8a8e64cc01c4027790.m3u8,player,,wistia,video
Sigma 8.0 (DSA with Java),sigma-8-cpp-dsa,Divide & Conquer,Sorted & Rotated Array Code,692468c31a0db84c650283eb,2tu7jelcs1,478.0,8.0,https://embed-cloudfront.wistia.com/deliveries/95dfbb5dbbb0a67ea54c1c8a8e64cc01c4027790.m3u8,player,,wistia,video
Sigma 8.0 (DSA with Java),sigma-8-cpp-dsa,Divide & Conquer,Sorted & Rotated Array Search,692468c31a0db84c650283ea,9pgc0kwrlc,828.0,13.8,https://embed-cloudfront.wistia.com/deliveries/95dfbb5dbbb0a67ea54c1c8a8e64cc01c4027790.m3u8,player,,wistia,video
Sigma 8.0 (DSA with Java),sigma-8-cpp-dsa,Divide & Conquer,Worst Case in Quick Sort,692468c31a0db84c650283e9,59iyo9y8g9,220.0,3.7,https://embed-cloudfront.wistia.com/deliveries/95dfbb5dbbb0a67ea54c1c8a8e64cc01c4027790.m3u8,player,,wistia,video
Sigma 8.0 (DSA with Java),sigma-8-cpp-dsa,Divide & Conquer,Quick Sort Code,692468c31a0db84c650283e8,mw21zj9dwb,383.0,6.4,https://embed-cloudfront.wistia.com/deliveries/95dfbb5dbbb0a67ea54c1c8a8e64cc01c4027790.m3u8,player,,wistia,video
Sigma 8.0 (DSA with Java),sigma-8-cpp-dsa,Divide & Conquer,Quick Sort,692468c31a0db84c650283e7,ybmpav8eed,658.0,11.0,https://embed-cloudfront.wistia.com/deliveries/95dfbb5dbbb0a67ea54c1c8a8e64cc01c4027790.m3u8,player,,wistia,video
Sigma 8.0 (DSA with Java),sigma-8-cpp-dsa,Divide & Conquer,Merge Sort Code,692468c31a0db84c650283e6,gdn3d4b7uq,815.0,13.6,https://embed-cloudfront.wistia.com/deliveries/95dfbb5dbbb0a67ea54c1c8a8e64cc01c4027790.m3u8,player,,wistia,video
Sigma 8.0 (DSA with Java),sigma-8-cpp-dsa,Divide & Conquer,Merge Sort (Basic + Space Optimized),692468c31a0db84c650283e5,sd34rvji0z,1136.0,18.9,https://embed-cloudfront.wistia.com/deliveries/95dfbb5dbbb0a67ea54c1c8a8e64cc01c4027790.m3u8,player,,wistia,video
Sigma 8.0 (DSA with Java),sigma-8-cpp-dsa,Divide & Conquer,What is Divide & Conquer-,692468c31a0db84c650283e4,8edc9o7p58,158.0,2.6,https://embed-cloudfront.wistia.com/deliveries/95dfbb5dbbb0a67ea54c1c8a8e64cc01c4027790.m3u8,player,,wistia,video
Sigma 8.0 (DSA with Java),sigma-8-cpp-dsa,Recursion Basics (Part 2),Stack Analysis - Binary Strings,690cae91fcd3beddee0844d2,aprgszmnvn,433.0,7.2,https://embed-cloudfront.wistia.com/deliveries/95dfbb5dbbb0a67ea54c1c8a8e64cc01c4027790.m3u8,player,,wistia,video
Sigma 8.0 (DSA with Java),sigma-8-cpp-dsa,Recursion Basics (Part 2),Binary Strings Problem Code,690cae91fcd3beddee0844d1,beieaybiyb,358.0,6.0,https://embed-cloudfront.wistia.com/deliveries/95dfbb5dbbb0a67ea54c1c8a8e64cc01c4027790.m3u8,player,,wistia,video
Sigma 8.0 (DSA with Java),sigma-8-cpp-dsa,Recursion Basics (Part 2),Binary Strings Problem,690cae91fcd3beddee0844d0,j2dlknovwq,532.0,8.9,https://embed-cloudfront.wistia.com/deliveries/95dfbb5dbbb0a67ea54c1c8a8e64cc01c4027790.m3u8,player,,wistia,video
Sigma 8.0 (DSA with Java),sigma-8-cpp-dsa,Recursion Basics (Part 2),Friends Pairing Problem,690cae91fcd3beddee0844cf,2mcmxr8cen,965.0,16.1,https://embed-cloudfront.wistia.com/deliveries/95dfbb5dbbb0a67ea54c1c8a8e64cc01c4027790.m3u8,player,,wistia,video
Sigma 8.0 (DSA with Java),sigma-8-cpp-dsa,Recursion Basics (Part 2),Remove Duplicates in a String,690cae91fcd3beddee0844ce,1jnrjlw2or,964.0,16.1,https://embed-cloudfront.wistia.com/deliveries/95dfbb5dbbb0a67ea54c1c8a8e64cc01c4027790.m3u8,player,,wistia,video
Sigma 8.0 (DSA with Java),sigma-8-cpp-dsa,Recursion Basics (Part 2),Tiling Problem Code,690cae91fcd3beddee0844cd,7f0a9wu2mt,312.0,5.2,https://embed-cloudfront.wistia.com/deliveries/95dfbb5dbbb0a67ea54c1c8a8e64cc01c4027790.m3u8,player,,wistia,video
Sigma 8.0 (DSA with Java),sigma-8-cpp-dsa,Recursion Basics (Part 2),Tiling Problem,690cae91fcd3beddee0844cc,ofoswsossu,1128.0,18.8,https://embed-cloudfront.wistia.com/deliveries/95dfbb5dbbb0a67ea54c1c8a8e64cc01c4027790.m3u8,player,,wistia,video
Sigma 8.0 (DSA with Java),sigma-8-cpp-dsa,Recursion Basics (Part 1),Print x to the power n (Optimized),690cae91fcd3beddee0844cb,utpysm3fxv,601.0,10.0,https://embed-cloudfront.wistia.com/deliveries/95dfbb5dbbb0a67ea54c1c8a8e64cc01c4027790.m3u8,player,,wistia,video
Sigma 8.0 (DSA with Java),sigma-8-cpp-dsa,Recursion Basics (Part 1),Print x to the power n,690cae91fcd3beddee0844ca,y852al0i5b,535.0,8.9,https://embed-cloudfront.wistia.com/deliveries/95dfbb5dbbb0a67ea54c1c8a8e64cc01c4027790.m3u8,player,,wistia,video
Sigma 8.0 (DSA with Java),sigma-8-cpp-dsa,Recursion Basics (Part 1),Last Occurrence,690cae91fcd3beddee0844c9,vrbrp1y029,318.0,5.3,https://embed-cloudfront.wistia.com/deliveries/95dfbb5dbbb0a67ea54c1c8a8e64cc01c4027790.m3u8,player,,wistia,video
Sigma 8.0 (DSA with Java),sigma-8-cpp-dsa,Recursion Basics (Part 1),First Occurrence,690cae91fcd3beddee0844c8,ap67srqaud,432.0,7.2,https://embed-cloudfront.wistia.com/deliveries/95dfbb5dbbb0a67ea54c1c8a8e64cc01c4027790.m3u8,player,,wistia,video
Sigma 8.0 (DSA with Java),sigma-8-cpp-dsa,Recursion Basics (Part 1),Check if array is sorted or not,690cae91fcd3beddee0844c7,edcg3p8hwk,683.0,11.4,https://embed-cloudfront.wistia.com/deliveries/95dfbb5dbbb0a67ea54c1c8a8e64cc01c4027790.m3u8,player,,wistia,video
Sigma 8.0 (DSA with Java),sigma-8-cpp-dsa,Recursion Basics (Part 1),Print Nth Fibonacci number,690cae91fcd3beddee0844c6,2dpf1l67rt,1446.0,24.1,https://embed-cloudfront.wistia.com/deliveries/95dfbb5dbbb0a67ea54c1c8a8e64cc01c4027790.m3u8,player,,wistia,video
Sigma 8.0 (DSA with Java),sigma-8-cpp-dsa,Recursion Basics (Part 1),Print sum of N natural numbers,690cae91fcd3beddee0844c5,ciws43b2ai,367.0,6.1,https://embed-cloudfront.wistia.com/deliveries/95dfbb5dbbb0a67ea54c1c8a8e64cc01c4027790.m3u8,player,,wistia,video
Sigma 8.0 (DSA with Java),sigma-8-cpp-dsa,Recursion Basics (Part 1),Find Factorial of N,690cae91fcd3beddee0844c4,c3p93xcdnh,557.0,9.3,https://embed-cloudfront.wistia.com/deliveries/95dfbb5dbbb0a67ea54c1c8a8e64cc01c4027790.m3u8,player,,wistia,video
Sigma 8.0 (DSA with Java),sigma-8-cpp-dsa,Recursion Basics (Part 1),Print numbers in increasing order,690cae91fcd3beddee0844c3,xkm01shwht,451.0,7.5,https://embed-cloudfront.wistia.com/deliveries/95dfbb5dbbb0a67ea54c1c8a8e64cc01c4027790.m3u8,player,,wistia,video
Sigma 8.0 (DSA with Java),sigma-8-cpp-dsa,Recursion Basics (Part 1),Stack overflow,690cae91fcd3beddee0844c2,bhnydiye5e,132.0,2.2,https://embed-cloudfront.wistia.com/deliveries/95dfbb5dbbb0a67ea54c1c8a8e64cc01c4027790.m3u8,player,,wistia,video
Sigma 8.0 (DSA with Java),sigma-8-cpp-dsa,Recursion Basics (Part 1),Print numbers in decreasing order,690cae91fcd3beddee0844c1,adsl4106e2,679.0,11.3,https://embed-cloudfront.wistia.com/deliveries/95dfbb5dbbb0a67ea54c1c8a8e64cc01c4027790.m3u8,player,,wistia,video
Sigma 8.0 (DSA with Java),sigma-8-cpp-dsa,Recursion Basics (Part 1),What is Recursion-,690cae91fcd3beddee0844c0,n7yiew84kz,824.0,13.7,https://embed-cloudfront.wistia.com/deliveries/95dfbb5dbbb0a67ea54c1c8a8e64cc01c4027790.m3u8,player,,wistia,video
Sigma 8.0 (DSA with Java),sigma-8-cpp-dsa,Object Oriented Programming (OOPs),Solved Questions Practice,690cae91fcd3beddee0844bd,09u4vawhqe,2005.0,33.4,https://embed-cloudfront.wistia.com/deliveries/95dfbb5dbbb0a67ea54c1c8a8e64cc01c4027790.m3u8,player,,wistia,video
Sigma 8.0 (DSA with Java),sigma-8-cpp-dsa,Object Oriented Programming (OOPs),Super keyword,690cae91fcd3beddee0844bc,hff99jsj35,295.0,4.9,https://embed-cloudfront.wistia.com/deliveries/95dfbb5dbbb0a67ea54c1c8a8e64cc01c4027790.m3u8,player,,wistia,video
Sigma 8.0 (DSA with Java),sigma-8-cpp-dsa,Object Oriented Programming (OOPs),Static keyword,690cae91fcd3beddee0844bb,jj38uxdxti,609.0,10.2,https://embed-cloudfront.wistia.com/deliveries/95dfbb5dbbb0a67ea54c1c8a8e64cc01c4027790.m3u8,player,,wistia,video
Sigma 8.0 (DSA with Java),sigma-8-cpp-dsa,Object Oriented Programming (OOPs),Interfaces,690cae91fcd3beddee0844ba,u7q79c0bcq,687.0,11.4,https://embed-cloudfront.wistia.com/deliveries/95dfbb5dbbb0a67ea54c1c8a8e64cc01c4027790.m3u8,player,,wistia,video
Sigma 8.0 (DSA with Java),sigma-8-cpp-dsa,Object Oriented Programming (OOPs),Abstract Classes,690cae91fcd3beddee0844b9,hqjauqcm2p,675.0,11.2,https://embed-cloudfront.wistia.com/deliveries/95dfbb5dbbb0a67ea54c1c8a8e64cc01c4027790.m3u8,player,,wistia,video
Sigma 8.0 (DSA with Java),sigma-8-cpp-dsa,Object Oriented Programming (OOPs),Abstraction,690cae91fcd3beddee0844b8,vlam6psdmg,161.0,2.7,https://embed-cloudfront.wistia.com/deliveries/95dfbb5dbbb0a67ea54c1c8a8e64cc01c4027790.m3u8,player,,wistia,video
Sigma 8.0 (DSA with Java),sigma-8-cpp-dsa,Object Oriented Programming (OOPs),Packages in Java,690cae91fcd3beddee0844b7,hhcue5w8bf,292.0,4.9,https://embed-cloudfront.wistia.com/deliveries/95dfbb5dbbb0a67ea54c1c8a8e64cc01c4027790.m3u8,player,,wistia,video
Sigma 8.0 (DSA with Java),sigma-8-cpp-dsa,Object Oriented Programming (OOPs),Method Overriding,690cae91fcd3beddee0844b6,0vc6ubqwrr,164.0,2.7,https://embed-cloudfront.wistia.com/deliveries/95dfbb5dbbb0a67ea54c1c8a8e64cc01c4027790.m3u8,player,,wistia,video
Sigma 8.0 (DSA with Java),sigma-8-cpp-dsa,Object Oriented Programming (OOPs),Method Overloading,690cae91fcd3beddee0844b5,q69mhts2q4,280.0,4.7,https://embed-cloudfront.wistia.com/deliveries/95dfbb5dbbb0a67ea54c1c8a8e64cc01c4027790.m3u8,player,,wistia,video
Sigma 8.0 (DSA with Java),sigma-8-cpp-dsa,Object Oriented Programming (OOPs),Polymorphism,690cae91fcd3beddee0844b4,4zbde6k85s,103.0,1.7,https://embed-cloudfront.wistia.com/deliveries/95dfbb5dbbb0a67ea54c1c8a8e64cc01c4027790.m3u8,player,,wistia,video
Sigma 8.0 (DSA with Java),sigma-8-cpp-dsa,Object Oriented Programming (OOPs),Hybrid Inheritance,690cae91fcd3beddee0844b3,gjk5ddvid7,125.0,2.1,https://embed-cloudfront.wistia.com/deliveries/95dfbb5dbbb0a67ea54c1c8a8e64cc01c4027790.m3u8,player,,wistia,video
Sigma 8.0 (DSA with Java),sigma-8-cpp-dsa,Object Oriented Programming (OOPs),Hierarchial Inheritance,690cae91fcd3beddee0844b2,tbzkze5u3e,145.0,2.4,https://embed-cloudfront.wistia.com/deliveries/95dfbb5dbbb0a67ea54c1c8a8e64cc01c4027790.m3u8,player,,wistia,video
Sigma 8.0 (DSA with Java),sigma-8-cpp-dsa,Object Oriented Programming (OOPs),Multi level Inheritance,690cae91fcd3beddee0844b1,jsbombv1m5,180.0,3.0,https://embed-cloudfront.wistia.com/deliveries/95dfbb5dbbb0a67ea54c1c8a8e64cc01c4027790.m3u8,player,,wistia,video
Sigma 8.0 (DSA with Java),sigma-8-cpp-dsa,Object Oriented Programming (OOPs),Single level Inheritance,690cae91fcd3beddee0844b0,1xhb4i4qey,71.0,1.2,https://embed-cloudfront.wistia.com/deliveries/95dfbb5dbbb0a67ea54c1c8a8e64cc01c4027790.m3u8,player,,wistia,video
Sigma 8.0 (DSA with Java),sigma-8-cpp-dsa,Object Oriented Programming (OOPs),Inheritance,690cae91fcd3beddee0844af,tg8i6sqiac,342.0,5.7,https://embed-cloudfront.wistia.com/deliveries/95dfbb5dbbb0a67ea54c1c8a8e64cc01c4027790.m3u8,player,,wistia,video
Sigma 8.0 (DSA with Java),sigma-8-cpp-dsa,Object Oriented Programming (OOPs),Destructors,690cae91fcd3beddee0844ae,ppwcynbyny,133.0,2.2,https://embed-cloudfront.wistia.com/deliveries/95dfbb5dbbb0a67ea54c1c8a8e64cc01c4027790.m3u8,player,,wistia,video
Sigma 8.0 (DSA with Java),sigma-8-cpp-dsa,Object Oriented Programming (OOPs),Shallow & Deep Copy,690cae91fcd3beddee0844ad,10elqo51u6,221.0,3.7,https://embed-cloudfront.wistia.com/deliveries/95dfbb5dbbb0a67ea54c1c8a8e64cc01c4027790.m3u8,player,,wistia,video
Sigma 8.0 (DSA with Java),sigma-8-cpp-dsa,Object Oriented Programming (OOPs),Copy Constructor,690cae91fcd3beddee0844ac,fbjrbey8w2,466.0,7.8,https://embed-cloudfront.wistia.com/deliveries/95dfbb5dbbb0a67ea54c1c8a8e64cc01c4027790.m3u8,player,,wistia,video
Sigma 8.0 (DSA with Java),sigma-8-cpp-dsa,Object Oriented Programming (OOPs),Type of Constructors,690cae91fcd3beddee0844ab,amh7yx0vnq,238.0,4.0,https://embed-cloudfront.wistia.com/deliveries/95dfbb5dbbb0a67ea54c1c8a8e64cc01c4027790.m3u8,player,,wistia,video
Sigma 8.0 (DSA with Java),sigma-8-cpp-dsa,Object Oriented Programming (OOPs),Constructors,690cae91fcd3beddee0844aa,cfkbsovkxk,300.0,5.0,https://embed-cloudfront.wistia.com/deliveries/95dfbb5dbbb0a67ea54c1c8a8e64cc01c4027790.m3u8,player,,wistia,video
Sigma 8.0 (DSA with Java),sigma-8-cpp-dsa,Object Oriented Programming (OOPs),Encapsulation,690cae91fcd3beddee0844a9,zvpnyex5ej,248.0,4.1,https://embed-cloudfront.wistia.com/deliveries/95dfbb5dbbb0a67ea54c1c8a8e64cc01c4027790.m3u8,player,,wistia,video
Sigma 8.0 (DSA with Java),sigma-8-cpp-dsa,Object Oriented Programming (OOPs),Getters & Setters,690cae91fcd3beddee0844a8,7j62mj58fp,268.0,4.5,https://embed-cloudfront.wistia.com/deliveries/95dfbb5dbbb0a67ea54c1c8a8e64cc01c4027790.m3u8,player,,wistia,video
Sigma 8.0 (DSA with Java),sigma-8-cpp-dsa,Object Oriented Programming (OOPs),Access Modifiers,690cae91fcd3beddee0844a7,94zad5y2vk,451.0,7.5,https://embed-cloudfront.wistia.com/deliveries/95dfbb5dbbb0a67ea54c1c8a8e64cc01c4027790.m3u8,player,,wistia,video
Sigma 8.0 (DSA with Java),sigma-8-cpp-dsa,Object Oriented Programming (OOPs),Classes & Objects,690cae91fcd3beddee0844a6,mmxakcbnxx,975.0,16.2,https://embed-cloudfront.wistia.com/deliveries/95dfbb5dbbb0a67ea54c1c8a8e64cc01c4027790.m3u8,player,,wistia,video
Sigma 8.0 (DSA with Java),sigma-8-cpp-dsa,Bit Manipulation,Fast Exponentiation Code,690cae90fcd3beddee0844a3,v71ttu0da6,344.0,5.7,https://embed-cloudfront.wistia.com/deliveries/95dfbb5dbbb0a67ea54c1c8a8e64cc01c4027790.m3u8,player,,wistia,video
Sigma 8.0 (DSA with Java),sigma-8-cpp-dsa,Bit Manipulation,Fast Exponentiation,690cae90fcd3beddee0844a2,uz8ev0dob4,295.0,4.9,https://embed-cloudfront.wistia.com/deliveries/95dfbb5dbbb0a67ea54c1c8a8e64cc01c4027790.m3u8,player,,wistia,video
Sigma 8.0 (DSA with Java),sigma-8-cpp-dsa,Bit Manipulation,Count set bits in a number,690cae90fcd3beddee0844a1,0lneui6hg9,320.0,5.3,https://embed-cloudfront.wistia.com/deliveries/95dfbb5dbbb0a67ea54c1c8a8e64cc01c4027790.m3u8,player,,wistia,video
Sigma 8.0 (DSA with Java),sigma-8-cpp-dsa,Bit Manipulation,Check if a number is power of 2 or not,690cae90fcd3beddee0844a0,djio9998tg,186.0,3.1,https://embed-cloudfront.wistia.com/deliveries/95dfbb5dbbb0a67ea54c1c8a8e64cc01c4027790.m3u8,player,,wistia,video
Sigma 8.0 (DSA with Java),sigma-8-cpp-dsa,Bit Manipulation,Clear range of bits,690cae90fcd3beddee08449f,9qbs5d1u8r,470.0,7.8,https://embed-cloudfront.wistia.com/deliveries/95dfbb5dbbb0a67ea54c1c8a8e64cc01c4027790.m3u8,player,,wistia,video
Sigma 8.0 (DSA with Java),sigma-8-cpp-dsa,Bit Manipulation,Clear last i bits,690cae90fcd3beddee08449e,z3y8p4r0xi,199.0,3.3,https://embed-cloudfront.wistia.com/deliveries/95dfbb5dbbb0a67ea54c1c8a8e64cc01c4027790.m3u8,player,,wistia,video
Sigma 8.0 (DSA with Java),sigma-8-cpp-dsa,Bit Manipulation,Update ith bit,690cae90fcd3beddee08449d,b0obyv2h0a,292.0,4.9,https://embed-cloudfront.wistia.com/deliveries/95dfbb5dbbb0a67ea54c1c8a8e64cc01c4027790.m3u8,player,,wistia,video
Sigma 8.0 (DSA with Java),sigma-8-cpp-dsa,Bit Manipulation,Clear ith Bit,690cae90fcd3beddee08449c,3gaaw5pd75,177.0,3.0,https://embed-cloudfront.wistia.com/deliveries/95dfbb5dbbb0a67ea54c1c8a8e64cc01c4027790.m3u8,player,,wistia,video
Sigma 8.0 (DSA with Java),sigma-8-cpp-dsa,Bit Manipulation,Set ith Bit,690cae90fcd3beddee08449b,cr5u69itp5,172.0,2.9,https://embed-cloudfront.wistia.com/deliveries/95dfbb5dbbb0a67ea54c1c8a8e64cc01c4027790.m3u8,player,,wistia,video
Sigma 8.0 (DSA with Java),sigma-8-cpp-dsa,Bit Manipulation,Get ith Bit,690cae90fcd3beddee08449a,i7ocrvta54,262.0,4.4,https://embed-cloudfront.wistia.com/deliveries/95dfbb5dbbb0a67ea54c1c8a8e64cc01c4027790.m3u8,player,,wistia,video
Sigma 8.0 (DSA with Java),sigma-8-cpp-dsa,Bit Manipulation,Check if Odd or Even,690cae90fcd3beddee084499,5x0mbksbwt,371.0,6.2,https://embed-cloudfront.wistia.com/deliveries/95dfbb5dbbb0a67ea54c1c8a8e64cc01c4027790.m3u8,player,,wistia,video
Sigma 8.0 (DSA with Java),sigma-8-cpp-dsa,Bit Manipulation,Binary Right Shift,690cae90fcd3beddee084498,xci2cmuq1s,159.0,2.6,https://embed-cloudfront.wistia.com/deliveries/95dfbb5dbbb0a67ea54c1c8a8e64cc01c4027790.m3u8,player,,wistia,video
Sigma 8.0 (DSA with Java),sigma-8-cpp-dsa,Bit Manipulation,Binary Left Shift,690cae90fcd3beddee084497,jz0dmy0ksb,242.0,4.0,https://embed-cloudfront.wistia.com/deliveries/95dfbb5dbbb0a67ea54c1c8a8e64cc01c4027790.m3u8,player,,wistia,video
Sigma 8.0 (DSA with Java),sigma-8-cpp-dsa,Bit Manipulation,Binary 1's Complement,690cae90fcd3beddee084496,2b41y4c1s7,475.0,7.9,https://embed-cloudfront.wistia.com/deliveries/95dfbb5dbbb0a67ea54c1c8a8e64cc01c4027790.m3u8,player,,wistia,video
Sigma 8.0 (DSA with Java),sigma-8-cpp-dsa,Bit Manipulation,Binary XOR,690cae90fcd3beddee084495,xfvke2io86,76.0,1.3,https://embed-cloudfront.wistia.com/deliveries/95dfbb5dbbb0a67ea54c1c8a8e64cc01c4027790.m3u8,player,,wistia,video
Sigma 8.0 (DSA with Java),sigma-8-cpp-dsa,Bit Manipulation,Binary OR,690cae90fcd3beddee084494,jb65a1s8jt,96.0,1.6,https://embed-cloudfront.wistia.com/deliveries/95dfbb5dbbb0a67ea54c1c8a8e64cc01c4027790.m3u8,player,,wistia,video
Sigma 8.0 (DSA with Java),sigma-8-cpp-dsa,Bit Manipulation,Binary AND,690cae90fcd3beddee084493,ss9yzuauy8,149.0,2.5,https://embed-cloudfront.wistia.com/deliveries/95dfbb5dbbb0a67ea54c1c8a8e64cc01c4027790.m3u8,player,,wistia,video
Sigma 8.0 (DSA with Java),sigma-8-cpp-dsa,Bit Manipulation,Bitwise Operators,690cae90fcd3beddee084492,nip4s6vhi0,92.0,1.5,https://embed-cloudfront.wistia.com/deliveries/95dfbb5dbbb0a67ea54c1c8a8e64cc01c4027790.m3u8,player,,wistia,video
Sigma 8.0 (DSA with Java),sigma-8-cpp-dsa,Bit Manipulation,Binary Number System,690cae90fcd3beddee084491,f9d8qxe82w,230.0,3.8,https://embed-cloudfront.wistia.com/deliveries/95dfbb5dbbb0a67ea54c1c8a8e64cc01c4027790.m3u8,player,,wistia,video
Sigma 8.0 (DSA with Java),sigma-8-cpp-dsa,Bit Manipulation,Introduction to Bit Manipulation,690cae90fcd3beddee084490,9v36o7mkxw,124.0,2.1,https://embed-cloudfront.wistia.com/deliveries/95dfbb5dbbb0a67ea54c1c8a8e64cc01c4027790.m3u8,player,,wistia,video
Sigma 8.0 (DSA with Java),sigma-8-cpp-dsa,Strings,String Compression,690cae90fcd3beddee08448d,mq7jhmtzuv,537.0,8.9,https://embed-cloudfront.wistia.com/deliveries/95dfbb5dbbb0a67ea54c1c8a8e64cc01c4027790.m3u8,player,,wistia,video
Sigma 8.0 (DSA with Java),sigma-8-cpp-dsa,Strings,Convert Letters to Uppercase,690cae90fcd3beddee08448c,lzdb51x1vp,499.0,8.3,https://embed-cloudfront.wistia.com/deliveries/95dfbb5dbbb0a67ea54c1c8a8e64cc01c4027790.m3u8,player,,wistia,video
Sigma 8.0 (DSA with Java),sigma-8-cpp-dsa,Strings,StringBuilder,690cae90fcd3beddee08448b,e2u2dbd3tg,301.0,5.0,https://embed-cloudfront.wistia.com/deliveries/95dfbb5dbbb0a67ea54c1c8a8e64cc01c4027790.m3u8,player,,wistia,video
Sigma 8.0 (DSA with Java),sigma-8-cpp-dsa,Strings,Why Strings are Immutable-,690cae90fcd3beddee08448a,kyotb6cdd3,507.0,8.4,https://embed-cloudfront.wistia.com/deliveries/95dfbb5dbbb0a67ea54c1c8a8e64cc01c4027790.m3u8,player,,wistia,video
Sigma 8.0 (DSA with Java),sigma-8-cpp-dsa,Strings,Print Largest String,690cae90fcd3beddee084489,rcovx1fx6p,283.0,4.7,https://embed-cloudfront.wistia.com/deliveries/95dfbb5dbbb0a67ea54c1c8a8e64cc01c4027790.m3u8,player,,wistia,video
Sigma 8.0 (DSA with Java),sigma-8-cpp-dsa,Strings,String Functions - substring,690cae90fcd3beddee084488,d70rtvueoy,310.0,5.2,https://embed-cloudfront.wistia.com/deliveries/95dfbb5dbbb0a67ea54c1c8a8e64cc01c4027790.m3u8,player,,wistia,video
Sigma 8.0 (DSA with Java),sigma-8-cpp-dsa,Strings,String Functions - compare,690cae90fcd3beddee084487,y3qg97bql5,208.0,3.5,https://embed-cloudfront.wistia.com/deliveries/95dfbb5dbbb0a67ea54c1c8a8e64cc01c4027790.m3u8,player,,wistia,video
Sigma 8.0 (DSA with Java),sigma-8-cpp-dsa,Strings,Question - Shortest Path,690cae90fcd3beddee084486,xld05wwfvj,557.0,9.3,https://embed-cloudfront.wistia.com/deliveries/95dfbb5dbbb0a67ea54c1c8a8e64cc01c4027790.m3u8,player,,wistia,video
Sigma 8.0 (DSA with Java),sigma-8-cpp-dsa,Strings,Check if a String is Palindrome,690cae90fcd3beddee084485,giji813y48,418.0,7.0,https://embed-cloudfront.wistia.com/deliveries/95dfbb5dbbb0a67ea54c1c8a8e64cc01c4027790.m3u8,player,,wistia,video
Sigma 8.0 (DSA with Java),sigma-8-cpp-dsa,Strings,String charAt Method,690cae90fcd3beddee084484,suc3f20qmp,180.0,3.0,https://embed-cloudfront.wistia.com/deliveries/95dfbb5dbbb0a67ea54c1c8a8e64cc01c4027790.m3u8,player,,wistia,video
Sigma 8.0 (DSA with Java),sigma-8-cpp-dsa,Strings,String Concatenate,690cae90fcd3beddee084483,z5v2ul9ceg,115.0,1.9,https://embed-cloudfront.wistia.com/deliveries/95dfbb5dbbb0a67ea54c1c8a8e64cc01c4027790.m3u8,player,,wistia,video
Sigma 8.0 (DSA with Java),sigma-8-cpp-dsa,Strings,String Length,690cae90fcd3beddee084482,1pw2sg7qyo,77.0,1.3,https://embed-cloudfront.wistia.com/deliveries/95dfbb5dbbb0a67ea54c1c8a8e64cc01c4027790.m3u8,player,,wistia,video
Sigma 8.0 (DSA with Java),sigma-8-cpp-dsa,Strings,Input-Output,690cae90fcd3beddee084481,tnrhmkdsa0,142.0,2.4,https://embed-cloudfront.wistia.com/deliveries/95dfbb5dbbb0a67ea54c1c8a8e64cc01c4027790.m3u8,player,,wistia,video
Sigma 8.0 (DSA with Java),sigma-8-cpp-dsa,Strings,What are Strings-,690cae90fcd3beddee084480,b4pxn8l6ax,240.0,4.0,https://embed-cloudfront.wistia.com/deliveries/95dfbb5dbbb0a67ea54c1c8a8e64cc01c4027790.m3u8,player,,wistia,video
Sigma 8.0 (DSA with Java),sigma-8-cpp-dsa,2D Arrays,Search in Sorted Matrix Code,690cae90fcd3beddee08447d,n0q1gvvhys,368.0,6.1,https://embed-cloudfront.wistia.com/deliveries/95dfbb5dbbb0a67ea54c1c8a8e64cc01c4027790.m3u8,player,,wistia,video
Sigma 8.0 (DSA with Java),sigma-8-cpp-dsa,2D Arrays,Search in Sorted Matrix,690cae90fcd3beddee08447c,l6z18dplhy,675.0,11.2,https://embed-cloudfront.wistia.com/deliveries/95dfbb5dbbb0a67ea54c1c8a8e64cc01c4027790.m3u8,player,,wistia,video
Sigma 8.0 (DSA with Java),sigma-8-cpp-dsa,2D Arrays,Diagonal Sum,690cae90fcd3beddee08447b,c15evky2zc,618.0,10.3,https://embed-cloudfront.wistia.com/deliveries/95dfbb5dbbb0a67ea54c1c8a8e64cc01c4027790.m3u8,player,,wistia,video
Sigma 8.0 (DSA with Java),sigma-8-cpp-dsa,2D Arrays,Spiral Matrix Code,690cae90fcd3beddee08447a,z8yi9q0kba,775.0,12.9,https://embed-cloudfront.wistia.com/deliveries/95dfbb5dbbb0a67ea54c1c8a8e64cc01c4027790.m3u8,player,,wistia,video
Sigma 8.0 (DSA with Java),sigma-8-cpp-dsa,2D Arrays,Spiral Matrix,690cae90fcd3beddee084479,o5eikpmn1o,454.0,7.6,https://embed-cloudfront.wistia.com/deliveries/95dfbb5dbbb0a67ea54c1c8a8e64cc01c4027790.m3u8,player,,wistia,video
Sigma 8.0 (DSA with Java),sigma-8-cpp-dsa,2D Arrays,2D Arrays in Memory,690cae90fcd3beddee084478,d9ug9wxgqx,260.0,4.3,https://embed-cloudfront.wistia.com/deliveries/95dfbb5dbbb0a67ea54c1c8a8e64cc01c4027790.m3u8,player,,wistia,video
Sigma 8.0 (DSA with Java),sigma-8-cpp-dsa,2D Arrays,Creation of 2D Arrays,690cae90fcd3beddee084477,la1saphcla,547.0,9.1,https://embed-cloudfront.wistia.com/deliveries/95dfbb5dbbb0a67ea54c1c8a8e64cc01c4027790.m3u8,player,,wistia,video
Sigma 8.0 (DSA with Java),sigma-8-cpp-dsa,2D Arrays,Representation of 2D Arrays,690cae90fcd3beddee084476,bo8ct6s3oz,127.0,2.1,https://embed-cloudfront.wistia.com/deliveries/95dfbb5dbbb0a67ea54c1c8a8e64cc01c4027790.m3u8,player,,wistia,video
Sigma 8.0 (DSA with Java),sigma-8-cpp-dsa,2D Arrays,Real life examples,690cae90fcd3beddee084475,k542setq8e,253.0,4.2,https://embed-cloudfront.wistia.com/deliveries/95dfbb5dbbb0a67ea54c1c8a8e64cc01c4027790.m3u8,player,,wistia,video
Sigma 8.0 (DSA with Java),sigma-8-cpp-dsa,2D Arrays,Introduction to 2D Arrays,690cae90fcd3beddee084474,on3mu3ztgv,149.0,2.5,https://embed-cloudfront.wistia.com/deliveries/95dfbb5dbbb0a67ea54c1c8a8e64cc01c4027790.m3u8,player,,wistia,video
Sigma 8.0 (DSA with Java),sigma-8-cpp-dsa,Basic Sorting Algorithms,Counting Sort Code,690cae90fcd3beddee084471,oiipxqwbpw,312.0,5.2,https://embed-cloudfront.wistia.com/deliveries/95dfbb5dbbb0a67ea54c1c8a8e64cc01c4027790.m3u8,player,,wistia,video
Sigma 8.0 (DSA with Java),sigma-8-cpp-dsa,Basic Sorting Algorithms,Counting Sort,690cae90fcd3beddee084470,rbhlcdys7d,300.0,5.0,https://embed-cloudfront.wistia.com/deliveries/95dfbb5dbbb0a67ea54c1c8a8e64cc01c4027790.m3u8,player,,wistia,video
Sigma 8.0 (DSA with Java),sigma-8-cpp-dsa,Basic Sorting Algorithms,Inbuilt Sort,690cae90fcd3beddee08446f,8i5z9r4dsg,478.0,8.0,https://embed-cloudfront.wistia.com/deliveries/95dfbb5dbbb0a67ea54c1c8a8e64cc01c4027790.m3u8,player,,wistia,video
Sigma 8.0 (DSA with Java),sigma-8-cpp-dsa,Basic Sorting Algorithms,Insertion Sort Code,690cae90fcd3beddee08446e,q0m7jhgw0v,262.0,4.4,https://embed-cloudfront.wistia.com/deliveries/95dfbb5dbbb0a67ea54c1c8a8e64cc01c4027790.m3u8,player,,wistia,video
Sigma 8.0 (DSA with Java),sigma-8-cpp-dsa,Basic Sorting Algorithms,Insertion Sort,690cae90fcd3beddee08446d,pwlrtkxvcx,260.0,4.3,https://embed-cloudfront.wistia.com/deliveries/95dfbb5dbbb0a67ea54c1c8a8e64cc01c4027790.m3u8,player,,wistia,video
Sigma 8.0 (DSA with Java),sigma-8-cpp-dsa,Basic Sorting Algorithms,Selection Sort Code,690cae90fcd3beddee08446c,pu55yz8o8q,258.0,4.3,https://embed-cloudfront.wistia.com/deliveries/95dfbb5dbbb0a67ea54c1c8a8e64cc01c4027790.m3u8,player,,wistia,video
Sigma 8.0 (DSA with Java),sigma-8-cpp-dsa,Basic Sorting Algorithms,Selection Sort,690cae90fcd3beddee08446b,xix1w0xif7,239.0,4.0,https://embed-cloudfront.wistia.com/deliveries/95dfbb5dbbb0a67ea54c1c8a8e64cc01c4027790.m3u8,player,,wistia,video
Sigma 8.0 (DSA with Java),sigma-8-cpp-dsa,Basic Sorting Algorithms,Bubble Sort Code,690cae90fcd3beddee08446a,v55mo46aal,374.0,6.2,https://embed-cloudfront.wistia.com/deliveries/95dfbb5dbbb0a67ea54c1c8a8e64cc01c4027790.m3u8,player,,wistia,video
Sigma 8.0 (DSA with Java),sigma-8-cpp-dsa,Basic Sorting Algorithms,Bubble Sort,690cae90fcd3beddee084469,9pkl16ybly,526.0,8.8,https://embed-cloudfront.wistia.com/deliveries/95dfbb5dbbb0a67ea54c1c8a8e64cc01c4027790.m3u8,player,,wistia,video
Sigma 8.0 (DSA with Java),sigma-8-cpp-dsa,Basic Sorting Algorithms,What is sorting-,690cae90fcd3beddee084468,w5g8czgv44,124.0,2.1,https://embed-cloudfront.wistia.com/deliveries/95dfbb5dbbb0a67ea54c1c8a8e64cc01c4027790.m3u8,player,,wistia,video
Sigma 8.0 (DSA with Java),sigma-8-cpp-dsa,ARRAYS (Part II),Best Time to Buy & Sell Stock,690cae90fcd3beddee084465,xkc4pfkopq,1019.0,17.0,https://embed-cloudfront.wistia.com/deliveries/95dfbb5dbbb0a67ea54c1c8a8e64cc01c4027790.m3u8,player,,wistia,video
Sigma 8.0 (DSA with Java),sigma-8-cpp-dsa,ARRAYS (Part II),Trapping Rainwater - Code,690cae90fcd3beddee084464,ncmeg9a3v5,485.0,8.1,https://embed-cloudfront.wistia.com/deliveries/95dfbb5dbbb0a67ea54c1c8a8e64cc01c4027790.m3u8,player,,wistia,video
Sigma 8.0 (DSA with Java),sigma-8-cpp-dsa,ARRAYS (Part II),Trapping Rainwater,690cae90fcd3beddee084463,ysd8ib7qi0,1842.0,30.7,https://embed-cloudfront.wistia.com/deliveries/95dfbb5dbbb0a67ea54c1c8a8e64cc01c4027790.m3u8,player,,wistia,video
Sigma 8.0 (DSA with Java),sigma-8-cpp-dsa,ARRAYS (Part II),Max Subarray Sum - III (Kadane's Algorithm),690cae90fcd3beddee084462,mmczvo374m,736.0,12.3,https://embed-cloudfront.wistia.com/deliveries/95dfbb5dbbb0a67ea54c1c8a8e64cc01c4027790.m3u8,player,,wistia,video
Sigma 8.0 (DSA with Java),sigma-8-cpp-dsa,ARRAYS (Part II),Max Subarray Sum - II (Prefix Sum),690cae90fcd3beddee084461,h2aokby4b9,537.0,8.9,https://embed-cloudfront.wistia.com/deliveries/95dfbb5dbbb0a67ea54c1c8a8e64cc01c4027790.m3u8,player,,wistia,video
Sigma 8.0 (DSA with Java),sigma-8-cpp-dsa,ARRAYS (Part II),Max Subarray Sum - I (Brute Force),690cae90fcd3beddee084460,6nrxoa8q6u,494.0,8.2,https://embed-cloudfront.wistia.com/deliveries/95dfbb5dbbb0a67ea54c1c8a8e64cc01c4027790.m3u8,player,,wistia,video
Sigma 8.0 (DSA with Java),sigma-8-cpp-dsa,ARRAYS (Part I),Print Subarrays,690cae90fcd3beddee08445f,69yx8blznb,642.0,10.7,https://embed-cloudfront.wistia.com/deliveries/95dfbb5dbbb0a67ea54c1c8a8e64cc01c4027790.m3u8,player,,wistia,video
Sigma 8.0 (DSA with Java),sigma-8-cpp-dsa,ARRAYS (Part I),Pairs in Array,690cae90fcd3beddee08445e,ln3nl6svm0,621.0,10.3,https://embed-cloudfront.wistia.com/deliveries/95dfbb5dbbb0a67ea54c1c8a8e64cc01c4027790.m3u8,player,,wistia,video
Sigma 8.0 (DSA with Java),sigma-8-cpp-dsa,ARRAYS (Part I),Reverse an Array,690cae90fcd3beddee08445d,ssayeq0oid,538.0,9.0,https://embed-cloudfront.wistia.com/deliveries/95dfbb5dbbb0a67ea54c1c8a8e64cc01c4027790.m3u8,player,,wistia,video
Sigma 8.0 (DSA with Java),sigma-8-cpp-dsa,ARRAYS (Part I),Binary Search Code,690cae90fcd3beddee08445c,uusffgr23j,390.0,6.5,https://embed-cloudfront.wistia.com/deliveries/95dfbb5dbbb0a67ea54c1c8a8e64cc01c4027790.m3u8,player,,wistia,video
Sigma 8.0 (DSA with Java),sigma-8-cpp-dsa,ARRAYS (Part I),Binary Search,690cae8ffcd3beddee08445b,sxj18boh7u,531.0,8.8,https://embed-cloudfront.wistia.com/deliveries/95dfbb5dbbb0a67ea54c1c8a8e64cc01c4027790.m3u8,player,,wistia,video
Sigma 8.0 (DSA with Java),sigma-8-cpp-dsa,ARRAYS (Part I),Largest in Array,690cae8ffcd3beddee08445a,6i9vj73dds,425.0,7.1,https://embed-cloudfront.wistia.com/deliveries/95dfbb5dbbb0a67ea54c1c8a8e64cc01c4027790.m3u8,player,,wistia,video
Sigma 8.0 (DSA with Java),sigma-8-cpp-dsa,ARRAYS (Part I),Linear Search,690cae8ffcd3beddee084459,r2x2xat649,421.0,7.0,https://embed-cloudfront.wistia.com/deliveries/95dfbb5dbbb0a67ea54c1c8a8e64cc01c4027790.m3u8,player,,wistia,video
Sigma 8.0 (DSA with Java),sigma-8-cpp-dsa,ARRAYS (Part I),Arrays as Function Arguments,690cae8ffcd3beddee084457,e6pk7o2l3t,329.0,5.5,https://embed-cloudfront.wistia.com/deliveries/95dfbb5dbbb0a67ea54c1c8a8e64cc01c4027790.m3u8,player,,wistia,video
Sigma 8.0 (DSA with Java),sigma-8-cpp-dsa,ARRAYS (Part I),"Arrays - Input, Output & Update",690cae8ffcd3beddee084456,5zjweu16xb,439.0,7.3,https://embed-cloudfront.wistia.com/deliveries/95dfbb5dbbb0a67ea54c1c8a8e64cc01c4027790.m3u8,player,,wistia,video
Sigma 8.0 (DSA with Java),sigma-8-cpp-dsa,ARRAYS (Part I),Arrays - Creation,690cae8ffcd3beddee084455,di8xibo5im,299.0,5.0,https://embed-cloudfront.wistia.com/deliveries/95dfbb5dbbb0a67ea54c1c8a8e64cc01c4027790.m3u8,player,,wistia,video
Sigma 8.0 (DSA with Java),sigma-8-cpp-dsa,ARRAYS (Part I),Introduction,690cae8ffcd3beddee084454,xtk8zzn1ze,457.0,7.6,https://embed-cloudfront.wistia.com/deliveries/95dfbb5dbbb0a67ea54c1c8a8e64cc01c4027790.m3u8,player,,wistia,video
Sigma 8.0 (DSA with Java),sigma-8-cpp-dsa,Patterns (Part II) - Advanced,Diamond Pattern,68fa3aa2e0d9105c1c0e3952,z0lbhai43v,596.0,9.9,https://embed-cloudfront.wistia.com/deliveries/95dfbb5dbbb0a67ea54c1c8a8e64cc01c4027790.m3u8,player,,wistia,video
Sigma 8.0 (DSA with Java),sigma-8-cpp-dsa,Patterns (Part II) - Advanced,Hollow Rhombus Pattern,68fa3aa2e0d9105c1c0e3951,mgrx47twr3,471.0,7.8,https://embed-cloudfront.wistia.com/deliveries/95dfbb5dbbb0a67ea54c1c8a8e64cc01c4027790.m3u8,player,,wistia,video
Sigma 8.0 (DSA with Java),sigma-8-cpp-dsa,Patterns (Part II) - Advanced,Solid Rhombus Pattern,68fa3aa2e0d9105c1c0e3950,w7lthcz7we,467.0,7.8,https://embed-cloudfront.wistia.com/deliveries/95dfbb5dbbb0a67ea54c1c8a8e64cc01c4027790.m3u8,player,,wistia,video
Sigma 8.0 (DSA with Java),sigma-8-cpp-dsa,Patterns (Part II) - Advanced,Butterfly Pattern Code (explanation continued as well),68fa3aa2e0d9105c1c0e394f,ugtotbbd98,466.0,7.8,https://embed-cloudfront.wistia.com/deliveries/95dfbb5dbbb0a67ea54c1c8a8e64cc01c4027790.m3u8,player,,wistia,video
Sigma 8.0 (DSA with Java),sigma-8-cpp-dsa,Patterns (Part II) - Advanced,Butterfly Pattern,68fa3aa2e0d9105c1c0e394e,53pbsjftb5,444.0,7.4,https://embed-cloudfront.wistia.com/deliveries/95dfbb5dbbb0a67ea54c1c8a8e64cc01c4027790.m3u8,player,,wistia,video
Sigma 8.0 (DSA with Java),sigma-8-cpp-dsa,Patterns (Part II) - Advanced,0-1 Triangle Pattern,68fa3aa2e0d9105c1c0e394d,tfdn9os4ar,565.0,9.4,https://embed-cloudfront.wistia.com/deliveries/95dfbb5dbbb0a67ea54c1c8a8e64cc01c4027790.m3u8,player,,wistia,video
Sigma 8.0 (DSA with Java),sigma-8-cpp-dsa,Patterns (Part II) - Advanced,Floyd's Triangle Pattern,68fa3aa2e0d9105c1c0e394c,oo5xcymn1x,401.0,6.7,https://embed-cloudfront.wistia.com/deliveries/95dfbb5dbbb0a67ea54c1c8a8e64cc01c4027790.m3u8,player,,wistia,video
Sigma 8.0 (DSA with Java),sigma-8-cpp-dsa,Patterns (Part II) - Advanced,Inverted Half Pyramid Pattern with Numbers,68fa3aa2e0d9105c1c0e394b,6mo5di7lu4,516.0,8.6,https://embed-cloudfront.wistia.com/deliveries/95dfbb5dbbb0a67ea54c1c8a8e64cc01c4027790.m3u8,player,,wistia,video
Sigma 8.0 (DSA with Java),sigma-8-cpp-dsa,Patterns (Part II) - Advanced,Inverted & Rotated Half Pyramid,68fa3aa2e0d9105c1c0e394a,ti61ws8vou,762.0,12.7,https://embed-cloudfront.wistia.com/deliveries/95dfbb5dbbb0a67ea54c1c8a8e64cc01c4027790.m3u8,player,,wistia,video
Sigma 8.0 (DSA with Java),sigma-8-cpp-dsa,Patterns (Part II) - Advanced,Dry Run - Hollow Rectangle Pattern,68fa3aa2e0d9105c1c0e3949,kcdm8hu41c,933.0,15.6,https://embed-cloudfront.wistia.com/deliveries/95dfbb5dbbb0a67ea54c1c8a8e64cc01c4027790.m3u8,player,,wistia,video
Sigma 8.0 (DSA with Java),sigma-8-cpp-dsa,Patterns (Part II) - Advanced,Hollow Rectangle Pattern,68fa3aa2e0d9105c1c0e3948,0vtzqe25f3,686.0,11.4,https://embed-cloudfront.wistia.com/deliveries/95dfbb5dbbb0a67ea54c1c8a8e64cc01c4027790.m3u8,player,,wistia,video
Sigma 8.0 (DSA with Java),sigma-8-cpp-dsa,Functions & Methods,Block Scope,68fa3aa1e0d9105c1c0e3945,s0lyb9rk8z,233.0,3.9,https://embed-cloudfront.wistia.com/deliveries/95dfbb5dbbb0a67ea54c1c8a8e64cc01c4027790.m3u8,player,,wistia,video
Sigma 8.0 (DSA with Java),sigma-8-cpp-dsa,Functions & Methods,Method Scope,68fa3aa1e0d9105c1c0e3944,zzfxsuy64n,199.0,3.3,https://embed-cloudfront.wistia.com/deliveries/95dfbb5dbbb0a67ea54c1c8a8e64cc01c4027790.m3u8,player,,wistia,video
Sigma 8.0 (DSA with Java),sigma-8-cpp-dsa,Functions & Methods,Code - Decimal to Binary,68fa3aa1e0d9105c1c0e3943,ay2nuoh8lv,226.0,3.8,https://embed-cloudfront.wistia.com/deliveries/95dfbb5dbbb0a67ea54c1c8a8e64cc01c4027790.m3u8,player,,wistia,video
Sigma 8.0 (DSA with Java),sigma-8-cpp-dsa,Functions & Methods,Decimal to Binary,68fa3aa1e0d9105c1c0e3942,tescgz3p60,439.0,7.3,https://embed-cloudfront.wistia.com/deliveries/95dfbb5dbbb0a67ea54c1c8a8e64cc01c4027790.m3u8,player,,wistia,video
Sigma 8.0 (DSA with Java),sigma-8-cpp-dsa,Functions & Methods,Code - Binary to Decimal,68fa3aa1e0d9105c1c0e3941,w6bm8n6znf,250.0,4.2,https://embed-cloudfront.wistia.com/deliveries/95dfbb5dbbb0a67ea54c1c8a8e64cc01c4027790.m3u8,player,,wistia,video
Sigma 8.0 (DSA with Java),sigma-8-cpp-dsa,Functions & Methods,Binary to Decimal,68fa3aa1e0d9105c1c0e3940,anhtby677z,867.0,14.4,https://embed-cloudfront.wistia.com/deliveries/95dfbb5dbbb0a67ea54c1c8a8e64cc01c4027790.m3u8,player,,wistia,video
Sigma 8.0 (DSA with Java),sigma-8-cpp-dsa,Functions & Methods,Primes in Range,68fa3aa1e0d9105c1c0e393f,vvemh4p8nu,263.0,4.4,https://embed-cloudfront.wistia.com/deliveries/95dfbb5dbbb0a67ea54c1c8a8e64cc01c4027790.m3u8,player,,wistia,video
Sigma 8.0 (DSA with Java),sigma-8-cpp-dsa,Functions & Methods,Check Prime (Optimized),68fa3aa1e0d9105c1c0e393e,lwpf5gaxh2,285.0,4.8,https://embed-cloudfront.wistia.com/deliveries/95dfbb5dbbb0a67ea54c1c8a8e64cc01c4027790.m3u8,player,,wistia,video
Sigma 8.0 (DSA with Java),sigma-8-cpp-dsa,Functions & Methods,Check if a number is Prime or not,68fa3aa1e0d9105c1c0e393d,q4en1pju54,467.0,7.8,https://embed-cloudfront.wistia.com/deliveries/95dfbb5dbbb0a67ea54c1c8a8e64cc01c4027790.m3u8,player,,wistia,video
Sigma 8.0 (DSA with Java),sigma-8-cpp-dsa,Functions & Methods,Overloading using Data Types,68fa3aa1e0d9105c1c0e393c,3et5h9ywdk,198.0,3.3,https://embed-cloudfront.wistia.com/deliveries/95dfbb5dbbb0a67ea54c1c8a8e64cc01c4027790.m3u8,player,,wistia,video
Sigma 8.0 (DSA with Java),sigma-8-cpp-dsa,Functions & Methods,Overloading using Parameters,68fa3aa1e0d9105c1c0e393b,45nqj0b6ot,268.0,4.5,https://embed-cloudfront.wistia.com/deliveries/95dfbb5dbbb0a67ea54c1c8a8e64cc01c4027790.m3u8,player,,wistia,video
Sigma 8.0 (DSA with Java),sigma-8-cpp-dsa,Functions & Methods,Function Overloading,68fa3aa1e0d9105c1c0e393a,pfwna0ldyh,243.0,4.0,https://embed-cloudfront.wistia.com/deliveries/95dfbb5dbbb0a67ea54c1c8a8e64cc01c4027790.m3u8,player,,wistia,video
Sigma 8.0 (DSA with Java),sigma-8-cpp-dsa,Functions & Methods,Inbuilt v-s User defined Methods,68fa3aa1e0d9105c1c0e3939,67p79q80u7,135.0,2.2,https://embed-cloudfront.wistia.com/deliveries/95dfbb5dbbb0a67ea54c1c8a8e64cc01c4027790.m3u8,player,,wistia,video
Sigma 8.0 (DSA with Java),sigma-8-cpp-dsa,Functions & Methods,Find Binomial Coefficient,68fa3aa1e0d9105c1c0e3938,okx53wlj9l,404.0,6.7,https://embed-cloudfront.wistia.com/deliveries/95dfbb5dbbb0a67ea54c1c8a8e64cc01c4027790.m3u8,player,,wistia,video
Sigma 8.0 (DSA with Java),sigma-8-cpp-dsa,Functions & Methods,Find Factorial,68fa3aa1e0d9105c1c0e3937,1v8gapehya,408.0,6.8,https://embed-cloudfront.wistia.com/deliveries/95dfbb5dbbb0a67ea54c1c8a8e64cc01c4027790.m3u8,player,,wistia,video
Sigma 8.0 (DSA with Java),sigma-8-cpp-dsa,Functions & Methods,Product of a & b,68fa3aa1e0d9105c1c0e3936,owyk91pwuf,221.0,3.7,https://embed-cloudfront.wistia.com/deliveries/95dfbb5dbbb0a67ea54c1c8a8e64cc01c4027790.m3u8,player,,wistia,video
Sigma 8.0 (DSA with Java),sigma-8-cpp-dsa,Functions & Methods,Call by Value (in Java),68fa3aa1e0d9105c1c0e3935,gkbmw36uqn,495.0,8.2,https://embed-cloudfront.wistia.com/deliveries/95dfbb5dbbb0a67ea54c1c8a8e64cc01c4027790.m3u8,player,,wistia,video
Sigma 8.0 (DSA with Java),sigma-8-cpp-dsa,Functions & Methods,What happens in memory- (Call Stack),68fa3aa1e0d9105c1c0e3934,gn90nx913w,310.0,5.2,https://embed-cloudfront.wistia.com/deliveries/95dfbb5dbbb0a67ea54c1c8a8e64cc01c4027790.m3u8,player,,wistia,video
Sigma 8.0 (DSA with Java),sigma-8-cpp-dsa,Functions & Methods,Parameters v-s Arguments,68fa3aa1e0d9105c1c0e3933,u55u9tgkrq,114.0,1.9,https://embed-cloudfront.wistia.com/deliveries/95dfbb5dbbb0a67ea54c1c8a8e64cc01c4027790.m3u8,player,,wistia,video
Sigma 8.0 (DSA with Java),sigma-8-cpp-dsa,Functions & Methods,Syntax with Parameters,68fa3aa1e0d9105c1c0e3932,otcc1a2c0a,383.0,6.4,https://embed-cloudfront.wistia.com/deliveries/95dfbb5dbbb0a67ea54c1c8a8e64cc01c4027790.m3u8,player,,wistia,video
Sigma 8.0 (DSA with Java),sigma-8-cpp-dsa,Functions & Methods,Syntax - Function Code Demo,68fa3aa1e0d9105c1c0e3931,y47kmjc8hh,622.0,10.4,https://embed-cloudfront.wistia.com/deliveries/95dfbb5dbbb0a67ea54c1c8a8e64cc01c4027790.m3u8,player,,wistia,video
Sigma 8.0 (DSA with Java),sigma-8-cpp-dsa,Functions & Methods,Introduction to Functions,68fa3aa1e0d9105c1c0e3930,427fwnme12,149.0,2.5,https://embed-cloudfront.wistia.com/deliveries/95dfbb5dbbb0a67ea54c1c8a8e64cc01c4027790.m3u8,player,,wistia,video
Sigma 8.0 (DSA with Java),sigma-8-cpp-dsa,Patterns (Part I),Special Note,68fa3aa1e0d9105c1c0e392e,q37p2sqmdt,76.0,1.3,https://embed-cloudfront.wistia.com/deliveries/95dfbb5dbbb0a67ea54c1c8a8e64cc01c4027790.m3u8,player,,wistia,video
Sigma 8.0 (DSA with Java),sigma-8-cpp-dsa,Patterns (Part I),Character Pattern,68fa3aa1e0d9105c1c0e392d,x0nidy2ruw,617.0,10.3,https://embed-cloudfront.wistia.com/deliveries/95dfbb5dbbb0a67ea54c1c8a8e64cc01c4027790.m3u8,player,,wistia,video
Sigma 8.0 (DSA with Java),sigma-8-cpp-dsa,Patterns (Part I),Half Pyramid Pattern,68fa3aa1e0d9105c1c0e392c,wut18bxwce,501.0,8.3,https://embed-cloudfront.wistia.com/deliveries/95dfbb5dbbb0a67ea54c1c8a8e64cc01c4027790.m3u8,player,,wistia,video
Sigma 8.0 (DSA with Java),sigma-8-cpp-dsa,Patterns (Part I),Inverted Star Pattern,68fa3aa1e0d9105c1c0e392b,zzbiuk1siz,278.0,4.6,https://embed-cloudfront.wistia.com/deliveries/95dfbb5dbbb0a67ea54c1c8a8e64cc01c4027790.m3u8,player,,wistia,video
Sigma 8.0 (DSA with Java),sigma-8-cpp-dsa,Patterns (Part I),Intro to Nested Loops (Star Pattern),68fa3aa1e0d9105c1c0e392a,86c3r29yj9,944.0,15.7,https://embed-cloudfront.wistia.com/deliveries/95dfbb5dbbb0a67ea54c1c8a8e64cc01c4027790.m3u8,player,,wistia,video
Sigma 8.0 (DSA with Java),sigma-8-cpp-dsa,Loops (Flow Control),Check if a number is Prime or not,68fa3aa1e0d9105c1c0e3927,aka2266cy1,1051.0,17.5,https://embed-cloudfront.wistia.com/deliveries/95dfbb5dbbb0a67ea54c1c8a8e64cc01c4027790.m3u8,player,,wistia,video
Sigma 8.0 (DSA with Java),sigma-8-cpp-dsa,Loops (Flow Control),Question - continue keyword,68fa3aa1e0d9105c1c0e3926,a2q04l3br3,174.0,2.9,https://embed-cloudfront.wistia.com/deliveries/95dfbb5dbbb0a67ea54c1c8a8e64cc01c4027790.m3u8,player,,wistia,video
Sigma 8.0 (DSA with Java),sigma-8-cpp-dsa,Loops (Flow Control),Continue statement,68fa3aa1e0d9105c1c0e3925,09zmb9wyko,96.0,1.6,https://embed-cloudfront.wistia.com/deliveries/95dfbb5dbbb0a67ea54c1c8a8e64cc01c4027790.m3u8,player,,wistia,video
Sigma 8.0 (DSA with Java),sigma-8-cpp-dsa,Loops (Flow Control),Question - break keyword,68fa3aa1e0d9105c1c0e3924,ygjjha2tpr,195.0,3.2,https://embed-cloudfront.wistia.com/deliveries/95dfbb5dbbb0a67ea54c1c8a8e64cc01c4027790.m3u8,player,,wistia,video
Sigma 8.0 (DSA with Java),sigma-8-cpp-dsa,Loops (Flow Control),Break statement,68fa3aa1e0d9105c1c0e3923,7ixnwhysep,114.0,1.9,https://embed-cloudfront.wistia.com/deliveries/95dfbb5dbbb0a67ea54c1c8a8e64cc01c4027790.m3u8,player,,wistia,video
Sigma 8.0 (DSA with Java),sigma-8-cpp-dsa,Loops (Flow Control),do while Loop,68fa3aa1e0d9105c1c0e3922,pjaajd3mhr,100.0,1.7,https://embed-cloudfront.wistia.com/deliveries/95dfbb5dbbb0a67ea54c1c8a8e64cc01c4027790.m3u8,player,,wistia,video
Sigma 8.0 (DSA with Java),sigma-8-cpp-dsa,Loops (Flow Control),Reverse the given number,68fa3aa1e0d9105c1c0e3921,2x7ji0yq1u,409.0,6.8,https://embed-cloudfront.wistia.com/deliveries/95dfbb5dbbb0a67ea54c1c8a8e64cc01c4027790.m3u8,player,,wistia,video
Sigma 8.0 (DSA with Java),sigma-8-cpp-dsa,Loops (Flow Control),Print reverse of a number,68fa3aa1e0d9105c1c0e3920,s777t2sgrb,416.0,6.9,https://embed-cloudfront.wistia.com/deliveries/95dfbb5dbbb0a67ea54c1c8a8e64cc01c4027790.m3u8,player,,wistia,video
Sigma 8.0 (DSA with Java),sigma-8-cpp-dsa,Loops (Flow Control),Print Square pattern,68fa3aa1e0d9105c1c0e391f,20vmwi0hd3,197.0,3.3,https://embed-cloudfront.wistia.com/deliveries/95dfbb5dbbb0a67ea54c1c8a8e64cc01c4027790.m3u8,player,,wistia,video
Sigma 8.0 (DSA with Java),sigma-8-cpp-dsa,Loops (Flow Control),for Loop,68fa3aa1e0d9105c1c0e391e,1hq1n32ksu,345.0,5.8,https://embed-cloudfront.wistia.com/deliveries/95dfbb5dbbb0a67ea54c1c8a8e64cc01c4027790.m3u8,player,,wistia,video
Sigma 8.0 (DSA with Java),sigma-8-cpp-dsa,Loops (Flow Control),Sum of first N natural numbers,68fa3aa1e0d9105c1c0e391d,abqynd0wnl,498.0,8.3,https://embed-cloudfront.wistia.com/deliveries/95dfbb5dbbb0a67ea54c1c8a8e64cc01c4027790.m3u8,player,,wistia,video
Sigma 8.0 (DSA with Java),sigma-8-cpp-dsa,Loops (Flow Control),Print numbers from 1 to n,68fa3aa1e0d9105c1c0e391c,49ce69g4og,168.0,2.8,https://embed-cloudfront.wistia.com/deliveries/95dfbb5dbbb0a67ea54c1c8a8e64cc01c4027790.m3u8,player,,wistia,video
Sigma 8.0 (DSA with Java),sigma-8-cpp-dsa,Loops (Flow Control),Print numbers from 1 to 10,68fa3aa1e0d9105c1c0e391b,uia5bqv19j,302.0,5.0,https://embed-cloudfront.wistia.com/deliveries/95dfbb5dbbb0a67ea54c1c8a8e64cc01c4027790.m3u8,player,,wistia,video
Sigma 8.0 (DSA with Java),sigma-8-cpp-dsa,Loops (Flow Control),while Loop,68fa3aa1e0d9105c1c0e391a,o3wvc7z40d,538.0,9.0,https://embed-cloudfront.wistia.com/deliveries/95dfbb5dbbb0a67ea54c1c8a8e64cc01c4027790.m3u8,player,,wistia,video
Sigma 8.0 (DSA with Java),sigma-8-cpp-dsa,Loops (Flow Control),Loops Basics,68fa3aa1e0d9105c1c0e3919,patiz896ql,122.0,2.0,https://embed-cloudfront.wistia.com/deliveries/95dfbb5dbbb0a67ea54c1c8a8e64cc01c4027790.m3u8,player,,wistia,video
Sigma 8.0 (DSA with Java),sigma-8-cpp-dsa,Conditional Statements,Calculator,68fa3aa1e0d9105c1c0e3916,7qe0hqxgsc,373.0,6.2,https://embed-cloudfront.wistia.com/deliveries/95dfbb5dbbb0a67ea54c1c8a8e64cc01c4027790.m3u8,player,,wistia,video
Sigma 8.0 (DSA with Java),sigma-8-cpp-dsa,Conditional Statements,Switch statement,68fa3aa1e0d9105c1c0e3915,fvpya51mud,492.0,8.2,https://embed-cloudfront.wistia.com/deliveries/95dfbb5dbbb0a67ea54c1c8a8e64cc01c4027790.m3u8,player,,wistia,video
Sigma 8.0 (DSA with Java),sigma-8-cpp-dsa,Conditional Statements,Check if a student will Pass or Fail,68fa3aa1e0d9105c1c0e3914,x1djge2lzy,115.0,1.9,https://embed-cloudfront.wistia.com/deliveries/95dfbb5dbbb0a67ea54c1c8a8e64cc01c4027790.m3u8,player,,wistia,video
Sigma 8.0 (DSA with Java),sigma-8-cpp-dsa,Conditional Statements,Ternary Operator,68fa3aa1e0d9105c1c0e3913,v4siweuu3m,256.0,4.3,https://embed-cloudfront.wistia.com/deliveries/95dfbb5dbbb0a67ea54c1c8a8e64cc01c4027790.m3u8,player,,wistia,video
Sigma 8.0 (DSA with Java),sigma-8-cpp-dsa,Conditional Statements,Print the largest of 3 numbers,68fa3aa1e0d9105c1c0e3912,qxek4svbky,279.0,4.7,https://embed-cloudfront.wistia.com/deliveries/95dfbb5dbbb0a67ea54c1c8a8e64cc01c4027790.m3u8,player,,wistia,video
Sigma 8.0 (DSA with Java),sigma-8-cpp-dsa,Conditional Statements,Income Tax Calculator,68fa3aa1e0d9105c1c0e3911,134zvl89o4,416.0,6.9,https://embed-cloudfront.wistia.com/deliveries/95dfbb5dbbb0a67ea54c1c8a8e64cc01c4027790.m3u8,player,,wistia,video
Sigma 8.0 (DSA with Java),sigma-8-cpp-dsa,Conditional Statements,else if,68fa3aa1e0d9105c1c0e3910,9b4kwg7c5h,180.0,3.0,https://embed-cloudfront.wistia.com/deliveries/95dfbb5dbbb0a67ea54c1c8a8e64cc01c4027790.m3u8,player,,wistia,video
Sigma 8.0 (DSA with Java),sigma-8-cpp-dsa,Conditional Statements,Print if number is Odd or Even,68fa3aa1e0d9105c1c0e390f,oytaq3wvqd,263.0,4.4,https://embed-cloudfront.wistia.com/deliveries/95dfbb5dbbb0a67ea54c1c8a8e64cc01c4027790.m3u8,player,,wistia,video
Sigma 8.0 (DSA with Java),sigma-8-cpp-dsa,Conditional Statements,Print the largest of 2 numbers,68fa3aa1e0d9105c1c0e390e,n8kna1apb4,296.0,4.9,https://embed-cloudfront.wistia.com/deliveries/95dfbb5dbbb0a67ea54c1c8a8e64cc01c4027790.m3u8,player,,wistia,video
Sigma 8.0 (DSA with Java),sigma-8-cpp-dsa,Conditional Statements,if else,68fa3aa1e0d9105c1c0e390d,xelobnt8ck,658.0,11.0,https://embed-cloudfront.wistia.com/deliveries/95dfbb5dbbb0a67ea54c1c8a8e64cc01c4027790.m3u8,player,,wistia,video
Sigma 8.0 (DSA with Java),sigma-8-cpp-dsa,Operators,Assignment Operators,68fa3aa1e0d9105c1c0e3909,c75teso0j5,290.0,4.8,https://embed-cloudfront.wistia.com/deliveries/95dfbb5dbbb0a67ea54c1c8a8e64cc01c4027790.m3u8,player,,wistia,video
Sigma 8.0 (DSA with Java),sigma-8-cpp-dsa,Operators,Logical Operators,68fa3aa1e0d9105c1c0e3908,3d55tk2loq,555.0,9.2,https://embed-cloudfront.wistia.com/deliveries/95dfbb5dbbb0a67ea54c1c8a8e64cc01c4027790.m3u8,player,,wistia,video
Sigma 8.0 (DSA with Java),sigma-8-cpp-dsa,Operators,Relational Operators,68fa3aa1e0d9105c1c0e3907,y8jozrlvde,391.0,6.5,https://embed-cloudfront.wistia.com/deliveries/95dfbb5dbbb0a67ea54c1c8a8e64cc01c4027790.m3u8,player,,wistia,video
Sigma 8.0 (DSA with Java),sigma-8-cpp-dsa,Operators,Unary Operators,68fa3aa1e0d9105c1c0e3906,k8sq4jee9z,469.0,7.8,https://embed-cloudfront.wistia.com/deliveries/95dfbb5dbbb0a67ea54c1c8a8e64cc01c4027790.m3u8,player,,wistia,video
Sigma 8.0 (DSA with Java),sigma-8-cpp-dsa,Operators,Arithmetic Operators,68fa3aa1e0d9105c1c0e3905,5al3le0zps,325.0,5.4,https://embed-cloudfront.wistia.com/deliveries/95dfbb5dbbb0a67ea54c1c8a8e64cc01c4027790.m3u8,player,,wistia,video
Sigma 8.0 (DSA with Java),sigma-8-cpp-dsa,Operators,Types of Operators,68fa3aa1e0d9105c1c0e3904,reom4d9rsz,178.0,3.0,https://embed-cloudfront.wistia.com/deliveries/95dfbb5dbbb0a67ea54c1c8a8e64cc01c4027790.m3u8,player,,wistia,video
Sigma 8.0 (DSA with Java),sigma-8-cpp-dsa,Variables & Data Types,How does Java code run-,68fa3aa1e0d9105c1c0e3901,h5pk1t6pf4,227.0,3.8,https://embed-cloudfront.wistia.com/deliveries/95dfbb5dbbb0a67ea54c1c8a8e64cc01c4027790.m3u8,player,,wistia,video
Sigma 8.0 (DSA with Java),sigma-8-cpp-dsa,Variables & Data Types,Type Promotion in Expression,68fa3aa1e0d9105c1c0e3900,cpq5ju6ssc,664.0,11.1,https://embed-cloudfront.wistia.com/deliveries/95dfbb5dbbb0a67ea54c1c8a8e64cc01c4027790.m3u8,player,,wistia,video
Sigma 8.0 (DSA with Java),sigma-8-cpp-dsa,Variables & Data Types,Type Casting,68fa3aa1e0d9105c1c0e38ff,sup9x6x7mf,410.0,6.8,https://embed-cloudfront.wistia.com/deliveries/95dfbb5dbbb0a67ea54c1c8a8e64cc01c4027790.m3u8,player,,wistia,video
Sigma 8.0 (DSA with Java),sigma-8-cpp-dsa,Variables & Data Types,Type Conversion,68fa3aa1e0d9105c1c0e38fe,pogczpszvy,396.0,6.6,https://embed-cloudfront.wistia.com/deliveries/95dfbb5dbbb0a67ea54c1c8a8e64cc01c4027790.m3u8,player,,wistia,video
Sigma 8.0 (DSA with Java),sigma-8-cpp-dsa,Variables & Data Types,Area of a Circle,68fa3aa1e0d9105c1c0e38fd,e8ljot0wzq,271.0,4.5,https://embed-cloudfront.wistia.com/deliveries/95dfbb5dbbb0a67ea54c1c8a8e64cc01c4027790.m3u8,player,,wistia,video
Sigma 8.0 (DSA with Java),sigma-8-cpp-dsa,Variables & Data Types,Product of a & b,68fa3aa1e0d9105c1c0e38fc,cws13xn297,122.0,2.0,https://embed-cloudfront.wistia.com/deliveries/95dfbb5dbbb0a67ea54c1c8a8e64cc01c4027790.m3u8,player,,wistia,video
Sigma 8.0 (DSA with Java),sigma-8-cpp-dsa,Variables & Data Types,Sum of a & b (Input from User),68fa3aa1e0d9105c1c0e38fb,epx38voeds,216.0,3.6,https://embed-cloudfront.wistia.com/deliveries/95dfbb5dbbb0a67ea54c1c8a8e64cc01c4027790.m3u8,player,,wistia,video
Sigma 8.0 (DSA with Java),sigma-8-cpp-dsa,Variables & Data Types,Input in Java,68fa3aa1e0d9105c1c0e38fa,tz0rl3seid,652.0,10.9,https://embed-cloudfront.wistia.com/deliveries/95dfbb5dbbb0a67ea54c1c8a8e64cc01c4027790.m3u8,player,,wistia,video
Sigma 8.0 (DSA with Java),sigma-8-cpp-dsa,Variables & Data Types,Comments in Java,68fa3aa1e0d9105c1c0e38f9,aiawdxajt6,217.0,3.6,https://embed-cloudfront.wistia.com/deliveries/95dfbb5dbbb0a67ea54c1c8a8e64cc01c4027790.m3u8,player,,wistia,video
Sigma 8.0 (DSA with Java),sigma-8-cpp-dsa,Variables & Data Types,Sum of a & b,68fa3aa1e0d9105c1c0e38f8,y1ggbsz245,206.0,3.4,https://embed-cloudfront.wistia.com/deliveries/95dfbb5dbbb0a67ea54c1c8a8e64cc01c4027790.m3u8,player,,wistia,video
Sigma 8.0 (DSA with Java),sigma-8-cpp-dsa,Variables & Data Types,Data Types in Java,68fa3aa1e0d9105c1c0e38f7,cp81h30jrp,605.0,10.1,https://embed-cloudfront.wistia.com/deliveries/95dfbb5dbbb0a67ea54c1c8a8e64cc01c4027790.m3u8,player,,wistia,video
Sigma 8.0 (DSA with Java),sigma-8-cpp-dsa,Variables & Data Types,Variables in Java,68fa3aa1e0d9105c1c0e38f6,6s3f80w608,610.0,10.2,https://embed-cloudfront.wistia.com/deliveries/95dfbb5dbbb0a67ea54c1c8a8e64cc01c4027790.m3u8,player,,wistia,video
Sigma 8.0 (DSA with Java),sigma-8-cpp-dsa,Variables & Data Types,Print a Pattern,68fa3aa1e0d9105c1c0e38f5,pkump2rrze,213.0,3.5,https://embed-cloudfront.wistia.com/deliveries/95dfbb5dbbb0a67ea54c1c8a8e64cc01c4027790.m3u8,player,,wistia,video
Sigma 8.0 (DSA with Java),sigma-8-cpp-dsa,Variables & Data Types,Output in Java,68fa3aa1e0d9105c1c0e38f4,7aguoe0qbu,776.0,12.9,https://embed-cloudfront.wistia.com/deliveries/95dfbb5dbbb0a67ea54c1c8a8e64cc01c4027790.m3u8,player,,wistia,video
Sigma 8.0 (DSA with Java),sigma-8-cpp-dsa,Variables & Data Types,Boilerplate Code,68fa3aa1e0d9105c1c0e38f3,1htiwpm9eh,258.0,4.3,https://embed-cloudfront.wistia.com/deliveries/95dfbb5dbbb0a67ea54c1c8a8e64cc01c4027790.m3u8,player,,wistia,video
Sigma 8.0 (DSA with Java),sigma-8-cpp-dsa,Variables & Data Types,Creating a Java File,68fa3aa1e0d9105c1c0e38f2,8m3rmku0xo,214.0,3.6,https://embed-cloudfront.wistia.com/deliveries/95dfbb5dbbb0a67ea54c1c8a8e64cc01c4027790.m3u8,player,,wistia,video
Sigma 8.0 (DSA with Java),sigma-8-cpp-dsa,Flowcharts & Pseudocodes,Sum of first N natural numbers,68fa3aa1e0d9105c1c0e38ef,bi58ynt8gr,516.0,8.6,https://embed-cloudfront.wistia.com/deliveries/95dfbb5dbbb0a67ea54c1c8a8e64cc01c4027790.m3u8,player,,wistia,video
Sigma 8.0 (DSA with Java),sigma-8-cpp-dsa,Flowcharts & Pseudocodes,Find if a Number is Prime or not,68fa3aa1e0d9105c1c0e38ee,m40g1utp4g,633.0,10.6,https://embed-cloudfront.wistia.com/deliveries/95dfbb5dbbb0a67ea54c1c8a8e64cc01c4027790.m3u8,player,,wistia,video
Sigma 8.0 (DSA with Java),sigma-8-cpp-dsa,Flowcharts & Pseudocodes,Max of 3 Numbers,68fa3aa1e0d9105c1c0e38ed,j3gfbsw1fv,506.0,8.4,https://embed-cloudfront.wistia.com/deliveries/95dfbb5dbbb0a67ea54c1c8a8e64cc01c4027790.m3u8,player,,wistia,video
Sigma 8.0 (DSA with Java),sigma-8-cpp-dsa,Flowcharts & Pseudocodes,Calculate Simple Interest,68fa3aa1e0d9105c1c0e38ec,i7imncqf0f,296.0,4.9,https://embed-cloudfront.wistia.com/deliveries/95dfbb5dbbb0a67ea54c1c8a8e64cc01c4027790.m3u8,player,,wistia,video
Sigma 8.0 (DSA with Java),sigma-8-cpp-dsa,Flowcharts & Pseudocodes,Sum of 2 Numbers,68fa3aa1e0d9105c1c0e38eb,kyi4sxcsv8,211.0,3.5,https://embed-cloudfront.wistia.com/deliveries/95dfbb5dbbb0a67ea54c1c8a8e64cc01c4027790.m3u8,player,,wistia,video
Sigma 8.0 (DSA with Java),sigma-8-cpp-dsa,Flowcharts & Pseudocodes,Flowchart Components,68fa3aa1e0d9105c1c0e38ea,d3c9uzve18,353.0,5.9,https://embed-cloudfront.wistia.com/deliveries/95dfbb5dbbb0a67ea54c1c8a8e64cc01c4027790.m3u8,player,,wistia,video
Sigma 8.0 (DSA with Java),sigma-8-cpp-dsa,Flowcharts & Pseudocodes,What are Flowcharts-,68fa3aa1e0d9105c1c0e38e9,mqmoqg93er,253.0,4.2,https://embed-cloudfront.wistia.com/deliveries/95dfbb5dbbb0a67ea54c1c8a8e64cc01c4027790.m3u8,player,,wistia,video
Sigma 8.0 (DSA with Java),sigma-8-cpp-dsa,Prerequisites - Installation Resources,What to Install- (on your laptop-computer),68fa3aa0e0d9105c1c0e38e7,au23x1utq4,205.0,3.4,https://embed-cloudfront.wistia.com/deliveries/95dfbb5dbbb0a67ea54c1c8a8e64cc01c4027790.m3u8,player,,wistia,video
Sigma 8.0 (DSA with Java),sigma-8-cpp-dsa,Course Introduction,Prerequisites,68fa3aa0e0d9105c1c0e38e6,l4cgrlbf60,308.0,5.1,https://embed-cloudfront.wistia.com/deliveries/95dfbb5dbbb0a67ea54c1c8a8e64cc01c4027790.m3u8,player,,wistia,video
Sigma 8.0 (DSA with Java),sigma-8-cpp-dsa,Course Introduction,What will you learn-,68fa3aa0e0d9105c1c0e38e5,cv5z9skt18,60.0,1.0,https://embed-cloudfront.wistia.com/deliveries/95dfbb5dbbb0a67ea54c1c8a8e64cc01c4027790.m3u8,player,,wistia,video
Sigma 8.0 (DSA with Java),sigma-8-cpp-dsa,Course Introduction,Path to Placement,68fa3aa0e0d9105c1c0e38e4,xuzb9xio1t,248.0,4.1,https://embed-cloudfront.wistia.com/deliveries/95dfbb5dbbb0a67ea54c1c8a8e64cc01c4027790.m3u8,player,,wistia,video
Sigma 8.0 (Live Session Recordings),sigma-8-java-dsa,Live Practice Sessions (Java),Practice Session 47 (Recording),698df954100b00ef2d0f6da3,cxwxx7znxt,4510.0,75.2,https://embed-cloudfront.wistia.com/deliveries/969f6a39aeb74d2d621eceb5f99bb636c86892bf.m3u8,player,,wistia,video
Sigma 8.0 (Live Session Recordings),sigma-8-java-dsa,Live Practice Sessions (C++),Practice Session 51 (Recording),6986095d45cf4d21b803f7b3,nnw7iahcu8,4799.0,80.0,https://embed-cloudfront.wistia.com/deliveries/969f6a39aeb74d2d621eceb5f99bb636c86892bf.m3u8,player,,wistia,video
Sigma 8.0 (Live Session Recordings),sigma-8-java-dsa,Live Practice Sessions (C++),Practice Session 50 (Recording),69820f0c535e8c329c0cd315,7519pwclgx,5078.0,84.6,https://embed-cloudfront.wistia.com/deliveries/969f6a39aeb74d2d621eceb5f99bb636c86892bf.m3u8,player,,wistia,video
Sigma 8.0 (Live Session Recordings),sigma-8-java-dsa,Live Practice Sessions (C++),Practice Session 49 (Recording),69820eef170d19dda20a5027,9cgjvzjizn,4446.0,74.1,https://embed-cloudfront.wistia.com/deliveries/969f6a39aeb74d2d621eceb5f99bb636c86892bf.m3u8,player,,wistia,video
Sigma 8.0 (Live Session Recordings),sigma-8-java-dsa,Live Practice Sessions (C++),Practice Session 48 (Recording),69820ece56f11e4ad80bd7c6,22orr9r73v,4935.0,82.2,https://embed-cloudfront.wistia.com/deliveries/969f6a39aeb74d2d621eceb5f99bb636c86892bf.m3u8,player,,wistia,video
Sigma 8.0 (Live Session Recordings),sigma-8-java-dsa,Live Practice Sessions (C++),Practice Session 47 (Recording),697b8b3edac75425e40f4f45,qk8oj1kqd8,5348.0,89.1,https://embed-cloudfront.wistia.com/deliveries/969f6a39aeb74d2d621eceb5f99bb636c86892bf.m3u8,player,,wistia,video
Sigma 8.0 (Live Session Recordings),sigma-8-java-dsa,Live Practice Sessions (Java),Practice Session 46 (Recording),697b8b1f1dadf134d60e2073,y9y35k3fwf,4530.0,75.5,https://embed-cloudfront.wistia.com/deliveries/969f6a39aeb74d2d621eceb5f99bb636c86892bf.m3u8,player,,wistia,video
Sigma 8.0 (Live Session Recordings),sigma-8-java-dsa,Live Practice Sessions (Java),Practice Session 45 (Recording),6978e1034714fa6c2d0628f6,73xvu85oc7,5053.0,84.2,https://embed-cloudfront.wistia.com/deliveries/969f6a39aeb74d2d621eceb5f99bb636c86892bf.m3u8,player,,wistia,video
Sigma 8.0 (Live Session Recordings),sigma-8-java-dsa,Live Practice Sessions (Java),Practice Session 44 (Recording),6978b9a56556d137d809aa37,tacqh6xl5q,5938.0,99.0,https://embed-cloudfront.wistia.com/deliveries/969f6a39aeb74d2d621eceb5f99bb636c86892bf.m3u8,player,,wistia,video
Sigma 8.0 (Live Session Recordings),sigma-8-java-dsa,Live Practice Sessions (C++),Practice Session 46 (Recording),6978b969a06c3d2a2e0f7eb6,9f1j6f56ea,4176.0,69.6,https://embed-cloudfront.wistia.com/deliveries/969f6a39aeb74d2d621eceb5f99bb636c86892bf.m3u8,player,,wistia,video
Sigma 8.0 (Live Session Recordings),sigma-8-java-dsa,Live Practice Sessions (C++),Practice Session 45 (Recording),6978b9089f15544783010799,7rqfjuyina,5250.0,87.5,https://embed-cloudfront.wistia.com/deliveries/969f6a39aeb74d2d621eceb5f99bb636c86892bf.m3u8,player,,wistia,video
Sigma 8.0 (Live Session Recordings),sigma-8-java-dsa,Live Practice Sessions (C++),Practice Session 44 (Recording),6978b8b0925bcb802d0a7b06,lsxjmex0qc,5670.0,94.5,https://embed-cloudfront.wistia.com/deliveries/969f6a39aeb74d2d621eceb5f99bb636c86892bf.m3u8,player,,wistia,video
Sigma 8.0 (Live Session Recordings),sigma-8-java-dsa,Live Practice Sessions (Java),Practice Session 43 (Recording),6978b7ce56363d849608aec6,uvlznuy1d7,5574.0,92.9,https://embed-cloudfront.wistia.com/deliveries/969f6a39aeb74d2d621eceb5f99bb636c86892bf.m3u8,player,,wistia,video
Sigma 8.0 (Live Session Recordings),sigma-8-java-dsa,Live Practice Sessions (C++),Practice Session 43 (Recording),6971e7c19afc8fa26b088af6,mhcmc28nh6,4795.0,79.9,https://embed-cloudfront.wistia.com/deliveries/969f6a39aeb74d2d621eceb5f99bb636c86892bf.m3u8,player,,wistia,video
Sigma 8.0 (Live Session Recordings),sigma-8-java-dsa,Live Practice Sessions (Java),Practice Session 42 (Recording),6971e79defe48c1b2907c646,ky8zde1qky,5135.0,85.6,https://embed-cloudfront.wistia.com/deliveries/969f6a39aeb74d2d621eceb5f99bb636c86892bf.m3u8,player,,wistia,video
Sigma 8.0 (Live Session Recordings),sigma-8-java-dsa,Live Practice Sessions (C++),Practice Session 42 (Recording),696e719500ff1eae2b02c705,qujovmyfcc,5088.0,84.8,https://embed-cloudfront.wistia.com/deliveries/969f6a39aeb74d2d621eceb5f99bb636c86892bf.m3u8,player,,wistia,video
Sigma 8.0 (Live Session Recordings),sigma-8-java-dsa,Live Practice Sessions (Java),Practice Session 41 (Recording),696e7122eb01b2a4a6034ba5,ilyc6txiyu,5217.0,87.0,https://embed-cloudfront.wistia.com/deliveries/969f6a39aeb74d2d621eceb5f99bb636c86892bf.m3u8,player,,wistia,video
Sigma 8.0 (Live Session Recordings),sigma-8-java-dsa,Live Practice Sessions (C++),Practice Session 41 (Recording),696cdf52a3dd0d15cc0523f5,ysj5c24ppj,5029.0,83.8,https://embed-cloudfront.wistia.com/deliveries/969f6a39aeb74d2d621eceb5f99bb636c86892bf.m3u8,player,,wistia,video
Sigma 8.0 (Live Session Recordings),sigma-8-java-dsa,Live Practice Sessions (Java),Practice Session 40 (Recording),696cdf37c309048e6a06ceb5,oq0lmirhsi,4968.0,82.8,https://embed-cloudfront.wistia.com/deliveries/969f6a39aeb74d2d621eceb5f99bb636c86892bf.m3u8,player,,wistia,video
Sigma 8.0 (Live Session Recordings),sigma-8-java-dsa,Live Practice Sessions (Java),Practice Session 39 (Recording),69691d487185cf788d081525,gmyn8jkgx8,4792.0,79.9,https://embed-cloudfront.wistia.com/deliveries/969f6a39aeb74d2d621eceb5f99bb636c86892bf.m3u8,player,,wistia,video
Sigma 8.0 (Live Session Recordings),sigma-8-java-dsa,Live Practice Sessions (C++),Practice Session 40 (Recording),696904c898dc1ab2660b2223,ydinm0y75w,5414.0,90.2,https://embed-cloudfront.wistia.com/deliveries/969f6a39aeb74d2d621eceb5f99bb636c86892bf.m3u8,player,,wistia,video
Sigma 8.0 (Live Session Recordings),sigma-8-java-dsa,Live Practice Sessions (Java),Practice Session 38 (Recording),69667e26b9718332ba080953,8agfexhy05,4383.0,73.0,https://embed-cloudfront.wistia.com/deliveries/969f6a39aeb74d2d621eceb5f99bb636c86892bf.m3u8,player,,wistia,video
Sigma 8.0 (Live Session Recordings),sigma-8-java-dsa,Live Practice Sessions (Java),Practice Session 37 (Recording),69667c2de0f17e59be0a89d7,u988shwzun,5693.0,94.9,https://embed-cloudfront.wistia.com/deliveries/969f6a39aeb74d2d621eceb5f99bb636c86892bf.m3u8,player,,wistia,video
Sigma 8.0 (Live Session Recordings),sigma-8-java-dsa,Live Practice Sessions (C++),Practice Session 39 (Recording),69667c55e30948dd2d019fe5,np2ov45vq5,4604.0,76.7,https://embed-cloudfront.wistia.com/deliveries/969f6a39aeb74d2d621eceb5f99bb636c86892bf.m3u8,player,,wistia,video
Sigma 8.0 (Live Session Recordings),sigma-8-java-dsa,Live Practice Sessions (C++),Practice Session 38 (Recording),69667baff2e81fa1260fb618,pix32fxbov,5111.0,85.2,https://embed-cloudfront.wistia.com/deliveries/969f6a39aeb74d2d621eceb5f99bb636c86892bf.m3u8,player,,wistia,video
Sigma 8.0 (Live Session Recordings),sigma-8-java-dsa,Live Practice Sessions (C++),Practice Session 37 (Recording),69667b781bd0ac63ee0a0df3,v99sujmfpq,5985.0,99.8,https://embed-cloudfront.wistia.com/deliveries/969f6a39aeb74d2d621eceb5f99bb636c86892bf.m3u8,player,,wistia,video
Sigma 8.0 (Live Session Recordings),sigma-8-java-dsa,Live Practice Sessions (Java),Practice Session 36 (Recording),69667ab9e44cba9cbb0f4e05,zbybel16a2,4853.0,80.9,https://embed-cloudfront.wistia.com/deliveries/969f6a39aeb74d2d621eceb5f99bb636c86892bf.m3u8,player,,wistia,video
Sigma 8.0 (Live Session Recordings),sigma-8-java-dsa,Live Practice Sessions (C++),Practice Session 36 (Recording),695e686a20170d3ad2036a05,56xnqlbqtj,6062.0,101.0,https://embed-cloudfront.wistia.com/deliveries/969f6a39aeb74d2d621eceb5f99bb636c86892bf.m3u8,player,,wistia,video
Sigma 8.0 (Live Session Recordings),sigma-8-java-dsa,Live Practice Sessions (Java),Practice Session 35 (Recording),695e6844a2e3dff6ce0ebc43,c038vwgh5z,5145.0,85.8,https://embed-cloudfront.wistia.com/deliveries/969f6a39aeb74d2d621eceb5f99bb636c86892bf.m3u8,player,,wistia,video
Sigma 8.0 (Live Session Recordings),sigma-8-java-dsa,Live Practice Sessions (C++),Practice Session 35 (Recording),695bcf4cec33f560080903e6,w5wi10qsf9,5861.0,97.7,https://embed-cloudfront.wistia.com/deliveries/969f6a39aeb74d2d621eceb5f99bb636c86892bf.m3u8,player,,wistia,video
Sigma 8.0 (Live Session Recordings),sigma-8-java-dsa,Live Practice Sessions (Java),Practice Session 34 (Recording),695bcf70347b5d60fd080215,usmz2k40ha,5470.0,91.2,https://embed-cloudfront.wistia.com/deliveries/969f6a39aeb74d2d621eceb5f99bb636c86892bf.m3u8,player,,wistia,video
Sigma 8.0 (Live Session Recordings),sigma-8-java-dsa,Live Practice Sessions (Java),Practice Session 33 (Recording),695935856d31b56a180d2128,jieen862xo,5001.0,83.3,https://embed-cloudfront.wistia.com/deliveries/969f6a39aeb74d2d621eceb5f99bb636c86892bf.m3u8,player,,wistia,video
Sigma 8.0 (Live Session Recordings),sigma-8-java-dsa,Live Practice Sessions (Java),Practice Session 31 (Recording),6953de9a0d2628fb76020d35,wy2cymudjw,5446.0,90.8,https://embed-cloudfront.wistia.com/deliveries/969f6a39aeb74d2d621eceb5f99bb636c86892bf.m3u8,player,,wistia,video
Sigma 8.0 (Live Session Recordings),sigma-8-java-dsa,Live Practice Sessions (C++),Practice Session 34 (Recording),6953df291074749bdd0f66c5,zos0rvx54c,5102.0,85.0,https://embed-cloudfront.wistia.com/deliveries/969f6a39aeb74d2d621eceb5f99bb636c86892bf.m3u8,player,,wistia,video
Sigma 8.0 (Live Session Recordings),sigma-8-java-dsa,Live Practice Sessions (Java),Practice Session 32 (Recording),6953debcdc7f3154e107afd8,qvtvcjxrta,5003.0,83.4,https://embed-cloudfront.wistia.com/deliveries/969f6a39aeb74d2d621eceb5f99bb636c86892bf.m3u8,player,,wistia,video
Sigma 8.0 (Live Session Recordings),sigma-8-java-dsa,Live Practice Sessions (C++),Practice Session 33 (Recording),695100ff624be03b2e01c006,2z2x76jqh3,4914.0,81.9,https://embed-cloudfront.wistia.com/deliveries/969f6a39aeb74d2d621eceb5f99bb636c86892bf.m3u8,player,,wistia,video
Sigma 8.0 (Live Session Recordings),sigma-8-java-dsa,Live Practice Sessions (C++),Practice Session 32 (Recording),694eaedbd0864c3bd1044d73,h61appch1g,3994.0,66.6,https://embed-cloudfront.wistia.com/deliveries/969f6a39aeb74d2d621eceb5f99bb636c86892bf.m3u8,player,,wistia,video
Sigma 8.0 (Live Session Recordings),sigma-8-java-dsa,Live Practice Sessions (C++),Practice Session 31 (Recording),694c074152baa2bfe50e6735,ao64wtjc4f,4129.0,68.8,https://embed-cloudfront.wistia.com/deliveries/969f6a39aeb74d2d621eceb5f99bb636c86892bf.m3u8,player,,wistia,video
Sigma 8.0 (Live Session Recordings),sigma-8-java-dsa,Live Practice Sessions (C++),Practice Session 30 (Recording),694a8946e0202c74dc0a8155,yaxnrthk3p,5044.0,84.1,https://embed-cloudfront.wistia.com/deliveries/969f6a39aeb74d2d621eceb5f99bb636c86892bf.m3u8,player,,wistia,video
Sigma 8.0 (Live Session Recordings),sigma-8-java-dsa,Live Practice Sessions (Java),Practice Session 30 (Recording),694a8920fdfe1cf60700fbc3,s1eazywd0q,4877.0,81.3,https://embed-cloudfront.wistia.com/deliveries/969f6a39aeb74d2d621eceb5f99bb636c86892bf.m3u8,player,,wistia,video
Sigma 8.0 (Live Session Recordings),sigma-8-java-dsa,Live Practice Sessions (C++),Practice Session 29 (Recording),694a8863eba1352ecf0618e6,c9crasm0zs,5113.0,85.2,https://embed-cloudfront.wistia.com/deliveries/969f6a39aeb74d2d621eceb5f99bb636c86892bf.m3u8,player,,wistia,video
Sigma 8.0 (Live Session Recordings),sigma-8-java-dsa,Live Practice Sessions (Java),Practice Session 29 (Recording),69465b7b3e819bdeaf09f0e7,f0o5onj596,4854.0,80.9,https://embed-cloudfront.wistia.com/deliveries/969f6a39aeb74d2d621eceb5f99bb636c86892bf.m3u8,player,,wistia,video
Sigma 8.0 (Live Session Recordings),sigma-8-java-dsa,Live Practice Sessions (C++),Practice Session 28 (Recording),69444556597f72ee1a0cd437,ggoeqhfeqk,4976.0,82.9,https://embed-cloudfront.wistia.com/deliveries/969f6a39aeb74d2d621eceb5f99bb636c86892bf.m3u8,player,,wistia,video
Sigma 8.0 (Live Session Recordings),sigma-8-java-dsa,Live Practice Sessions (Java),Practice Session 28 (Recording),6943f10effe3e201650b8135,n5z22kzg7i,5687.0,94.8,https://embed-cloudfront.wistia.com/deliveries/969f6a39aeb74d2d621eceb5f99bb636c86892bf.m3u8,player,,wistia,video
Sigma 8.0 (Live Session Recordings),sigma-8-java-dsa,Live Practice Sessions (Java),Practice Session 27 (Recording),6943f0c9b40dca53f4031575,55v8gjqyag,5708.0,95.1,https://embed-cloudfront.wistia.com/deliveries/969f6a39aeb74d2d621eceb5f99bb636c86892bf.m3u8,player,,wistia,video
Sigma 8.0 (Live Session Recordings),sigma-8-java-dsa,Live Practice Sessions (C++),Practice Session 27 (Recording),6941230a67198a4666062aca,un2j9ykhau,4894.0,81.6,https://embed-cloudfront.wistia.com/deliveries/969f6a39aeb74d2d621eceb5f99bb636c86892bf.m3u8,player,,wistia,video
Sigma 8.0 (Live Session Recordings),sigma-8-java-dsa,Live Practice Sessions (Java),Practice Session 25 (Recording),694031777ea80382ba070736,4cac0sxjsa,5604.0,93.4,https://embed-cloudfront.wistia.com/deliveries/969f6a39aeb74d2d621eceb5f99bb636c86892bf.m3u8,player,,wistia,video
Sigma 8.0 (Live Session Recordings),sigma-8-java-dsa,Live Practice Sessions (Java),Practice Session 26 (Recording),694030e1a8f414c6fd03d706,ggp3j5hc3l,4808.0,80.1,https://embed-cloudfront.wistia.com/deliveries/969f6a39aeb74d2d621eceb5f99bb636c86892bf.m3u8,player,,wistia,video
Sigma 8.0 (Live Session Recordings),sigma-8-java-dsa,Live Practice Sessions (C++),Practice Session 26 (Recording),694030571a5d4e90a20c09be,ugks3ysgvz,4865.0,81.1,https://embed-cloudfront.wistia.com/deliveries/969f6a39aeb74d2d621eceb5f99bb636c86892bf.m3u8,player,,wistia,video
Sigma 8.0 (Live Session Recordings),sigma-8-java-dsa,Live Practice Sessions (C++),Practice Session 25 (Recording),694030127e056686c4037979,e3eago94ct,5211.0,86.8,https://embed-cloudfront.wistia.com/deliveries/969f6a39aeb74d2d621eceb5f99bb636c86892bf.m3u8,player,,wistia,video
Sigma 8.0 (Live Session Recordings),sigma-8-java-dsa,Live Practice Sessions (Java),Practice Session 24 (Recording),69398cef1ceab46543058026,xsp6xs5rcm,5229.0,87.2,https://embed-cloudfront.wistia.com/deliveries/969f6a39aeb74d2d621eceb5f99bb636c86892bf.m3u8,player,,wistia,video
Sigma 8.0 (Live Session Recordings),sigma-8-java-dsa,Live Practice Sessions (C++),Practice Session 24 (Recording),69398cbd93782be82c026f06,xtawk7xjjb,3893.0,64.9,https://embed-cloudfront.wistia.com/deliveries/969f6a39aeb74d2d621eceb5f99bb636c86892bf.m3u8,player,,wistia,video
Sigma 8.0 (Live Session Recordings),sigma-8-java-dsa,Live Practice Sessions (C++),Practice Session 23 (Recording),693695c87f75ed7d550be665,y1tl3m4cay,4870.0,81.2,https://embed-cloudfront.wistia.com/deliveries/969f6a39aeb74d2d621eceb5f99bb636c86892bf.m3u8,player,,wistia,video
Sigma 8.0 (Live Session Recordings),sigma-8-java-dsa,Live Practice Sessions (Java),Practice Session 23 (Recording),693695abe913273d34069135,i2hf2rwn2g,5207.0,86.8,https://embed-cloudfront.wistia.com/deliveries/969f6a39aeb74d2d621eceb5f99bb636c86892bf.m3u8,player,,wistia,video
Sigma 8.0 (Live Session Recordings),sigma-8-java-dsa,Live Practice Sessions (C++),Practice Session 22 (Recording),69340dd6bcf5a7170e033b15,0bzxaiqpzn,4341.0,72.3,https://embed-cloudfront.wistia.com/deliveries/969f6a39aeb74d2d621eceb5f99bb636c86892bf.m3u8,player,,wistia,video
Sigma 8.0 (Live Session Recordings),sigma-8-java-dsa,Live Practice Sessions (Java),Practice Session 22 (Recording),69340dae615d68faf1017149,yhi5tlg7h2,5177.0,86.3,https://embed-cloudfront.wistia.com/deliveries/969f6a39aeb74d2d621eceb5f99bb636c86892bf.m3u8,player,,wistia,video
Sigma 8.0 (Live Session Recordings),sigma-8-java-dsa,Live Practice Sessions (Java),Practice Session 21 (Recording),69317185bbba3b2819091de9,87ialgfg12,4991.0,83.2,https://embed-cloudfront.wistia.com/deliveries/969f6a39aeb74d2d621eceb5f99bb636c86892bf.m3u8,player,,wistia,video
Sigma 8.0 (Live Session Recordings),sigma-8-java-dsa,Live Practice Sessions (C++),Practice Session 21 (Recording),6931716b8b3d04ad2e059cd5,a3zknrmse2,5005.0,83.4,https://embed-cloudfront.wistia.com/deliveries/969f6a39aeb74d2d621eceb5f99bb636c86892bf.m3u8,player,,wistia,video
Sigma 8.0 (Live Session Recordings),sigma-8-java-dsa,Live Practice Sessions (Java),Practice Session 20 (Recording),692ef709630188016a0ef873,2krpnjv1ok,5447.0,90.8,https://embed-cloudfront.wistia.com/deliveries/969f6a39aeb74d2d621eceb5f99bb636c86892bf.m3u8,player,,wistia,video
Sigma 8.0 (Live Session Recordings),sigma-8-java-dsa,Live Practice Sessions (C++),Practice Session 20 (Recording),692ef6de1ed7c1f82a0fff48,t1wep6k478,4179.0,69.7,https://embed-cloudfront.wistia.com/deliveries/969f6a39aeb74d2d621eceb5f99bb636c86892bf.m3u8,player,,wistia,video
Sigma 8.0 (Live Session Recordings),sigma-8-java-dsa,Live Practice Sessions (C++),Practice Session 19 (Recording),692c641092f799e30f088d73,ael5xjr1nu,3449.0,57.5,https://embed-cloudfront.wistia.com/deliveries/969f6a39aeb74d2d621eceb5f99bb636c86892bf.m3u8,player,,wistia,video
Sigma 8.0 (Live Session Recordings),sigma-8-java-dsa,Live Practice Sessions (Java),Practice Session 19 (Recording),692c63e788a65fbb1002f6d7,4vbfh2fl6c,5342.0,89.0,https://embed-cloudfront.wistia.com/deliveries/969f6a39aeb74d2d621eceb5f99bb636c86892bf.m3u8,player,,wistia,video
Sigma 8.0 (Live Session Recordings),sigma-8-java-dsa,Live Practice Sessions (C++),Practice Session 18 (Recording),692b088f7c6b1deddf0923c5,jq2j393kcd,6137.0,102.3,https://embed-cloudfront.wistia.com/deliveries/969f6a39aeb74d2d621eceb5f99bb636c86892bf.m3u8,player,,wistia,video
Sigma 8.0 (Live Session Recordings),sigma-8-java-dsa,Live Practice Sessions (Java),Practice Session 18 (Recording),692961e04c701158010e6b57,v8eeombsj1,5582.0,93.0,https://embed-cloudfront.wistia.com/deliveries/969f6a39aeb74d2d621eceb5f99bb636c86892bf.m3u8,player,,wistia,video
Sigma 8.0 (Live Session Recordings),sigma-8-java-dsa,Live Practice Sessions (C++),Practice Session 17 (Recording),6927395ff308505559085f65,xxegjblnfk,4667.0,77.8,https://embed-cloudfront.wistia.com/deliveries/969f6a39aeb74d2d621eceb5f99bb636c86892bf.m3u8,player,,wistia,video
Sigma 8.0 (Live Session Recordings),sigma-8-java-dsa,Live Practice Sessions (Java),Practice Session 17 (Recording),69271ed3da75ddb34a0b46b7,cw0cagjrd3,5173.0,86.2,https://embed-cloudfront.wistia.com/deliveries/969f6a39aeb74d2d621eceb5f99bb636c86892bf.m3u8,player,,wistia,video
Sigma 8.0 (Live Session Recordings),sigma-8-java-dsa,Live Practice Sessions (Java),Practice Session 16 (Recording),69271ebdce3404b428034705,638tdqor2n,5940.0,99.0,https://embed-cloudfront.wistia.com/deliveries/969f6a39aeb74d2d621eceb5f99bb636c86892bf.m3u8,player,,wistia,video
Sigma 8.0 (Live Session Recordings),sigma-8-java-dsa,Live Practice Sessions (C++),Practice Session 16 (Recording),6924797b1fb35f787d0e5583,c1ts1c3t7p,5483.0,91.4,https://embed-cloudfront.wistia.com/deliveries/969f6a39aeb74d2d621eceb5f99bb636c86892bf.m3u8,player,,wistia,video
Sigma 8.0 (Live Session Recordings),sigma-8-java-dsa,Live Practice Sessions (Java),Practice Session 15 (Recording),6922fae91b30225f64087069,5gzbsm079n,4613.0,76.9,https://embed-cloudfront.wistia.com/deliveries/969f6a39aeb74d2d621eceb5f99bb636c86892bf.m3u8,player,,wistia,video
Sigma 8.0 (Live Session Recordings),sigma-8-java-dsa,Live Practice Sessions (Java),Practice Session 14 (Recording),6922fabac1b6a0d1d00f2395,dvnzb6znkr,5668.0,94.5,https://embed-cloudfront.wistia.com/deliveries/969f6a39aeb74d2d621eceb5f99bb636c86892bf.m3u8,player,,wistia,video
Sigma 8.0 (Live Session Recordings),sigma-8-java-dsa,Live Practice Sessions (Java),Practice Session 13 (Recording),691d58c86c86b5b8900bc8e9,na5jk5ed6y,4185.0,69.8,https://embed-cloudfront.wistia.com/deliveries/969f6a39aeb74d2d621eceb5f99bb636c86892bf.m3u8,player,,wistia,video
Sigma 8.0 (Live Session Recordings),sigma-8-java-dsa,Live Practice Sessions (C++),Practice Session 15 (Recording),6922f8522b5c9f7c0707d235,mcs933meor,5166.0,86.1,https://embed-cloudfront.wistia.com/deliveries/969f6a39aeb74d2d621eceb5f99bb636c86892bf.m3u8,player,,wistia,video
Sigma 8.0 (Live Session Recordings),sigma-8-java-dsa,Live Practice Sessions (C++),Practice Session 14 (Recording),6922f83bc4e5842031051415,quzcgswso9,5459.0,91.0,https://embed-cloudfront.wistia.com/deliveries/969f6a39aeb74d2d621eceb5f99bb636c86892bf.m3u8,player,,wistia,video
Sigma 8.0 (Live Session Recordings),sigma-8-java-dsa,Live Practice Sessions (C++),Practice Session 13 (Recording),691d58a0bcef1d41e50cb40c,ubdmy6axl0,5110.0,85.2,https://embed-cloudfront.wistia.com/deliveries/969f6a39aeb74d2d621eceb5f99bb636c86892bf.m3u8,player,,wistia,video
Sigma 8.0 (Live Session Recordings),sigma-8-java-dsa,Live Practice Sessions (Java),Practice Session 12 (Recording),691adc51882e1084950bb247,0rjho7fzyx,5397.0,90.0,https://embed-cloudfront.wistia.com/deliveries/969f6a39aeb74d2d621eceb5f99bb636c86892bf.m3u8,player,,wistia,video
Sigma 8.0 (Live Session Recordings),sigma-8-java-dsa,Live Practice Sessions (C++),Practice Session 12 (Recording),691a1421c8c85906d60cd586,i4e82pzuc3,5297.0,88.3,https://embed-cloudfront.wistia.com/deliveries/969f6a39aeb74d2d621eceb5f99bb636c86892bf.m3u8,player,,wistia,video
Sigma 8.0 (Live Session Recordings),sigma-8-java-dsa,Live Practice Sessions (Java),Practice Session 11 (Recording),69161f261b1b08a0350bc015,a59tauyvrg,4003.0,66.7,https://embed-cloudfront.wistia.com/deliveries/969f6a39aeb74d2d621eceb5f99bb636c86892bf.m3u8,player,,wistia,video
Sigma 8.0 (Live Session Recordings),sigma-8-java-dsa,Live Practice Sessions (C++),Practice Session 11 (Recording),691619d5a4abae720b0d1b46,od9jrn5ip3,3691.0,61.5,https://embed-cloudfront.wistia.com/deliveries/969f6a39aeb74d2d621eceb5f99bb636c86892bf.m3u8,player,,wistia,video
Sigma 8.0 (Live Session Recordings),sigma-8-java-dsa,Live Practice Sessions (C++),Practice Session 10 (Recording),6914ac6478e38548e50284a6,pstrrx1ybr,5121.0,85.3,https://embed-cloudfront.wistia.com/deliveries/969f6a39aeb74d2d621eceb5f99bb636c86892bf.m3u8,player,,wistia,video
Sigma 8.0 (Live Session Recordings),sigma-8-java-dsa,Live Practice Sessions (Java),Practice Session 10 (Recording),6914ac2699c815bee00829a9,b2yiiaxis9,5140.0,85.7,https://embed-cloudfront.wistia.com/deliveries/969f6a39aeb74d2d621eceb5f99bb636c86892bf.m3u8,player,,wistia,video
Sigma 8.0 (Live Session Recordings),sigma-8-java-dsa,Live Practice Sessions (C++),Practice Session 7 (Recording),690edd2f8ddc35e07e0ccb03,2qeb396eag,5880.0,98.0,https://embed-cloudfront.wistia.com/deliveries/969f6a39aeb74d2d621eceb5f99bb636c86892bf.m3u8,player,,wistia,video
Sigma 8.0 (Live Session Recordings),sigma-8-java-dsa,Live Practice Sessions (Java),Practice Session 9 (Recording),69119686ed1c5d40360a6427,1784xbdlle,5322.0,88.7,https://embed-cloudfront.wistia.com/deliveries/969f6a39aeb74d2d621eceb5f99bb636c86892bf.m3u8,player,,wistia,video
Sigma 8.0 (Live Session Recordings),sigma-8-java-dsa,Live Practice Sessions (C++),Practice Session 9 (Recording),69119667b10a7e23c60db017,jpv6uhazu6,4592.0,76.5,https://embed-cloudfront.wistia.com/deliveries/969f6a39aeb74d2d621eceb5f99bb636c86892bf.m3u8,player,,wistia,video
Sigma 8.0 (Live Session Recordings),sigma-8-java-dsa,Live Practice Sessions (C++),Practice Session 8 (Recording),690efac31dfa48ead80def56,eixvxnmf1r,5616.0,93.6,https://embed-cloudfront.wistia.com/deliveries/969f6a39aeb74d2d621eceb5f99bb636c86892bf.m3u8,player,,wistia,video
Sigma 8.0 (Live Session Recordings),sigma-8-java-dsa,Live Practice Sessions (Java),Practice Session 8 (Recording),690efaa53d01d6396502adf8,hygcot6dxv,5860.0,97.7,https://embed-cloudfront.wistia.com/deliveries/969f6a39aeb74d2d621eceb5f99bb636c86892bf.m3u8,player,,wistia,video
Sigma 8.0 (Live Session Recordings),sigma-8-java-dsa,Live Practice Sessions (Java),Practice Session 7 (Recording),690cb40e536b0328f50d7a87,m6pq8nhnfk,4851.0,80.8,https://embed-cloudfront.wistia.com/deliveries/969f6a39aeb74d2d621eceb5f99bb636c86892bf.m3u8,player,,wistia,video
Sigma 8.0 (Live Session Recordings),sigma-8-java-dsa,Live Practice Sessions (Java),Practice Session 6 (Recording),69091381b2c2c6580d0623ca,oin9kin1dl,3776.0,62.9,https://embed-cloudfront.wistia.com/deliveries/969f6a39aeb74d2d621eceb5f99bb636c86892bf.m3u8,player,,wistia,video
Sigma 8.0 (Live Session Recordings),sigma-8-java-dsa,Live Practice Sessions (C++),Practice Session 6 (Recording),6908ca67ba0133ab81098ff8,4qeiv1t9zy,5319.0,88.7,https://embed-cloudfront.wistia.com/deliveries/969f6a39aeb74d2d621eceb5f99bb636c86892bf.m3u8,player,,wistia,video
Sigma 8.0 (Live Session Recordings),sigma-8-java-dsa,Live Practice Sessions (C++),Practice Session 5 (Recording),6908bd48bac2f4bb610c6f76,8jcbw187iy,4052.0,67.5,https://embed-cloudfront.wistia.com/deliveries/969f6a39aeb74d2d621eceb5f99bb636c86892bf.m3u8,player,,wistia,video
Sigma 8.0 (Live Session Recordings),sigma-8-java-dsa,Live Practice Sessions (Java),Practice Session 5 (Recording),6908bd1578bd0ca25d0b0137,guuqoe5gcn,4881.0,81.3,https://embed-cloudfront.wistia.com/deliveries/969f6a39aeb74d2d621eceb5f99bb636c86892bf.m3u8,player,,wistia,video
Sigma 8.0 (Live Session Recordings),sigma-8-java-dsa,Live Practice Sessions (Java),Practice Session 4 (Recording),6908bb4da1d9e9901c0dccb7,zi050w6zqr,2875.0,47.9,https://embed-cloudfront.wistia.com/deliveries/969f6a39aeb74d2d621eceb5f99bb636c86892bf.m3u8,player,,wistia,video
Sigma 8.0 (Live Session Recordings),sigma-8-java-dsa,Live Practice Sessions (C++),Practice Session 4 (Recording),6908bab4346c752e60020bc6,f3s4cmlvht,5742.0,95.7,https://embed-cloudfront.wistia.com/deliveries/969f6a39aeb74d2d621eceb5f99bb636c86892bf.m3u8,player,,wistia,video
Sigma 8.0 (Live Session Recordings),sigma-8-java-dsa,Live Practice Sessions (C++),Practice Session 3 (Recording),6908ba550376549d2c029db8,809bxkz383,4769.0,79.5,https://embed-cloudfront.wistia.com/deliveries/969f6a39aeb74d2d621eceb5f99bb636c86892bf.m3u8,player,,wistia,video
Sigma 8.0 (Live Session Recordings),sigma-8-java-dsa,Live Practice Sessions (Java),Practice Session 3 (Recording),690218a6fedff545920a43d8,r7jckvuotq,3342.0,55.7,https://embed-cloudfront.wistia.com/deliveries/969f6a39aeb74d2d621eceb5f99bb636c86892bf.m3u8,player,,wistia,video
Sigma 8.0 (Live Session Recordings),sigma-8-java-dsa,Live Practice Sessions (Java),Practice Session 2 (Recording),6900d6fec3c9196dcd06d8b3,r0dq7spl8v,5540.0,92.3,https://embed-cloudfront.wistia.com/deliveries/969f6a39aeb74d2d621eceb5f99bb636c86892bf.m3u8,player,,wistia,video
Sigma 8.0 (Live Session Recordings),sigma-8-java-dsa,Live Practice Sessions (C++),Practice Session 2 (Recording),6900d718f32d8331de03d593,mxkoeb6d2g,4655.0,77.6,https://embed-cloudfront.wistia.com/deliveries/969f6a39aeb74d2d621eceb5f99bb636c86892bf.m3u8,player,,wistia,video
Sigma 8.0 (Live Session Recordings),sigma-8-java-dsa,Live Practice Sessions (C++),Practice Session 1 (Recording),68fc7ffed38a12c4ff0c03d5,pg4nr45jy0,5728.0,95.5,https://embed-cloudfront.wistia.com/deliveries/969f6a39aeb74d2d621eceb5f99bb636c86892bf.m3u8,player,,wistia,video
Sigma 8.0 (Live Session Recordings),sigma-8-java-dsa,Live Practice Sessions (Java),Practice Session 1 (Recording),68fc7fd6d37302a273048e05,iduhagzvy6,4968.0,82.8,https://embed-cloudfront.wistia.com/deliveries/969f6a39aeb74d2d621eceb5f99bb636c86892bf.m3u8,player,,wistia,video
Sigma 8.0 (Live Session Recordings),sigma-8-java-dsa,Live Mentorship Sessions,Resume Building Mentorship Session,68f8ad2a61d56601f60a6a5b,sryy3fgk3x,9171.0,152.8,https://embed-cloudfront.wistia.com/deliveries/969f6a39aeb74d2d621eceb5f99bb636c86892bf.m3u8,player,,wistia,video
Sigma 8.0 (Live Session Recordings),sigma-8-java-dsa,Live Mentorship Sessions,GSoC Mentorship Session,68f8ad2a61d56601f60a6a5a,4kbuk83tpf,10403.0,173.4,https://embed-cloudfront.wistia.com/deliveries/969f6a39aeb74d2d621eceb5f99bb636c86892bf.m3u8,player,,wistia,video
Sigma 8.0 (Live Session Recordings),sigma-8-java-dsa,Live Mentorship Sessions,Placement & Internships Season 2025-26,68f8ad2a61d56601f60a6a59,agnh2sgnlz,10771.0,179.5,https://embed-cloudfront.wistia.com/deliveries/969f6a39aeb74d2d621eceb5f99bb636c86892bf.m3u8,player,,wistia,video
Sigma 8.0 (Live Session Recordings),sigma-8-java-dsa,Live Mentorship Sessions,Linkedin Mentorship Session by Aman sir,68f8ad2a61d56601f60a6a58,xev0d2xprc,11684.0,194.7,https://embed-cloudfront.wistia.com/deliveries/969f6a39aeb74d2d621eceb5f99bb636c86892bf.m3u8,player,,wistia,video
Sigma 8.0 (Live Session Recordings),sigma-8-java-dsa,Live Mentorship Sessions,Extra Live Session 2 (Recording),68f8ad2a61d56601f60a6a57,7fl30zv5yt,4512.0,75.2,https://embed-cloudfront.wistia.com/deliveries/969f6a39aeb74d2d621eceb5f99bb636c86892bf.m3u8,player,,wistia,video
Sigma 8.0 (Live Session Recordings),sigma-8-java-dsa,Live Mentorship Sessions,Extra Live Session 1 (Recording),68f8ad2a61d56601f60a6a56,4seewkt34o,7766.0,129.4,https://embed-cloudfront.wistia.com/deliveries/969f6a39aeb74d2d621eceb5f99bb636c86892bf.m3u8,player,,wistia,video
Sigma 8.0 (Live Session Recordings),sigma-8-java-dsa,Live Mentorship Sessions,Orientation Session (Recording),68f8ad2a61d56601f60a6a55,dm6cfw1nk5,7897.0,131.6,https://embed-cloudfront.wistia.com/deliveries/969f6a39aeb74d2d621eceb5f99bb636c86892bf.m3u8,player,,wistia,video
Sigma 8.0 (DSA with C++),sigma-8-live-recordings,Segment Trees,Range Min (Approach),6970e1bdaef93c2b0805b171,7bgeftw187,104.0,1.7,,,,wistia,video
Sigma 8.0 (DSA with C++),sigma-8-live-recordings,Segment Trees,Range Max ST (Update),6970e1bdaef93c2b0805b170,jozb52zby8,318.0,5.3,,,,wistia,video
Sigma 8.0 (DSA with C++),sigma-8-live-recordings,Segment Trees,Range Max ST (Query),6970e1bdaef93c2b0805b16f,7n9xwnppi1,429.0,7.2,,,,wistia,video
Sigma 8.0 (DSA with C++),sigma-8-live-recordings,Segment Trees,Range Max ST (Creation),6970e1bdaef93c2b0805b16e,e9nza7ll5h,650.0,10.8,,,,wistia,video
Sigma 8.0 (DSA with C++),sigma-8-live-recordings,Segment Trees,Update on Segment Tree (Code),6970e1bdaef93c2b0805b16d,jdg34nc0le,257.0,4.3,,,,wistia,video
Sigma 8.0 (DSA with C++),sigma-8-live-recordings,Segment Trees,Update on Segment Tree,6970e1bdaef93c2b0805b16c,38aaqqm5as,411.0,6.8,,,,wistia,video
Sigma 8.0 (DSA with C++),sigma-8-live-recordings,Segment Trees,Queries on Segment Tree (Code),6970e1bdaef93c2b0805b16b,x1ukcle20h,496.0,8.3,,,,wistia,video
Sigma 8.0 (DSA with C++),sigma-8-live-recordings,Segment Trees,Queries on Segment Tree,6970e1bdaef93c2b0805b16a,whhc331jg6,730.0,12.2,,,,wistia,video
Sigma 8.0 (DSA with C++),sigma-8-live-recordings,Segment Trees,Creating Segment Tree (Code),6970e1bdaef93c2b0805b169,8moeq617cu,322.0,5.4,,,,wistia,video
Sigma 8.0 (DSA with C++),sigma-8-live-recordings,Segment Trees,Creating Segment Tree (Approach),6970e1bdaef93c2b0805b168,yoeuate5uu,605.0,10.1,,,,wistia,video
Sigma 8.0 (DSA with C++),sigma-8-live-recordings,Segment Trees,Creating Segment Tree,6970e1bdaef93c2b0805b167,2sw1hvtnhj,278.0,4.6,,,,wistia,video
Sigma 8.0 (DSA with C++),sigma-8-live-recordings,Segment Trees,Meaning & Count of Nodes,6970e1bdaef93c2b0805b166,3uva3ymxgk,924.0,15.4,,,,wistia,video
Sigma 8.0 (DSA with C++),sigma-8-live-recordings,Segment Trees,Segment Trees Introduction,6970e1bdaef93c2b0805b165,ctg2xtl2fv,907.0,15.1,,,,wistia,video
Sigma 8.0 (DSA with C++),sigma-8-live-recordings,DP (Part 6),Minimum Partitioning (Code),6970e1bdaef93c2b0805b163,j5d3345w2h,250.0,4.2,,,,wistia,video
Sigma 8.0 (DSA with C++),sigma-8-live-recordings,DP (Part 6),Minimum Partitioning,6970e1bdaef93c2b0805b162,9w2pxscc94,641.0,10.7,,,,wistia,video
Sigma 8.0 (DSA with C++),sigma-8-live-recordings,DP (Part 6),MCM Code (Tabulation),6970e1bdaef93c2b0805b161,acc146npqy,297.0,5.0,,,,wistia,video
Sigma 8.0 (DSA with C++),sigma-8-live-recordings,DP (Part 6),MCM (Tabulation),6970e1bdaef93c2b0805b160,a5eov4dcqe,980.0,16.3,,,,wistia,video
Sigma 8.0 (DSA with C++),sigma-8-live-recordings,DP (Part 6),MCM (Memoization),6970e1bdaef93c2b0805b15f,jbwwlmkxjn,568.0,9.5,,,,wistia,video
Sigma 8.0 (DSA with C++),sigma-8-live-recordings,DP (Part 6),MCM Code (Recursion),6970e1bdaef93c2b0805b15e,dz301r9qgz,346.0,5.8,,,,wistia,video
Sigma 8.0 (DSA with C++),sigma-8-live-recordings,DP (Part 6),MCM (with Recursion),6970e1bdaef93c2b0805b15d,nuowfqzcoe,1422.0,23.7,,,,wistia,video
Sigma 8.0 (DSA with C++),sigma-8-live-recordings,DP (Part 6),Matrix Chain Multiplication,6970e1bdaef93c2b0805b15c,5v99qeny6p,585.0,9.8,,,,wistia,video
Sigma 8.0 (DSA with C++),sigma-8-live-recordings,DP (Part 6),Matrix Concepts (Basic Math),6970e1bdaef93c2b0805b15b,03fmql8agg,410.0,6.8,,,,wistia,video
Sigma 8.0 (DSA with C++),sigma-8-live-recordings,DP (Part 5),Mountain Ranges,6970e1bdaef93c2b0805b159,5x7536ll9h,789.0,13.2,,,,wistia,video
Sigma 8.0 (DSA with C++),sigma-8-live-recordings,DP (Part 5),Count BSTs from Nodes,6970e1bdaef93c2b0805b158,xvccuyexlg,930.0,15.5,,,,wistia,video
Sigma 8.0 (DSA with C++),sigma-8-live-recordings,DP (Part 5),Nth Catalan (Tabulation),6970e1bdaef93c2b0805b157,xumbm2uhkv,402.0,6.7,,,,wistia,video
Sigma 8.0 (DSA with C++),sigma-8-live-recordings,DP (Part 5),Nth Catalan (Memoization),6970e1bdaef93c2b0805b156,3qll8akti0,444.0,7.4,,,,wistia,video
Sigma 8.0 (DSA with C++),sigma-8-live-recordings,DP (Part 5),Nth Catalan (Recursion),6970e1bdaef93c2b0805b155,263w7ovbfx,507.0,8.4,,,,wistia,video
Sigma 8.0 (DSA with C++),sigma-8-live-recordings,DP (Part 5),Catalan's Number,6970e1bdaef93c2b0805b154,tptpc6ttzm,303.0,5.0,,,,wistia,video
Sigma 8.0 (DSA with C++),sigma-8-live-recordings,DP (Part 5),WildCard Matching (Bottom Up),6970e1bdaef93c2b0805b153,3eduu8qsfw,1044.0,17.4,,,,wistia,video
Sigma 8.0 (DSA with C++),sigma-8-live-recordings,DP (Part 5),WildCard Matching,6970e1bdaef93c2b0805b152,tbdkm7w8mm,1339.0,22.3,,,,wistia,video
Sigma 8.0 (DSA with C++),sigma-8-live-recordings,DP (Part 4),Edit Distance (Code),6970e1bdaef93c2b0805b151,dxozo5knw9,251.0,4.2,,,,wistia,video
Sigma 8.0 (DSA with C++),sigma-8-live-recordings,DP (Part 4),Edit Distance,6970e1bdaef93c2b0805b150,1a90334hu8,1498.0,25.0,,,,wistia,video
Sigma 8.0 (DSA with C++),sigma-8-live-recordings,DP (Part 4),Longest Increasing Subsequence (Code),6970e1bdaef93c2b0805b14f,j2xtoso6on,287.0,4.8,,,,wistia,video
Sigma 8.0 (DSA with C++),sigma-8-live-recordings,DP (Part 4),Longest Increasing Subsequence,6970e1bdaef93c2b0805b14e,h3gdjpc4v8,636.0,10.6,,,,wistia,video
Sigma 8.0 (DSA with C++),sigma-8-live-recordings,DP (Part 4),Longest Common Substring (Code),6970e1bdaef93c2b0805b14d,w2zjpkyft1,239.0,4.0,,,,wistia,video
Sigma 8.0 (DSA with C++),sigma-8-live-recordings,DP (Part 4),Longest Common Substring,6970e1bdaef93c2b0805b14c,izlbk0f6m0,1119.0,18.6,,,,wistia,video
Sigma 8.0 (DSA with C++),sigma-8-live-recordings,DP (Part 3),LCS (Tabulation),6970e1bdaef93c2b0805b14b,8nlw1bk3wt,635.0,10.6,,,,wistia,video
Sigma 8.0 (DSA with C++),sigma-8-live-recordings,DP (Part 3),LCS (Memoization),6970e1bdaef93c2b0805b14a,gq73rk6jhr,435.0,7.2,,,,wistia,video
Sigma 8.0 (DSA with C++),sigma-8-live-recordings,DP (Part 3),Longest Common Subsequence,6970e1bdaef93c2b0805b149,mj79509d7k,1334.0,22.2,,,,wistia,video
Sigma 8.0 (DSA with C++),sigma-8-live-recordings,DP (Part 3),Rod Cutting (Code),6970e1bdaef93c2b0805b148,nx2oszvdrp,242.0,4.0,,,,wistia,video
Sigma 8.0 (DSA with C++),sigma-8-live-recordings,DP (Part 3),Rod Cutting Problem,6970e1bdaef93c2b0805b147,9qpzdqsal1,699.0,11.7,,,,wistia,video
Sigma 8.0 (DSA with C++),sigma-8-live-recordings,DP (Part 3),Coin Change (Code),6970e1bdaef93c2b0805b146,rx6y5v6unz,313.0,5.2,,,,wistia,video
Sigma 8.0 (DSA with C++),sigma-8-live-recordings,DP (Part 3),Coin Change Problem,6970e1bdaef93c2b0805b145,q1rwmxyzzv,1171.0,19.5,,,,wistia,video
Sigma 8.0 (DSA with C++),sigma-8-live-recordings,DP (Part 2),Unbounded Knapsack,6970e1bdaef93c2b0805b144,cjm7jvenx0,888.0,14.8,,,,wistia,video
Sigma 8.0 (DSA with C++),sigma-8-live-recordings,DP (Part 2),Target Sum Subset,6970e1bdaef93c2b0805b143,p2kk1bzgu4,1386.0,23.1,,,,wistia,video
Sigma 8.0 (DSA with C++),sigma-8-live-recordings,DP (Part 2),0-1 Knapsack (Tabulation),6970e1bdaef93c2b0805b142,gjkxselkcj,1170.0,19.5,,,,wistia,video
Sigma 8.0 (DSA with C++),sigma-8-live-recordings,DP (Part 2),0-1 Knapsack (Memoization),6970e1bdaef93c2b0805b141,xvuzgirmob,1114.0,18.6,,,,wistia,video
Sigma 8.0 (DSA with C++),sigma-8-live-recordings,DP (Part 2),0-1 Knapsack (Recursion Code),6970e1bdaef93c2b0805b140,qgty78epea,1496.0,24.9,,,,wistia,video
Sigma 8.0 (DSA with C++),sigma-8-live-recordings,DP (Part 2),0-1 Knapsack,6970e1bdaef93c2b0805b13f,7cqawtgbxn,288.0,4.8,,,,wistia,video
Sigma 8.0 (DSA with C++),sigma-8-live-recordings,DP (Part 2),Knapsack Problems,6970e1bdaef93c2b0805b13e,fepkw5hsby,155.0,2.6,,,,wistia,video
Sigma 8.0 (DSA with C++),sigma-8-live-recordings,Dynamic Programming (DP Part 1),Variation of Climbing Stairs,6970e1bdaef93c2b0805b13d,hpr4k899ls,651.0,10.8,,,,wistia,video
Sigma 8.0 (DSA with C++),sigma-8-live-recordings,Dynamic Programming (DP Part 1),Climbing Stairs (Tabulation),6970e1bdaef93c2b0805b13c,kbi6qtansv,445.0,7.4,,,,wistia,video
Sigma 8.0 (DSA with C++),sigma-8-live-recordings,Dynamic Programming (DP Part 1),Climbing Stairs (Memoization),6970e1bdaef93c2b0805b13b,af7cjlwyqr,412.0,6.9,,,,wistia,video
Sigma 8.0 (DSA with C++),sigma-8-live-recordings,Dynamic Programming (DP Part 1),Climbing Stairs (Recursion),6970e1bdaef93c2b0805b13a,djr820o9ph,923.0,15.4,,,,wistia,video
Sigma 8.0 (DSA with C++),sigma-8-live-recordings,Dynamic Programming (DP Part 1),Important DP Concepts,6970e1bdaef93c2b0805b139,nqay9s21i2,178.0,3.0,,,,wistia,video
Sigma 8.0 (DSA with C++),sigma-8-live-recordings,Dynamic Programming (DP Part 1),Types of DP,6970e1bdaef93c2b0805b138,z7c2zx1g1i,219.0,3.6,,,,wistia,video
Sigma 8.0 (DSA with C++),sigma-8-live-recordings,Dynamic Programming (DP Part 1),Fibonacci using Tabulation,6970e1bdaef93c2b0805b137,hdz7l02i6n,593.0,9.9,,,,wistia,video
Sigma 8.0 (DSA with C++),sigma-8-live-recordings,Dynamic Programming (DP Part 1),What is DP-,6970e1bdaef93c2b0805b136,dzjybapifi,554.0,9.2,,,,wistia,video
Sigma 8.0 (DSA with C++),sigma-8-live-recordings,Dynamic Programming (DP Part 1),DP using Fibonacci Concept,6970e1bdaef93c2b0805b135,jmhqor4hdq,1011.0,16.9,,,,wistia,video
Sigma 8.0 (DSA with C++),sigma-8-live-recordings,Dynamic Programming (DP Part 1),DP Introduction,6970e1bdaef93c2b0805b134,0tv1v6a61a,228.0,3.8,,,,wistia,video
Sigma 8.0 (DSA with C++),sigma-8-live-recordings,Graphs (Part 5),Flood Fill (Code),69513f80ef1649540c0572c3,ksxmb0j7j7,556.0,9.3,,,,wistia,video
Sigma 8.0 (DSA with C++),sigma-8-live-recordings,Graphs (Part 5),Flood Fill Algorithm,69513f80ef1649540c0572c2,45zxq5dade,419.0,7.0,,,,wistia,video
Sigma 8.0 (DSA with C++),sigma-8-live-recordings,Graphs (Part 5),Kruskal's Algorithm (Code),69513f80ef1649540c0572c1,8m4zzahcff,706.0,11.8,,,,wistia,video
Sigma 8.0 (DSA with C++),sigma-8-live-recordings,Graphs (Part 5),Kruskal's Algorithm,69513f80ef1649540c0572c0,nso7lk8byh,561.0,9.3,,,,wistia,video
Sigma 8.0 (DSA with C++),sigma-8-live-recordings,Graphs (Part 5),Disjoint Set (Code),69513f80ef1649540c0572bf,d7353v0xfi,682.0,11.4,,,,wistia,video
Sigma 8.0 (DSA with C++),sigma-8-live-recordings,Graphs (Part 5),Disjoint Set (Union Find),69513f80ef1649540c0572be,fs17ypvrnb,1151.0,19.2,,,,wistia,video
Sigma 8.0 (DSA with C++),sigma-8-live-recordings,Graphs (Part 5),Cheapest Flights (Code),69513f80ef1649540c0572bd,0vl1j7tzca,769.0,12.8,,,,wistia,video
Sigma 8.0 (DSA with C++),sigma-8-live-recordings,Graphs (Part 5),Cheapest Flights within K Stops,69513f80ef1649540c0572bc,hlyr43b2za,1852.0,30.9,,,,wistia,video
Sigma 8.0 (DSA with C++),sigma-8-live-recordings,Graphs (Part 4),Min Cost to Connect Points,69513f80ef1649540c0572bb,1exdujpx6d,1094.0,18.2,,,,wistia,video
Sigma 8.0 (DSA with C++),sigma-8-live-recordings,Graphs (Part 4),Prim's Algorithm (Code),69513f80ef1649540c0572ba,px813gu4mh,545.0,9.1,,,,wistia,video
Sigma 8.0 (DSA with C++),sigma-8-live-recordings,Graphs (Part 4),Prim's Algorithm,69513f80ef1649540c0572b9,ltvp1bysps,905.0,15.1,,,,wistia,video
Sigma 8.0 (DSA with C++),sigma-8-live-recordings,Graphs (Part 4),What is MST-,69513f80ef1649540c0572b8,8k8gflql3t,354.0,5.9,,,,wistia,video
Sigma 8.0 (DSA with C++),sigma-8-live-recordings,Graphs (Part 4),BellmanFord Algorithm (Code),69513f80ef1649540c0572b7,dltp9mg30h,230.0,3.8,,,,wistia,video
Sigma 8.0 (DSA with C++),sigma-8-live-recordings,Graphs (Part 4),BellmanFord Algorithm (Approach),69513f80ef1649540c0572b6,y50q7sysxe,869.0,14.5,,,,wistia,video
Sigma 8.0 (DSA with C++),sigma-8-live-recordings,Graphs (Part 4),Dijkstra's Algorithm (Code),69513f80ef1649540c0572b5,h2h1n3hd68,747.0,12.4,,,,wistia,video
Sigma 8.0 (DSA with C++),sigma-8-live-recordings,Graphs (Part 4),Dijkstra's Algorithm (Approach),69513f80ef1649540c0572b4,7pn1zrps2l,987.0,16.4,,,,wistia,video
Sigma 8.0 (DSA with C++),sigma-8-live-recordings,Graphs (Part 4),Dijkstra's Algorithm (Edge Relaxation),69513f80ef1649540c0572b3,h6lrc0hsnb,959.0,16.0,,,,wistia,video
Sigma 8.0 (DSA with C++),sigma-8-live-recordings,Graphs (Part 3),Kahn's Algo for Cycle Detection,69513f80ef1649540c0572b2,ay1d38q1t2,209.0,3.5,,,,wistia,video
Sigma 8.0 (DSA with C++),sigma-8-live-recordings,Graphs (Part 3),Kahn's Algorithm Code,69513f80ef1649540c0572b1,kmbj4rx0dk,298.0,5.0,,,,wistia,video
Sigma 8.0 (DSA with C++),sigma-8-live-recordings,Graphs (Part 3),Topoplogical Sorting (Kahn's Algorithm),69513f80ef1649540c0572b0,zuy7qkvcyo,464.0,7.7,,,,wistia,video
Sigma 8.0 (DSA with C++),sigma-8-live-recordings,Graphs (Part 3),Kahn's Algorithm (Indegree),69513f80ef1649540c0572af,tgi3x3hm7a,573.0,9.6,,,,wistia,video
Sigma 8.0 (DSA with C++),sigma-8-live-recordings,Graphs (Part 3),Course Schedule II,69513f80ef1649540c0572ae,xyr6gq55vg,653.0,10.9,,,,wistia,video
Sigma 8.0 (DSA with C++),sigma-8-live-recordings,Graphs (Part 3),Course Schedule I,69513f80ef1649540c0572ad,g06t4gbzso,1266.0,21.1,,,,wistia,video
Sigma 8.0 (DSA with C++),sigma-8-live-recordings,Graphs (Part 3),Topological Sorting Code (DFS),69513f80ef1649540c0572ac,jvozellpr6,297.0,5.0,,,,wistia,video
Sigma 8.0 (DSA with C++),sigma-8-live-recordings,Graphs (Part 3),Topological Sorting (DFS),69513f80ef1649540c0572ab,55bzn8onmu,672.0,11.2,,,,wistia,video
Sigma 8.0 (DSA with C++),sigma-8-live-recordings,Graphs (Part 3),What is Topological Sorting-,69513f80ef1649540c0572aa,wo7z4sevpd,491.0,8.2,,,,wistia,video
Sigma 8.0 (DSA with C++),sigma-8-live-recordings,Graph (Part 2),All Paths Problem,69513f80ef1649540c0572a9,lkl2s6vjpd,1020.0,17.0,,,,wistia,video
Sigma 8.0 (DSA with C++),sigma-8-live-recordings,Graph (Part 2),Bipartite Graph (Approach 2),69513f80ef1649540c0572a8,m2pko5a90i,202.0,3.4,,,,wistia,video
Sigma 8.0 (DSA with C++),sigma-8-live-recordings,Graph (Part 2),Bipartite Graph (Code),69513f80ef1649540c0572a7,rcwu7fp3k9,568.0,9.5,,,,wistia,video
Sigma 8.0 (DSA with C++),sigma-8-live-recordings,Graph (Part 2),Bipartite Graph,69513f80ef1649540c0572a6,9xg0tkp3vs,897.0,14.9,,,,wistia,video
Sigma 8.0 (DSA with C++),sigma-8-live-recordings,Graph (Part 2),Cycle Detection Dry Run (Directed),69513f80ef1649540c0572a5,udw6ar06df,216.0,3.6,,,,wistia,video
Sigma 8.0 (DSA with C++),sigma-8-live-recordings,Graph (Part 2),Cycle Detection Code (Directed),69513f80ef1649540c0572a4,kb5tqx1ahs,402.0,6.7,,,,wistia,video
Sigma 8.0 (DSA with C++),sigma-8-live-recordings,Graph (Part 2),Cycle Detection (Directed),69513f80ef1649540c0572a3,ezg6ckjxa2,504.0,8.4,,,,wistia,video
Sigma 8.0 (DSA with C++),sigma-8-live-recordings,Graph (Part 2),Undirected approach for Directed,69513f80ef1649540c0572a2,ddc9llg7gg,196.0,3.3,,,,wistia,video
Sigma 8.0 (DSA with C++),sigma-8-live-recordings,Graph (Part 2),Cycle Detection Code (Undirected),69513f80ef1649540c0572a1,nd52bntsfg,400.0,6.7,,,,wistia,video
Sigma 8.0 (DSA with C++),sigma-8-live-recordings,Graph (Part 2),Cycle Detection (Undirected),69513f80ef1649540c0572a0,p2378yf5ng,633.0,10.6,,,,wistia,video
Sigma 8.0 (DSA with C++),sigma-8-live-recordings,Graph (Part 2),Cycle in Graphs,69513f80ef1649540c05729f,rphm78j9j7,278.0,4.6,,,,wistia,video
Sigma 8.0 (DSA with C++),sigma-8-live-recordings,Graph (Part 2),Disconnected Components,69513f80ef1649540c05729e,hat0y14zzx,691.0,11.5,,,,wistia,video
Sigma 8.0 (DSA with C++),sigma-8-live-recordings,Graphs (Part1),Has Path Problem,69513f80ef1649540c05729d,oouxbteimi,699.0,11.7,,,,wistia,video
Sigma 8.0 (DSA with C++),sigma-8-live-recordings,Graphs (Part1),DFS Code,69513f80ef1649540c05729c,raro8ckzbd,220.0,3.7,,,,wistia,video
Sigma 8.0 (DSA with C++),sigma-8-live-recordings,Graphs (Part1),Depth First Traversal (DFS),69513f80ef1649540c05729b,514g4zpoo1,496.0,8.3,,,,wistia,video
Sigma 8.0 (DSA with C++),sigma-8-live-recordings,Graphs (Part1),BFS Code,69513f80ef1649540c05729a,qym0rywcw7,218.0,3.6,,,,wistia,video
Sigma 8.0 (DSA with C++),sigma-8-live-recordings,Graphs (Part1),Breadth First Traversal (BFS),69513f80ef1649540c057299,zsb9c4aaj4,1059.0,17.6,,,,wistia,video
Sigma 8.0 (DSA with C++),sigma-8-live-recordings,Graphs (Part1),Building a Graph (Adjacency List),69513f80ef1649540c057298,yka0mfb3dv,701.0,11.7,,,,wistia,video
Sigma 8.0 (DSA with C++),sigma-8-live-recordings,Graphs (Part1),Edge List & Implicit Graph,69513f80ef1649540c057297,ryqyp21ttc,479.0,8.0,,,,wistia,video
Sigma 8.0 (DSA with C++),sigma-8-live-recordings,Graphs (Part1),Graph using Adjacency Matrix,69513f80ef1649540c057296,845yylb94c,429.0,7.2,,,,wistia,video
Sigma 8.0 (DSA with C++),sigma-8-live-recordings,Graphs (Part1),Graph using Adjacency List,69513f80ef1649540c057295,mr26d91be7,687.0,11.4,,,,wistia,video
Sigma 8.0 (DSA with C++),sigma-8-live-recordings,Graphs (Part1),Types of Graphs,69513f80ef1649540c057294,172slfqpgw,456.0,7.6,,,,wistia,video
Sigma 8.0 (DSA with C++),sigma-8-live-recordings,Graphs (Part1),Introduction to Graphs,69513f80ef1649540c057293,alubsga0lb,415.0,6.9,,,,wistia,video
Sigma 8.0 (DSA with C++),sigma-8-live-recordings,Tries,Longest Word (Code),69513f80ef1649540c057291,bw9t2ussu0,372.0,6.2,,,,wistia,video
Sigma 8.0 (DSA with C++),sigma-8-live-recordings,Tries,Longest Word with all Prefix,69513f80ef1649540c057290,oznnnv95z9,625.0,10.4,,,,wistia,video
Sigma 8.0 (DSA with C++),sigma-8-live-recordings,Tries,Count Unique Substrings (Code),69513f80ef1649540c05728f,u7qo60a7i6,226.0,3.8,,,,wistia,video
Sigma 8.0 (DSA with C++),sigma-8-live-recordings,Tries,Count Unique Substrings,69513f80ef1649540c05728e,dbvc7yqyt3,898.0,15.0,,,,wistia,video
Sigma 8.0 (DSA with C++),sigma-8-live-recordings,Tries,StartsWith Problem,69513f80ef1649540c05728d,xvg1jyjofr,372.0,6.2,,,,wistia,video
Sigma 8.0 (DSA with C++),sigma-8-live-recordings,Tries,Prefix (Code),69513f80ef1649540c05728c,qywp4drdl9,283.0,4.7,,,,wistia,video
Sigma 8.0 (DSA with C++),sigma-8-live-recordings,Tries,Prefix Problem,69513f80ef1649540c05728b,2echpt9mts,820.0,13.7,,,,wistia,video
Sigma 8.0 (DSA with C++),sigma-8-live-recordings,Tries,Word Break (Code),69513f80ef1649540c05728a,kwj7eicp4d,313.0,5.2,,,,wistia,video
Sigma 8.0 (DSA with C++),sigma-8-live-recordings,Tries,Word Break Problem,69513f80ef1649540c057289,gtrmt0wxrx,991.0,16.5,,,,wistia,video
Sigma 8.0 (DSA with C++),sigma-8-live-recordings,Tries,Search in Trie,69513f80ef1649540c057288,5ankcytcis,351.0,5.8,,,,wistia,video
Sigma 8.0 (DSA with C++),sigma-8-live-recordings,Tries,Insert in Trie,69513f80ef1649540c057287,a9w9k8k9sa,571.0,9.5,,,,wistia,video
Sigma 8.0 (DSA with C++),sigma-8-live-recordings,Tries,Building a Trie DS,69513f80ef1649540c057286,50rss67551,603.0,10.1,,,,wistia,video
Sigma 8.0 (DSA with C++),sigma-8-live-recordings,Tries,Search in Trie,69513f80ef1649540c057285,plcy13wdwa,304.0,5.1,,,,wistia,video
Sigma 8.0 (DSA with C++),sigma-8-live-recordings,Tries,Tries Introduction,69513f80ef1649540c057284,abinba0812,563.0,9.4,,,,wistia,video
Sigma 8.0 (DSA with C++),sigma-8-live-recordings,Hashing (Part 2),K Sum Subarray Count (Code),69513f80ef1649540c057282,l7upipsujq,234.0,3.9,,,,wistia,video
Sigma 8.0 (DSA with C++),sigma-8-live-recordings,Hashing (Part 2),K Sum Subarray Count,69513f80ef1649540c057281,6heqmiw2e9,905.0,15.1,,,,wistia,video
Sigma 8.0 (DSA with C++),sigma-8-live-recordings,Hashing (Part 2),Zero Sum Largest Subarray (Code),69513f80ef1649540c057280,sjtp67obxp,180.0,3.0,,,,wistia,video
Sigma 8.0 (DSA with C++),sigma-8-live-recordings,Hashing (Part 2),Zero Sum Largest Subarray,69513f80ef1649540c05727f,w2dti9dsey,1219.0,20.3,,,,wistia,video
Sigma 8.0 (DSA with C++),sigma-8-live-recordings,Hashing (Part 2),Itinerary from Tickets (Code),69513f80ef1649540c05727e,j8ewce5hx4,286.0,4.8,,,,wistia,video
Sigma 8.0 (DSA with C++),sigma-8-live-recordings,Hashing (Part 2),Itinerary from Tickets,69513f80ef1649540c05727d,sljii3boq1,483.0,8.1,,,,wistia,video
Sigma 8.0 (DSA with C++),sigma-8-live-recordings,Hashing (Part 2),Union & Intersection,69513f80ef1649540c05727c,zxd2xzcara,595.0,9.9,,,,wistia,video
Sigma 8.0 (DSA with C++),sigma-8-live-recordings,Hashing (Part 2),Count Distinct,69513f80ef1649540c05727b,sfb7636mj9,349.0,5.8,,,,wistia,video
Sigma 8.0 (DSA with C++),sigma-8-live-recordings,Hashing (Part 2),Valid Anagram (Code),69513f80ef1649540c05727a,d85ig4g36a,288.0,4.8,,,,wistia,video
Sigma 8.0 (DSA with C++),sigma-8-live-recordings,Hashing (Part 2),Valid Anagram,69513f80ef1649540c057279,d0guy8uus8,528.0,8.8,,,,wistia,video
Sigma 8.0 (DSA with C++),sigma-8-live-recordings,Hashing (Part 2),Majority Element (Code),69513f80ef1649540c057278,scxt1j4j67,270.0,4.5,,,,wistia,video
Sigma 8.0 (DSA with C++),sigma-8-live-recordings,Hashing (Part 2),Majority Element,69513f80ef1649540c057277,ealg4gqvw1,566.0,9.4,,,,wistia,video
Sigma 8.0 (DSA with C++),sigma-8-live-recordings,Hashing (Part 1),Sets,69513f80ef1649540c057276,47tfi5oqy5,740.0,12.3,,,,wistia,video
Sigma 8.0 (DSA with C++),sigma-8-live-recordings,Hashing (Part 1),Unordered Sets,69513f80ef1649540c057275,bcbxbno4ub,315.0,5.2,,,,wistia,video
Sigma 8.0 (DSA with C++),sigma-8-live-recordings,Hashing (Part 1),Maps,69513f80ef1649540c057274,4szus3ibpv,104.0,1.7,,,,wistia,video
Sigma 8.0 (DSA with C++),sigma-8-live-recordings,Hashing (Part 1),Unordered Maps,69513f80ef1649540c057273,g7oyyqmwhq,402.0,6.7,,,,wistia,video
Sigma 8.0 (DSA with C++),sigma-8-live-recordings,Hashing (Part 1),STL Containers,69513f80ef1649540c057272,t1npm57i1g,436.0,7.3,,,,wistia,video
Sigma 8.0 (DSA with C++),sigma-8-live-recordings,Hashing (Part 1),Search in Hash Table,69513f80ef1649540c057271,yh0e0ttggr,1003.0,16.7,,,,wistia,video
Sigma 8.0 (DSA with C++),sigma-8-live-recordings,Hashing (Part 1),Rehashing,69513f7fef1649540c057270,h2dpqi4s0n,924.0,15.4,,,,wistia,video
Sigma 8.0 (DSA with C++),sigma-8-live-recordings,Hashing (Part 1),Insert in Hash Table,69513f7fef1649540c05726f,du69ag45h3,400.0,6.7,,,,wistia,video
Sigma 8.0 (DSA with C++),sigma-8-live-recordings,Hashing (Part 1),Building Hash Table,69513f7fef1649540c05726e,22fjztiq8i,543.0,9.1,,,,wistia,video
Sigma 8.0 (DSA with C++),sigma-8-live-recordings,Hashing (Part 1),Collisions,69513f7fef1649540c05726d,bakffbqm40,616.0,10.3,,,,wistia,video
Sigma 8.0 (DSA with C++),sigma-8-live-recordings,Hashing (Part 1),Hashing (Hash Function),69513f7fef1649540c05726c,jt2be81hi6,719.0,12.0,,,,wistia,video
Sigma 8.0 (DSA with C++),sigma-8-live-recordings,Hashing (Part 1),Hash Table Data Structure,69513f7fef1649540c05726b,1hdkiwhnuy,448.0,7.5,,,,wistia,video
Sigma 8.0 (DSA with C++),sigma-8-live-recordings,Hashing (Part 1),Introduction,69513f7fef1649540c05726a,005iwyini1,140.0,2.3,,,,wistia,video
Sigma 8.0 (DSA with C++),sigma-8-live-recordings,Heaps (Part2),Sliding Window Maximum (Code),69513f7fef1649540c057268,jhfrmxzg1v,286.0,4.8,,,,wistia,video
Sigma 8.0 (DSA with C++),sigma-8-live-recordings,Heaps (Part2),Sliding Window Maximum,69513f7fef1649540c057267,e2chq0693c,885.0,14.8,,,,wistia,video
Sigma 8.0 (DSA with C++),sigma-8-live-recordings,Heaps (Part2),Weakest Soldier (Code),69513f7fef1649540c057266,mb2ul2fxph,341.0,5.7,,,,wistia,video
Sigma 8.0 (DSA with C++),sigma-8-live-recordings,Heaps (Part2),Weakest Soldier,69513f7fef1649540c057265,etfqpcp830,321.0,5.3,,,,wistia,video
Sigma 8.0 (DSA with C++),sigma-8-live-recordings,Heaps (Part2),Connect N Ropes (Code),69513f7fef1649540c057264,kquo0qbkdo,190.0,3.2,,,,wistia,video
Sigma 8.0 (DSA with C++),sigma-8-live-recordings,Heaps (Part2),Connect N Ropes,69513f7fef1649540c057263,9cbvy8uj9a,548.0,9.1,,,,wistia,video
Sigma 8.0 (DSA with C++),sigma-8-live-recordings,Heaps (Part2),Nearby Cars (Code),69513f7fef1649540c057262,o4psivwxph,547.0,9.1,,,,wistia,video
Sigma 8.0 (DSA with C++),sigma-8-live-recordings,Heaps (Part2),Nearby Cars,69513f7fef1649540c057261,lokzzz8eij,789.0,13.2,,,,wistia,video
Sigma 8.0 (DSA with C++),sigma-8-live-recordings,Heaps (Part2),Heap Sort (Sorting),69513f7fef1649540c057260,sz7sllkaem,859.0,14.3,,,,wistia,video
Sigma 8.0 (DSA with C++),sigma-8-live-recordings,Heaps (Part2),Heap Sort (Building maxHeap),69513f7fef1649540c05725f,qk2mqg2176,910.0,15.2,,,,wistia,video
Sigma 8.0 (DSA with C++),sigma-8-live-recordings,Heaps (Part1),PQ for Pairs,69513f7fef1649540c05725e,ht8yrjast3,374.0,6.2,,,,wistia,video
Sigma 8.0 (DSA with C++),sigma-8-live-recordings,Heaps (Part1),PQ for Objects,69513f7fef1649540c05725d,blrhi7stej,561.0,9.3,,,,wistia,video
Sigma 8.0 (DSA with C++),sigma-8-live-recordings,Heaps (Part1),Pop in Heap (Dry Run),69513f7fef1649540c05725c,792yzbdr2c,486.0,8.1,,,,wistia,video
Sigma 8.0 (DSA with C++),sigma-8-live-recordings,Heaps (Part1),Pop in Heap (Code),69513f7fef1649540c05725b,brb8ynrsa0,489.0,8.2,,,,wistia,video
Sigma 8.0 (DSA with C++),sigma-8-live-recordings,Heaps (Part1),Pop in Heap,69513f7fef1649540c05725a,o91qpnmwx4,783.0,13.1,,,,wistia,video
Sigma 8.0 (DSA with C++),sigma-8-live-recordings,Heaps (Part1),Push in Heap (Code),69513f7fef1649540c057259,159bwph664,323.0,5.4,,,,wistia,video
Sigma 8.0 (DSA with C++),sigma-8-live-recordings,Heaps (Part1),Push in Heap,69513f7fef1649540c057258,gxg3ntllox,541.0,9.0,,,,wistia,video
Sigma 8.0 (DSA with C++),sigma-8-live-recordings,Heaps (Part1),Building Heaps,69513f7fef1649540c057257,msrd9p1p09,1036.0,17.3,,,,wistia,video
Sigma 8.0 (DSA with C++),sigma-8-live-recordings,Heaps (Part1),What are Heaps-,69513f7fef1649540c057256,vgy8y696o4,601.0,10.0,,,,wistia,video
Sigma 8.0 (DSA with C++),sigma-8-live-recordings,Heaps (Part1),PQ in C++ STL,69513f7fef1649540c057255,iwsriuqoac,484.0,8.1,,,,wistia,video
Sigma 8.0 (DSA with C++),sigma-8-live-recordings,Heaps (Part1),Heaps & Priority Queue (Introduction),69513f7fef1649540c057254,d45gxarkij,445.0,7.4,,,,wistia,video
Sigma 8.0 (DSA with C++),sigma-8-live-recordings,BST (Part2),Merge 2 BSTs,694167c6397f6afadb023e97,p5wtj2vqci,580.0,9.7,,,,wistia,video
Sigma 8.0 (DSA with C++),sigma-8-live-recordings,BST (Part2),Largest BST in BT (Code),694167c6397f6afadb023e96,qwnjba7ljb,806.0,13.4,,,,wistia,video
Sigma 8.0 (DSA with C++),sigma-8-live-recordings,BST (Part2),Largest BST in BT,694167c6397f6afadb023e95,gmlkce8tfs,1607.0,26.8,,,,wistia,video
Sigma 8.0 (DSA with C++),sigma-8-live-recordings,BST (Part2),BST to Balanced BST (Code),694167c6397f6afadb023e94,pm9dtobzti,319.0,5.3,,,,wistia,video
Sigma 8.0 (DSA with C++),sigma-8-live-recordings,BST (Part2),BST to Balanced BST,694167c6397f6afadb023e93,1aqej16bad,173.0,2.9,,,,wistia,video
Sigma 8.0 (DSA with C++),sigma-8-live-recordings,BST (Part2),Sorted Array to Balanced BST (Code),694167c6397f6afadb023e92,6fbzv04xkc,280.0,4.7,,,,wistia,video
Sigma 8.0 (DSA with C++),sigma-8-live-recordings,BST (Part2),Sorted Array to Balanced BST,694167c6397f6afadb023e91,1ekick4l5s,725.0,12.1,,,,wistia,video
Sigma 8.0 (DSA with C++),sigma-8-live-recordings,BST (Part1),Validate BST (Code),694167c6397f6afadb023e90,jwbwpkfh8d,294.0,4.9,,,,wistia,video
Sigma 8.0 (DSA with C++),sigma-8-live-recordings,BST (Part1),Validate BST,694167c6397f6afadb023e8f,8jxdte2vlu,930.0,15.5,,,,wistia,video
Sigma 8.0 (DSA with C++),sigma-8-live-recordings,BST (Part1),Root to Leaf Path,694167c6397f6afadb023e8e,gnfm9bax8x,602.0,10.0,,,,wistia,video
Sigma 8.0 (DSA with C++),sigma-8-live-recordings,BST (Part1),Print in Range,694167c6397f6afadb023e8d,6bjeqsaras,650.0,10.8,,,,wistia,video
Sigma 8.0 (DSA with C++),sigma-8-live-recordings,BST (Part1),Delete a Node (Code),694167c6397f6afadb023e8c,96jc5vihfr,566.0,9.4,,,,wistia,video
Sigma 8.0 (DSA with C++),sigma-8-live-recordings,BST (Part1),Inorder Successor,694167c6397f6afadb023e8b,c9vts39h0w,636.0,10.6,,,,wistia,video
Sigma 8.0 (DSA with C++),sigma-8-live-recordings,BST (Part1),Delete a Node in BST,694167c6397f6afadb023e8a,r5dt6v98gm,1196.0,19.9,,,,wistia,video
Sigma 8.0 (DSA with C++),sigma-8-live-recordings,BST (Part1),Search in BST (Code),694167c6397f6afadb023e89,zxkyvmwul9,385.0,6.4,,,,wistia,video
Sigma 8.0 (DSA with C++),sigma-8-live-recordings,BST (Part1),Insert & Build a BST,694167c6397f6afadb023e88,j07r52j37v,1018.0,17.0,,,,wistia,video
Sigma 8.0 (DSA with C++),sigma-8-live-recordings,BST (Part1),Search in BST,694167c6397f6afadb023e87,b16u6l2z4q,819.0,13.7,,,,wistia,video
Sigma 8.0 (DSA with C++),sigma-8-live-recordings,BST (Part1),BST Introduction,694167c6397f6afadb023e86,bn3n2xsffg,695.0,11.6,,,,wistia,video
Sigma 8.0 (DSA with C++),sigma-8-live-recordings,Binary Trees (Part 3),Transform to Sum Tree,694167c6397f6afadb023e83,q4d1u5xntk,819.0,13.7,,,,wistia,video
Sigma 8.0 (DSA with C++),sigma-8-live-recordings,Binary Trees (Part 3),Kth Ancestor (Code),694167c6397f6afadb023e82,eu0fnc7sa5,244.0,4.1,,,,wistia,video
Sigma 8.0 (DSA with C++),sigma-8-live-recordings,Binary Trees (Part 3),Kth Ancestor of a Node,694167c6397f6afadb023e81,6o8zf7dtja,626.0,10.4,,,,wistia,video
Sigma 8.0 (DSA with C++),sigma-8-live-recordings,Binary Trees (Part 3),Min Distance between Nodes,694167c6397f6afadb023e80,p5332k8mps,823.0,13.7,,,,wistia,video
Sigma 8.0 (DSA with C++),sigma-8-live-recordings,Binary Trees (Part 3),LCA (Approach 2) Code,694167c6397f6afadb023e7f,6zzkwl6p4n,227.0,3.8,https://embed-cloudfront.wistia.com/deliveries/db2e774b89ba21f944d406ce512706648e365361.m3u8,player,,wistia,video
Sigma 8.0 (DSA with C++),sigma-8-live-recordings,Binary Trees (Part 3),LCA (Approach 2),694167c6397f6afadb023e7e,inx9oz74e2,647.0,10.8,,,,wistia,video
Sigma 8.0 (DSA with C++),sigma-8-live-recordings,Binary Trees (Part 3),Lowest Common Ancestor (Code),694167c6397f6afadb023e7d,zo3rm0ll95,509.0,8.5,,,,wistia,video
Sigma 8.0 (DSA with C++),sigma-8-live-recordings,Binary Trees (Part 3),Lowest Common Ancestor,694167c6397f6afadb023e7c,w2pg4eepmw,1106.0,18.4,,,,wistia,video
Sigma 8.0 (DSA with C++),sigma-8-live-recordings,Binary Trees (Part 3),Kth Level of a Tree,694167c6397f6afadb023e7b,w5lyhvxk75,751.0,12.5,,,,wistia,video
Sigma 8.0 (DSA with C++),sigma-8-live-recordings,Binary Trees (Part 2),Top View of a Tree ( Code ),694167c6397f6afadb023e7a,svgnnnd6v0,602.0,10.0,,,,wistia,video
Sigma 8.0 (DSA with C++),sigma-8-live-recordings,Binary Trees (Part 2),Top View of a Tree ( Approach ),694167c6397f6afadb023e79,ab8ntypw0d,477.0,8.0,,,,wistia,video
Sigma 8.0 (DSA with C++),sigma-8-live-recordings,Binary Trees (Part 2),Top View of a Tree (Horizontal Distance),694167c6397f6afadb023e78,rw8dq5ix90,719.0,12.0,,,,wistia,video
Sigma 8.0 (DSA with C++),sigma-8-live-recordings,Binary Trees (Part 2),Map in C++,694167c6397f6afadb023e77,35w7v3m1dn,586.0,9.8,,,,wistia,video
Sigma 8.0 (DSA with C++),sigma-8-live-recordings,Binary Trees (Part 2),Subtree of another Tree (isIdentical),694167c6397f6afadb023e76,vtexksksku,792.0,13.2,,,,wistia,video
Sigma 8.0 (DSA with C++),sigma-8-live-recordings,Binary Trees (Part 2),Subtree of another Tree,694167c6397f6afadb023e75,dct5ff49kb,870.0,14.5,,,,wistia,video
Sigma 8.0 (DSA with C++),sigma-8-live-recordings,Binary Trees (Part 2),Diameter of a Tree ( Code 2 ),694167c6397f6afadb023e74,yz2plmj088,342.0,5.7,,,,wistia,video
Sigma 8.0 (DSA with C++),sigma-8-live-recordings,Binary Trees (Part 2),Diameter of a Tree ( Approach 2 ),694167c6397f6afadb023e73,vptb0vjyrw,397.0,6.6,,,,wistia,video
Sigma 8.0 (DSA with C++),sigma-8-live-recordings,Binary Trees (Part 2),Diameter of a Tree ( Code ),694167c6397f6afadb023e72,54c0n28pdf,391.0,6.5,,,,wistia,video
Sigma 8.0 (DSA with C++),sigma-8-live-recordings,Binary Trees (Part 2),Diameter of a Tree ( Approach 1 ),694167c6397f6afadb023e71,mw1jjguwh6,858.0,14.3,,,,wistia,video
Sigma 8.0 (DSA with C++),sigma-8-live-recordings,Binary Trees (Part 1),Sum of Nodes in BT,694167c6397f6afadb023e70,3v394bkbjl,447.0,7.5,,,,wistia,video
Sigma 8.0 (DSA with C++),sigma-8-live-recordings,Binary Trees (Part 1),Count of Nodes in BT,694167c6397f6afadb023e6f,l0bzsdj62e,319.0,5.3,,,,wistia,video
Sigma 8.0 (DSA with C++),sigma-8-live-recordings,Binary Trees (Part 1),Height of BT (Code),694167c6397f6afadb023e6e,n9w0q0htxx,259.0,4.3,,,,wistia,video
Sigma 8.0 (DSA with C++),sigma-8-live-recordings,Binary Trees (Part 1),Height of Binary Tree,694167c6397f6afadb023e6d,04azlsufrv,685.0,11.4,,,,wistia,video
Sigma 8.0 (DSA with C++),sigma-8-live-recordings,Binary Trees (Part 1),Level Order Traversal,694167c6397f6afadb023e6c,bb7zev7163,1370.0,22.8,,,,wistia,video
Sigma 8.0 (DSA with C++),sigma-8-live-recordings,Binary Trees (Part 1),Postorder Traversal,694167c6397f6afadb023e6b,i9tx5kdl7x,246.0,4.1,,,,wistia,video
Sigma 8.0 (DSA with C++),sigma-8-live-recordings,Binary Trees (Part 1),Inorder Traversal,694167c6397f6afadb023e6a,h8bpjs5rgk,266.0,4.4,,,,wistia,video
Sigma 8.0 (DSA with C++),sigma-8-live-recordings,Binary Trees (Part 1),Preorder Traversal,694167c6397f6afadb023e69,osv7ikhkzl,689.0,11.5,,,,wistia,video
Sigma 8.0 (DSA with C++),sigma-8-live-recordings,Binary Trees (Part 1),Build Tree from Preorder,694167c6397f6afadb023e68,fi817z1zcd,1456.0,24.3,,,,wistia,video
Sigma 8.0 (DSA with C++),sigma-8-live-recordings,Binary Trees (Part 1),Practice Quiz,694167c6397f6afadb023e67,122byguhrh,133.0,2.2,,,,wistia,video
Sigma 8.0 (DSA with C++),sigma-8-live-recordings,Binary Trees (Part 1),Levels & Subtrees,694167c6397f6afadb023e66,645kl6u5aj,243.0,4.0,,,,wistia,video
Sigma 8.0 (DSA with C++),sigma-8-live-recordings,Binary Trees (Part 1),Binary Trees Introduction,694167c6397f6afadb023e65,cd2000nht3,810.0,13.5,,,,wistia,video
Sigma 8.0 (DSA with C++),sigma-8-live-recordings,Greedy Algorithms,Job Sequencing Variation,694167c6397f6afadb023e62,kx7tmyv74g,748.0,12.5,,,,wistia,video
Sigma 8.0 (DSA with C++),sigma-8-live-recordings,Greedy Algorithms,Job Sequencing Problem,694167c6397f6afadb023e61,0yjufs8bg0,815.0,13.6,,,,wistia,video
Sigma 8.0 (DSA with C++),sigma-8-live-recordings,Greedy Algorithms,Indian Coins (Code),694167c6397f6afadb023e60,znolywqcyq,204.0,3.4,,,,wistia,video
Sigma 8.0 (DSA with C++),sigma-8-live-recordings,Greedy Algorithms,Indian Coins,694167c6397f6afadb023e5f,77g2li98e5,796.0,13.3,,,,wistia,video
Sigma 8.0 (DSA with C++),sigma-8-live-recordings,Greedy Algorithms,Max Chain Length (Code),694167c6397f6afadb023e5e,ok5ghjq8ph,243.0,4.0,,,,wistia,video
Sigma 8.0 (DSA with C++),sigma-8-live-recordings,Greedy Algorithms,Max Chain Length,694167c6397f6afadb023e5d,t2srg5uysv,605.0,10.1,,,,wistia,video
Sigma 8.0 (DSA with C++),sigma-8-live-recordings,Greedy Algorithms,Min Absolute Difference of Pairs,694167c6397f6afadb023e5c,sv43cvqe4g,691.0,11.5,,,,wistia,video
Sigma 8.0 (DSA with C++),sigma-8-live-recordings,Greedy Algorithms,Fractional Knapsack (Code),694167c5397f6afadb023e5b,7gf91ycst2,462.0,7.7,,,,wistia,video
Sigma 8.0 (DSA with C++),sigma-8-live-recordings,Greedy Algorithms,Fractional Knapsack,694167c5397f6afadb023e5a,s4miy3ltjr,1324.0,22.1,,,,wistia,video
Sigma 8.0 (DSA with C++),sigma-8-live-recordings,Greedy Algorithms,Pairs in C++,694167c5397f6afadb023e59,odby744i4z,961.0,16.0,,,,wistia,video
Sigma 8.0 (DSA with C++),sigma-8-live-recordings,Greedy Algorithms,Activity Selection (Proof),694167c5397f6afadb023e58,64p0ql8qkn,441.0,7.3,,,,wistia,video
Sigma 8.0 (DSA with C++),sigma-8-live-recordings,Greedy Algorithms,Activity Selection (Code),694167c5397f6afadb023e57,uxca7hfi9h,244.0,4.1,,,,wistia,video
Sigma 8.0 (DSA with C++),sigma-8-live-recordings,Greedy Algorithms,Activity Selection (Approach),694167c5397f6afadb023e56,bhujb7k7hk,858.0,14.3,,,,wistia,video
Sigma 8.0 (DSA with C++),sigma-8-live-recordings,Greedy Algorithms,Activity Selection Problem,694167c5397f6afadb023e55,h0cp51qi4y,401.0,6.7,,,,wistia,video
Sigma 8.0 (DSA with C++),sigma-8-live-recordings,Greedy Algorithms,Greedy Approach Introduction,694167c5397f6afadb023e54,9emoih9b16,535.0,8.9,,,,wistia,video
Sigma 8.0 (DSA with C++),sigma-8-live-recordings,Queue,Stack using Deque,694167c5397f6afadb023e51,negpa6dbi8,263.0,4.4,,,,wistia,video
Sigma 8.0 (DSA with C++),sigma-8-live-recordings,Queue,Queue using Deque,694167c5397f6afadb023e50,px8wjl77kk,219.0,3.6,,,,wistia,video
Sigma 8.0 (DSA with C++),sigma-8-live-recordings,Queue,Double Ended Queue,694167c5397f6afadb023e4f,gsj3slgifq,276.0,4.6,,,,wistia,video
Sigma 8.0 (DSA with C++),sigma-8-live-recordings,Queue,Queue Reversal,694167c5397f6afadb023e4e,cdnkha6zrf,194.0,3.2,,,,wistia,video
Sigma 8.0 (DSA with C++),sigma-8-live-recordings,Queue,Interleave 2 Queues (Code),694167c5397f6afadb023e4d,za9j13c9a7,228.0,3.8,,,,wistia,video
Sigma 8.0 (DSA with C++),sigma-8-live-recordings,Queue,Interleave 2 Queues,694167c5397f6afadb023e4c,98rpqiyjp1,360.0,6.0,,,,wistia,video
Sigma 8.0 (DSA with C++),sigma-8-live-recordings,Queue,First non-repeating letter (Code),694167c5397f6afadb023e4b,bton5al7zx,212.0,3.5,,,,wistia,video
Sigma 8.0 (DSA with C++),sigma-8-live-recordings,Queue,First non-repeating letter,694167c5397f6afadb023e4a,if8g4g2s1o,577.0,9.6,,,,wistia,video
Sigma 8.0 (DSA with C++),sigma-8-live-recordings,Queue,Stack using 2 Queues,694167c5397f6afadb023e49,ktpc4gjis9,440.0,7.3,,,,wistia,video
Sigma 8.0 (DSA with C++),sigma-8-live-recordings,Queue,Queue using 2 Stacks,694167c5397f6afadb023e48,l390qx9xjy,834.0,13.9,,,,wistia,video
Sigma 8.0 (DSA with C++),sigma-8-live-recordings,Queue,Queue in STL,694167c5397f6afadb023e47,e92x918h5l,71.0,1.2,,,,wistia,video
Sigma 8.0 (DSA with C++),sigma-8-live-recordings,Queue,Circular Queue using Array,694167c5397f6afadb023e46,fwvuqux3u4,1090.0,18.2,,,,wistia,video
Sigma 8.0 (DSA with C++),sigma-8-live-recordings,Queue,Implementation using LinkedList,694167c5397f6afadb023e45,0r9a5rirq3,523.0,8.7,,,,wistia,video
Sigma 8.0 (DSA with C++),sigma-8-live-recordings,Queue,Queue Introduction,694167c5397f6afadb023e44,6qbfcqyoeh,300.0,5.0,,,,wistia,video
Sigma 8.0 (DSA with C++),sigma-8-live-recordings,Stacks (Part 2),Max Area in Histogram (Code),692c5321ff9c19d9ac07b9a4,84om0mzlsy,405.0,6.8,,,,wistia,video
Sigma 8.0 (DSA with C++),sigma-8-live-recordings,Stacks (Part 2),Max Area in Histogram (nextSmaller Logic),692c5321ff9c19d9ac07b9a3,fli02t9z7m,841.0,14.0,,,,wistia,video
Sigma 8.0 (DSA with C++),sigma-8-live-recordings,Stacks (Part 2),Max Area in Histogram,692c5321ff9c19d9ac07b9a2,zkfr04ehcc,749.0,12.5,,,,wistia,video
Sigma 8.0 (DSA with C++),sigma-8-live-recordings,Stacks (Part 2),Duplicate Parentheses (Code),692c5321ff9c19d9ac07b9a1,e0ysbutkm2,229.0,3.8,,,,wistia,video
Sigma 8.0 (DSA with C++),sigma-8-live-recordings,Stacks (Part 2),Duplicate Parentheses,692c5321ff9c19d9ac07b9a0,rgc4enxskx,700.0,11.7,,,,wistia,video
Sigma 8.0 (DSA with C++),sigma-8-live-recordings,Stacks (Part 2),Valid Parentheses (Code),692c5321ff9c19d9ac07b99f,awevt6f6kp,328.0,5.5,,,,wistia,video
Sigma 8.0 (DSA with C++),sigma-8-live-recordings,Stacks (Part 2),Valid Parentheses,692c5321ff9c19d9ac07b99e,kkrob3972n,879.0,14.7,,,,wistia,video
Sigma 8.0 (DSA with C++),sigma-8-live-recordings,Stacks (Part 2),Next Greater Element (Code),692c5321ff9c19d9ac07b99d,4qarw25jpa,238.0,4.0,,,,wistia,video
Sigma 8.0 (DSA with C++),sigma-8-live-recordings,Stacks (Part 2),Next Greater Element,692c5321ff9c19d9ac07b99c,0glnmln6wu,481.0,8.0,,,,wistia,video
Sigma 8.0 (DSA with C++),sigma-8-live-recordings,Stacks (Part 1),Stock Span (Code),692c5320ff9c19d9ac07b99b,6teuohb0p3,243.0,4.0,,,,wistia,video
Sigma 8.0 (DSA with C++),sigma-8-live-recordings,Stacks (Part 1),Stock Span (Approach),692c5320ff9c19d9ac07b99a,96qzslerjo,1144.0,19.1,,,,wistia,video
Sigma 8.0 (DSA with C++),sigma-8-live-recordings,Stacks (Part 1),Stock Span,692c5320ff9c19d9ac07b999,dhqch59kjs,475.0,7.9,,,,wistia,video
Sigma 8.0 (DSA with C++),sigma-8-live-recordings,Stacks (Part 1),Reverse a Stack,692c5320ff9c19d9ac07b998,p6q60f463c,451.0,7.5,,,,wistia,video
Sigma 8.0 (DSA with C++),sigma-8-live-recordings,Stacks (Part 1),Reverse a String using Stack,692c5320ff9c19d9ac07b997,ogg1vkt7w1,255.0,4.2,,,,wistia,video
Sigma 8.0 (DSA with C++),sigma-8-live-recordings,Stacks (Part 1),Push at Bottom (Code),692c5320ff9c19d9ac07b996,85biexrtog,183.0,3.0,,,,wistia,video
Sigma 8.0 (DSA with C++),sigma-8-live-recordings,Stacks (Part 1),Push at Bottom of Stack,692c5320ff9c19d9ac07b995,yxx6dge6d4,448.0,7.5,,,,wistia,video
Sigma 8.0 (DSA with C++),sigma-8-live-recordings,Stacks (Part 1),Stack in STL,692c5320ff9c19d9ac07b994,ucp001g0bs,86.0,1.4,,,,wistia,video
Sigma 8.0 (DSA with C++),sigma-8-live-recordings,Stacks (Part 1),Stack using LinkedList,692c5320ff9c19d9ac07b993,y6cdc4zfda,884.0,14.7,,,,wistia,video
Sigma 8.0 (DSA with C++),sigma-8-live-recordings,Stacks (Part 1),Stack using Vector & Class Template,692c5320ff9c19d9ac07b992,4znxfa3pm6,377.0,6.3,,,,wistia,video
Sigma 8.0 (DSA with C++),sigma-8-live-recordings,Stacks (Part 1),Stack using Vector,692c5320ff9c19d9ac07b991,w5mdnelzmb,872.0,14.5,,,,wistia,video
Sigma 8.0 (DSA with C++),sigma-8-live-recordings,Stacks (Part 1),Introduction to Stack,692c5320ff9c19d9ac07b990,r68cpo3arr,349.0,5.8,,,,wistia,video
Sigma 8.0 (DSA with C++),sigma-8-live-recordings,Linked List (Part 2),Doubly Linked List (Pop Front),692c5320ff9c19d9ac07b98d,vjdwscpfxk,246.0,4.1,,,,wistia,video
Sigma 8.0 (DSA with C++),sigma-8-live-recordings,Linked List (Part 2),Doubly Linked List (Push Front),692c5320ff9c19d9ac07b98c,xjptfdq67c,616.0,10.3,,,,wistia,video
Sigma 8.0 (DSA with C++),sigma-8-live-recordings,Linked List (Part 2),Zig Zag LL (Alternate Merging),692c5320ff9c19d9ac07b98b,kkc4jk0bxl,818.0,13.6,,,,wistia,video
Sigma 8.0 (DSA with C++),sigma-8-live-recordings,Linked List (Part 2),Zig Zag Linked List,692c5320ff9c19d9ac07b98a,usou0qd56k,601.0,10.0,,,,wistia,video
Sigma 8.0 (DSA with C++),sigma-8-live-recordings,Linked List (Part 2),Merging 2 Sorted Lists,692c5320ff9c19d9ac07b989,b00uag3k8t,440.0,7.3,,,,wistia,video
Sigma 8.0 (DSA with C++),sigma-8-live-recordings,Linked List (Part 2),Merge Sort (Split At Mid),692c5320ff9c19d9ac07b988,e0tgnzazqq,536.0,8.9,,,,wistia,video
Sigma 8.0 (DSA with C++),sigma-8-live-recordings,Linked List (Part 2),Merge Sort on a LL,692c5320ff9c19d9ac07b987,yvdjkzlcfr,484.0,8.1,,,,wistia,video
Sigma 8.0 (DSA with C++),sigma-8-live-recordings,Linked List (Part 2),List in STL,692c5320ff9c19d9ac07b986,tkobp3nraw,726.0,12.1,,,,wistia,video
Sigma 8.0 (DSA with C++),sigma-8-live-recordings,Linked List (Part 2),Removing Cycle (Math Proof),692c5320ff9c19d9ac07b985,00c7i8of5s,656.0,10.9,,,,wistia,video
Sigma 8.0 (DSA with C++),sigma-8-live-recordings,Linked List (Part 2),Removing Cycle (Code),692c5320ff9c19d9ac07b984,x91lu7yovt,299.0,5.0,,,,wistia,video
Sigma 8.0 (DSA with C++),sigma-8-live-recordings,Linked List (Part 2),Removing Cycle in LL,692c5320ff9c19d9ac07b983,alv1b2wa9j,754.0,12.6,,,,wistia,video
Sigma 8.0 (DSA with C++),sigma-8-live-recordings,Linked List (Part 2),Detect a Cycle (Code),692c5320ff9c19d9ac07b982,j8e8ehzsfr,262.0,4.4,,,,wistia,video
Sigma 8.0 (DSA with C++),sigma-8-live-recordings,Linked List (Part 2),Detect Cycle in a LL,692c5320ff9c19d9ac07b981,aehy6um1o5,910.0,15.2,,,,wistia,video
Sigma 8.0 (DSA with C++),sigma-8-live-recordings,Linked List (Part 1),Find & Remove Nth (Code),692c5320ff9c19d9ac07b97f,x2enf0j6mz,238.0,4.0,,,,wistia,video
Sigma 8.0 (DSA with C++),sigma-8-live-recordings,Linked List (Part 1),Find & Remove Nth Node from End,692c5320ff9c19d9ac07b97e,lakez9lkat,469.0,7.8,,,,wistia,video
Sigma 8.0 (DSA with C++),sigma-8-live-recordings,Linked List (Part 1),Reverse a Linked List,692c5320ff9c19d9ac07b97d,uj59316x0f,760.0,12.7,,,,wistia,video
Sigma 8.0 (DSA with C++),sigma-8-live-recordings,Linked List (Part 1),Recursive Search in LL,692c5320ff9c19d9ac07b97c,7pauytwkvy,559.0,9.3,,,,wistia,video
Sigma 8.0 (DSA with C++),sigma-8-live-recordings,Linked List (Part 1),Iterative Search in LL,692c5320ff9c19d9ac07b97b,l0cen3h24t,205.0,3.4,,,,wistia,video
Sigma 8.0 (DSA with C++),sigma-8-live-recordings,Linked List (Part 1),Pop Back in LL,692c5320ff9c19d9ac07b97a,dw41e5t5c2,332.0,5.5,,,,wistia,video
Sigma 8.0 (DSA with C++),sigma-8-live-recordings,Linked List (Part 1),Pop Front in LL,692c5320ff9c19d9ac07b979,nmta8gjk3b,240.0,4.0,,,,wistia,video
Sigma 8.0 (DSA with C++),sigma-8-live-recordings,Linked List (Part 1),Deleting the Linked List,692c5320ff9c19d9ac07b978,zr36c7v197,444.0,7.4,,,,wistia,video
Sigma 8.0 (DSA with C++),sigma-8-live-recordings,Linked List (Part 1),Insert in Middle of a LL,692c5320ff9c19d9ac07b977,egdmv393id,533.0,8.9,,,,wistia,video
Sigma 8.0 (DSA with C++),sigma-8-live-recordings,Linked List (Part 1),Print LL,692c5320ff9c19d9ac07b976,2nk7iec4qk,420.0,7.0,,,,wistia,video
Sigma 8.0 (DSA with C++),sigma-8-live-recordings,Linked List (Part 1),Push Back in LL,692c5320ff9c19d9ac07b975,sgh3whwek5,212.0,3.5,,,,wistia,video
Sigma 8.0 (DSA with C++),sigma-8-live-recordings,Linked List (Part 1),Push Front in LL,692c5320ff9c19d9ac07b974,7s3szd9d3s,883.0,14.7,,,,wistia,video
Sigma 8.0 (DSA with C++),sigma-8-live-recordings,Linked List (Part 1),LL Implementation,692c5320ff9c19d9ac07b973,vu7jw72qzi,410.0,6.8,,,,wistia,video
Sigma 8.0 (DSA with C++),sigma-8-live-recordings,Linked List (Part 1),Introduction to Linked List,692c5320ff9c19d9ac07b972,egt2w233bp,457.0,7.6,,,,wistia,video
Sigma 8.0 (DSA with C++),sigma-8-live-recordings,Backtracking,isSafe in Sudoku Solver,692c5320ff9c19d9ac07b96f,m8txbl0bfb,846.0,14.1,,,,wistia,video
Sigma 8.0 (DSA with C++),sigma-8-live-recordings,Backtracking,Sudoku Solver (Code),692c5320ff9c19d9ac07b96e,yakwftkw0v,515.0,8.6,,,,wistia,video
Sigma 8.0 (DSA with C++),sigma-8-live-recordings,Backtracking,Sudoku Solver,692c5320ff9c19d9ac07b96d,kdwj2xh2bs,703.0,11.7,,,,wistia,video
Sigma 8.0 (DSA with C++),sigma-8-live-recordings,Backtracking,Grid Ways (Optimization),692c5320ff9c19d9ac07b96c,spfayk3qww,303.0,5.0,,,,wistia,video
Sigma 8.0 (DSA with C++),sigma-8-live-recordings,Backtracking,Grid Ways (Time Complexity),692c5320ff9c19d9ac07b96b,ba57djblgv,192.0,3.2,,,,wistia,video
Sigma 8.0 (DSA with C++),sigma-8-live-recordings,Backtracking,Grid Ways (Dry Run),692c5320ff9c19d9ac07b96a,sf1jvhkx3y,358.0,6.0,,,,wistia,video
Sigma 8.0 (DSA with C++),sigma-8-live-recordings,Backtracking,Grid Ways (Code),692c5320ff9c19d9ac07b969,uyeb56fflu,183.0,3.0,,,,wistia,video
Sigma 8.0 (DSA with C++),sigma-8-live-recordings,Backtracking,Grid Ways,692c5320ff9c19d9ac07b968,p6ir2o9yap,460.0,7.7,,,,wistia,video
Sigma 8.0 (DSA with C++),sigma-8-live-recordings,Backtracking,N Queens Variations,692c5320ff9c19d9ac07b967,8na8fciu2q,149.0,2.5,,,,wistia,video
Sigma 8.0 (DSA with C++),sigma-8-live-recordings,Backtracking,N Queens (Time Complexity),692c5320ff9c19d9ac07b966,tjilfd9tqt,80.0,1.3,,,,wistia,video
Sigma 8.0 (DSA with C++),sigma-8-live-recordings,Backtracking,isSafe in N Queens (Approach),692c5320ff9c19d9ac07b965,x006wrlak7,781.0,13.0,,,,wistia,video
Sigma 8.0 (DSA with C++),sigma-8-live-recordings,Backtracking,N Queens (Approach),692c5320ff9c19d9ac07b964,cy6jcbfha1,916.0,15.3,,,,wistia,video
Sigma 8.0 (DSA with C++),sigma-8-live-recordings,Backtracking,N Queens Qs Discussion,692c5320ff9c19d9ac07b963,3vo40qcaqj,353.0,5.9,,,,wistia,video
Sigma 8.0 (DSA with C++),sigma-8-live-recordings,Backtracking,Find Permutations (Code),692c5320ff9c19d9ac07b962,65104b0tc9,389.0,6.5,,,,wistia,video
Sigma 8.0 (DSA with C++),sigma-8-live-recordings,Backtracking,Find Permutations,692c5320ff9c19d9ac07b961,jsa83byi9z,574.0,9.6,,,,wistia,video
Sigma 8.0 (DSA with C++),sigma-8-live-recordings,Backtracking,Find Subsets (Code),692c5320ff9c19d9ac07b960,xu7i49j3kf,297.0,5.0,,,,wistia,video
Sigma 8.0 (DSA with C++),sigma-8-live-recordings,Backtracking,Find Subsets,692c5320ff9c19d9ac07b95f,4zdok1faon,789.0,13.2,,,,wistia,video
Sigma 8.0 (DSA with C++),sigma-8-live-recordings,Backtracking,Backtracking on Arrays,692c5320ff9c19d9ac07b95e,z7mcf37955,484.0,8.1,,,,wistia,video
Sigma 8.0 (DSA with C++),sigma-8-live-recordings,Backtracking,Introduction,692c5320ff9c19d9ac07b95d,8z7azeb3xe,335.0,5.6,,,,wistia,video
Sigma 8.0 (DSA with C++),sigma-8-live-recordings,Time & Space Complexity (Part 2),How to approach Coding Qs-,692c5320ff9c19d9ac07b95a,ly1adm93nu,674.0,11.2,,,,wistia,video
Sigma 8.0 (DSA with C++),sigma-8-live-recordings,Time & Space Complexity (Part 2),Practice Qs,692c5320ff9c19d9ac07b959,kefkrq9nu0,184.0,3.1,,,,wistia,video
Sigma 8.0 (DSA with C++),sigma-8-live-recordings,Time & Space Complexity (Part 2),Power Function Analysis,692c5320ff9c19d9ac07b958,stcl5fak4v,221.0,3.7,,,,wistia,video
Sigma 8.0 (DSA with C++),sigma-8-live-recordings,Time & Space Complexity (Part 2),Merge Sort Analysis,692c5320ff9c19d9ac07b957,r2t5zy2988,1126.0,18.8,,,,wistia,video
Sigma 8.0 (DSA with C++),sigma-8-live-recordings,Time & Space Complexity (Part 2),Recursive Nth Fibonacci,692c5320ff9c19d9ac07b955,v7cx7pkdea,686.0,11.4,,,,wistia,video
Sigma 8.0 (DSA with C++),sigma-8-live-recordings,Time & Space Complexity (Part 2),Recursive Factorial of N,692c5320ff9c19d9ac07b954,fn6kb0rrm3,350.0,5.8,,,,wistia,video
Sigma 8.0 (DSA with C++),sigma-8-live-recordings,Time & Space Complexity (Part 2),Recursive Sum of N Numbers,692c5320ff9c19d9ac07b953,lm4xtrayaa,732.0,12.2,,,,wistia,video
Sigma 8.0 (DSA with C++),sigma-8-live-recordings,Time & Space Complexity (Part 2),Recursion Time Complexity,692c5320ff9c19d9ac07b952,uhalhvuuqi,284.0,4.7,,,,wistia,video
Sigma 8.0 (DSA with C++),sigma-8-live-recordings,Time & Space Complexity (Part 1),O(n) vs O(logn) - Linear vs Log,692c5320ff9c19d9ac07b951,znff0mt2iv,307.0,5.1,,,,wistia,video
Sigma 8.0 (DSA with C++),sigma-8-live-recordings,Time & Space Complexity (Part 1),Logarithmic TC (Binary Search Analysis),692c5320ff9c19d9ac07b950,3lucw82mah,543.0,9.1,,,,wistia,video
Sigma 8.0 (DSA with C++),sigma-8-live-recordings,Time & Space Complexity (Part 1),Bubble Sort Analysis,692c5320ff9c19d9ac07b94e,zwr04gesfv,196.0,3.3,,,,wistia,video
Sigma 8.0 (DSA with C++),sigma-8-live-recordings,Time & Space Complexity (Part 1),Practice Qs 3,692c5320ff9c19d9ac07b94d,ilgey7n3z5,366.0,6.1,,,,wistia,video
Sigma 8.0 (DSA with C++),sigma-8-live-recordings,Time & Space Complexity (Part 1),Practice Qs 2,692c5320ff9c19d9ac07b94c,zzgm4bey4p,185.0,3.1,,,,wistia,video
Sigma 8.0 (DSA with C++),sigma-8-live-recordings,Time & Space Complexity (Part 1),Practice Qs 1,692c5320ff9c19d9ac07b94b,dy7xn90n71,326.0,5.4,,,,wistia,video
Sigma 8.0 (DSA with C++),sigma-8-live-recordings,Time & Space Complexity (Part 1),Quadratic TC,692c5320ff9c19d9ac07b94a,r7p4z8sugw,277.0,4.6,,,,wistia,video
Sigma 8.0 (DSA with C++),sigma-8-live-recordings,Time & Space Complexity (Part 1),Constant & Linear TC,692c5320ff9c19d9ac07b949,k7vks5b0rr,213.0,3.5,,,,wistia,video
Sigma 8.0 (DSA with C++),sigma-8-live-recordings,Time & Space Complexity (Part 1),Common Time Complexities,692c5320ff9c19d9ac07b948,smn1k98u5n,220.0,3.7,,,,wistia,video
Sigma 8.0 (DSA with C++),sigma-8-live-recordings,Time & Space Complexity (Part 1),What is Space Complexity-,692c5320ff9c19d9ac07b947,deaj0fs2s1,489.0,8.2,,,,wistia,video
Sigma 8.0 (DSA with C++),sigma-8-live-recordings,Time & Space Complexity (Part 1),Other Notations,692c5320ff9c19d9ac07b946,hvwppz24bx,249.0,4.2,,,,wistia,video
Sigma 8.0 (DSA with C++),sigma-8-live-recordings,Time & Space Complexity (Part 1),Big O Math Formula (Optional),692c531fff9c19d9ac07b945,rzb2m8nqoe,283.0,4.7,,,,wistia,video
Sigma 8.0 (DSA with C++),sigma-8-live-recordings,Time & Space Complexity (Part 1),Big O from Functions,692c531fff9c19d9ac07b944,4xan966lla,339.0,5.7,,,,wistia,video
Sigma 8.0 (DSA with C++),sigma-8-live-recordings,Time & Space Complexity (Part 1),Big O Notation,692c531fff9c19d9ac07b943,v4a2fq74me,388.0,6.5,,,,wistia,video
Sigma 8.0 (DSA with C++),sigma-8-live-recordings,Time & Space Complexity (Part 1),Constant Time Complexity,692c531fff9c19d9ac07b942,zp6bonfoie,584.0,9.7,,,,wistia,video
Sigma 8.0 (DSA with C++),sigma-8-live-recordings,Time & Space Complexity (Part 1),What is Time Complexity-,692c531fff9c19d9ac07b941,9gktsyu5kx,649.0,10.8,,,,wistia,video
Sigma 8.0 (DSA with C++),sigma-8-live-recordings,Time & Space Complexity (Part 1),Introduction,692c531fff9c19d9ac07b940,gr8sf1mpdv,307.0,5.1,,,,wistia,video
Sigma 8.0 (DSA with C++),sigma-8-live-recordings,Divide & Conquer,Rotated Sorted (Code),692c531fff9c19d9ac07b93d,e2f1j95q9t,341.0,5.7,,,,wistia,video
Sigma 8.0 (DSA with C++),sigma-8-live-recordings,Divide & Conquer,Rotated Sorted (Pseudocode),692c531fff9c19d9ac07b93c,7r391vfaqc,377.0,6.3,,,,wistia,video
Sigma 8.0 (DSA with C++),sigma-8-live-recordings,Divide & Conquer,Search in Rotated Sorted Array,692c531fff9c19d9ac07b93b,6bs1mt6yi5,1138.0,19.0,,,,wistia,video
Sigma 8.0 (DSA with C++),sigma-8-live-recordings,Divide & Conquer,Worst Case Time Complexity - Quick Sort,692c531fff9c19d9ac07b93a,40gifefs79,321.0,5.3,,,,wistia,video
Sigma 8.0 (DSA with C++),sigma-8-live-recordings,Divide & Conquer,Quick Sort (Code),692c531fff9c19d9ac07b939,3gdberuku0,235.0,3.9,,,,wistia,video
Sigma 8.0 (DSA with C++),sigma-8-live-recordings,Divide & Conquer,Quick Sort Algorithm,692c531fff9c19d9ac07b938,ngcrkb80jl,1238.0,20.6,,,,wistia,video
Sigma 8.0 (DSA with C++),sigma-8-live-recordings,Divide & Conquer,Merge Sort (Summary),692c531fff9c19d9ac07b937,4g33q8cpb4,228.0,3.8,,,,wistia,video
Sigma 8.0 (DSA with C++),sigma-8-live-recordings,Divide & Conquer,Merge Sort (Code),692c531fff9c19d9ac07b936,tfq71shlgw,591.0,9.8,,,,wistia,video
Sigma 8.0 (DSA with C++),sigma-8-live-recordings,Divide & Conquer,Merge - Combine Step,692c531fff9c19d9ac07b935,ga874eydn7,738.0,12.3,,,,wistia,video
Sigma 8.0 (DSA with C++),sigma-8-live-recordings,Divide & Conquer,Merge Sort Algorithm,692c531fff9c19d9ac07b934,o8ilwnphv3,783.0,13.1,,,,wistia,video
Sigma 8.0 (DSA with C++),sigma-8-live-recordings,Recursion (Part 2),Binary Strings (Dry Run),6921c898e5a1df936204a4c8,cd3d50p4j5,312.0,5.2,,,,wistia,video
Sigma 8.0 (DSA with C++),sigma-8-live-recordings,Recursion (Part 2),Binary Strings (Code),6921c898e5a1df936204a4c7,mmb2yrgxyu,254.0,4.2,,,,wistia,video
Sigma 8.0 (DSA with C++),sigma-8-live-recordings,Recursion (Part 2),Binary Strings Problem,6921c898e5a1df936204a4c6,eczqt15tzs,542.0,9.0,,,,wistia,video
Sigma 8.0 (DSA with C++),sigma-8-live-recordings,Recursion (Part 2),Friends Pairing (Code),6921c898e5a1df936204a4c5,hzs2lhpp7s,114.0,1.9,,,,wistia,video
Sigma 8.0 (DSA with C++),sigma-8-live-recordings,Recursion (Part 2),Friends Pairing Problem,6921c898e5a1df936204a4c4,24q3919e6q,613.0,10.2,,,,wistia,video
Sigma 8.0 (DSA with C++),sigma-8-live-recordings,Recursion (Part 2),Remove Duplicates (Code),6921c898e5a1df936204a4c3,4oovrrtslk,511.0,8.5,,,,wistia,video
Sigma 8.0 (DSA with C++),sigma-8-live-recordings,Recursion (Part 2),Remove Duplicates in String,6921c898e5a1df936204a4c2,32kuzyt395,940.0,15.7,,,,wistia,video
Sigma 8.0 (DSA with C++),sigma-8-live-recordings,Recursion (Part 2),Tiling Problem (Code),6921c898e5a1df936204a4c1,q1qldfn7pi,302.0,5.0,,,,wistia,video
Sigma 8.0 (DSA with C++),sigma-8-live-recordings,Recursion (Part 2),Tiling Problem,6921c898e5a1df936204a4c0,cleglwht6j,1165.0,19.4,,,,wistia,video
Sigma 8.0 (DSA with C++),sigma-8-live-recordings,Recursion (Part 1),X to the power N (Code),6921c898e5a1df936204a4bf,w1bv64ac3l,236.0,3.9,,,,wistia,video
Sigma 8.0 (DSA with C++),sigma-8-live-recordings,Recursion (Part 1),Print X to the power N,6921c898e5a1df936204a4be,d03ay0j69d,426.0,7.1,,,,wistia,video
Sigma 8.0 (DSA with C++),sigma-8-live-recordings,Recursion (Part 1),Last Occurrence,6921c898e5a1df936204a4bd,gqmwzmmmo8,403.0,6.7,,,,wistia,video
Sigma 8.0 (DSA with C++),sigma-8-live-recordings,Recursion (Part 1),First Occurrence,6921c898e5a1df936204a4bc,i1by3ld4m5,486.0,8.1,,,,wistia,video
Sigma 8.0 (DSA with C++),sigma-8-live-recordings,Recursion (Part 1),Check if Array Sorted,6921c898e5a1df936204a4bb,y0bxhyp3qg,501.0,8.3,,,,wistia,video
Sigma 8.0 (DSA with C++),sigma-8-live-recordings,Recursion (Part 1),Nth Fibonacci (Code),6921c898e5a1df936204a4ba,b2s06x9i62,362.0,6.0,,,,wistia,video
Sigma 8.0 (DSA with C++),sigma-8-live-recordings,Recursion (Part 1),Nth Fibonacci,6921c898e5a1df936204a4b9,naqgijngnm,421.0,7.0,,,,wistia,video
Sigma 8.0 (DSA with C++),sigma-8-live-recordings,Recursion (Part 1),Sum of N Natural Numbers,6921c898e5a1df936204a4b8,ilre0qpvf6,418.0,7.0,,,,wistia,video
Sigma 8.0 (DSA with C++),sigma-8-live-recordings,Recursion (Part 1),Stack Overflow,6921c898e5a1df936204a4b7,46vx3hazzg,197.0,3.3,,,,wistia,video
Sigma 8.0 (DSA with C++),sigma-8-live-recordings,Recursion (Part 1),Dry Run with Call Stack,6921c898e5a1df936204a4b6,p73isftx9d,339.0,5.7,,,,wistia,video
Sigma 8.0 (DSA with C++),sigma-8-live-recordings,Recursion (Part 1),Numbers in Decreasing Order,6921c898e5a1df936204a4b5,j7eq8zz50i,377.0,6.3,,,,wistia,video
Sigma 8.0 (DSA with C++),sigma-8-live-recordings,Recursion (Part 1),Recursion in Memory,6921c898e5a1df936204a4b4,t6msb5mz5q,405.0,6.8,,,,wistia,video
Sigma 8.0 (DSA with C++),sigma-8-live-recordings,Recursion (Part 1),Dive Deep into Recursion,6921c898e5a1df936204a4b3,dncgugi316,920.0,15.3,,,,wistia,video
Sigma 8.0 (DSA with C++),sigma-8-live-recordings,Recursion (Part 1),What is Recursion-,6921c898e5a1df936204a4b2,0x52eplbkq,403.0,6.7,,,,wistia,video
Sigma 8.0 (DSA with C++),sigma-8-live-recordings,OOPS (Part 2),Practice Qs,6921c898e5a1df936204a4ae,q357rxo0m3,219.0,3.6,,,,wistia,video
Sigma 8.0 (DSA with C++),sigma-8-live-recordings,OOPS (Part 2),Practice Qs,6921c898e5a1df936204a4ad,ngl2dolxmm,244.0,4.1,,,,wistia,video
Sigma 8.0 (DSA with C++),sigma-8-live-recordings,OOPS (Part 2),Friend Functions & Class,6921c898e5a1df936204a4ac,5yi8cthg11,294.0,4.9,,,,wistia,video
Sigma 8.0 (DSA with C++),sigma-8-live-recordings,OOPS (Part 2),Static Objects,6921c898e5a1df936204a4ab,i7p7ccjtrf,184.0,3.1,,,,wistia,video
Sigma 8.0 (DSA with C++),sigma-8-live-recordings,OOPS (Part 2),Static Keyword,6921c898e5a1df936204a4aa,w24ur27h3m,589.0,9.8,,,,wistia,video
Sigma 8.0 (DSA with C++),sigma-8-live-recordings,OOPS (Part 2),Pure Virtual Function,6921c898e5a1df936204a4a9,ahja2epae9,256.0,4.3,,,,wistia,video
Sigma 8.0 (DSA with C++),sigma-8-live-recordings,OOPS (Part 2),Abstraction,6921c898e5a1df936204a4a8,14jq0r19y9,415.0,6.9,,,,wistia,video
Sigma 8.0 (DSA with C++),sigma-8-live-recordings,OOPS (Part 2),Virtual Functions,6921c898e5a1df936204a4a7,mw69k64d8g,290.0,4.8,,,,wistia,video
Sigma 8.0 (DSA with C++),sigma-8-live-recordings,OOPS (Part 2),Function Overriding,6921c898e5a1df936204a4a6,39u1idlkgk,195.0,3.2,,,,wistia,video
Sigma 8.0 (DSA with C++),sigma-8-live-recordings,OOPS (Part 2),Operator Overloading,6921c898e5a1df936204a4a5,te151p1eei,675.0,11.2,,,,wistia,video
Sigma 8.0 (DSA with C++),sigma-8-live-recordings,OOPS (Part 2),Function Overloading,6921c898e5a1df936204a4a4,a3haalhd9y,202.0,3.4,,,,wistia,video
Sigma 8.0 (DSA with C++),sigma-8-live-recordings,OOPS (Part 2),Polymorphism,6921c898e5a1df936204a4a3,swcr64fyt7,144.0,2.4,,,,wistia,video
Sigma 8.0 (DSA with C++),sigma-8-live-recordings,OOPS (Part 1),Hierarchical & Hybrid Inheritance,6921c898e5a1df936204a4a2,ll58ixfgr7,146.0,2.4,,,,wistia,video
Sigma 8.0 (DSA with C++),sigma-8-live-recordings,OOPS (Part 1),Multiple Inheritance,6921c898e5a1df936204a4a1,pmnh19b5ri,237.0,4.0,,,,wistia,video
Sigma 8.0 (DSA with C++),sigma-8-live-recordings,OOPS (Part 1),Multi-level Inheritance,6921c898e5a1df936204a4a0,1lyus0mfuv,275.0,4.6,,,,wistia,video
Sigma 8.0 (DSA with C++),sigma-8-live-recordings,OOPS (Part 1),Single Inheritance,6921c898e5a1df936204a49f,pdgi991ndi,66.0,1.1,,,,wistia,video
Sigma 8.0 (DSA with C++),sigma-8-live-recordings,OOPS (Part 1),Mode of Inheritance,6921c898e5a1df936204a49e,1ik2y4swpd,450.0,7.5,,,,wistia,video
Sigma 8.0 (DSA with C++),sigma-8-live-recordings,OOPS (Part 1),Inheritance,6921c898e5a1df936204a49d,cbrjh7clkf,317.0,5.3,,,,wistia,video
Sigma 8.0 (DSA with C++),sigma-8-live-recordings,OOPS (Part 1),Destructor,6921c898e5a1df936204a49c,msqozsxquk,309.0,5.2,,,,wistia,video
Sigma 8.0 (DSA with C++),sigma-8-live-recordings,OOPS (Part 1),Shallow & Deep Copy,6921c898e5a1df936204a49b,4r1rx6v6kk,741.0,12.3,,,,wistia,video
Sigma 8.0 (DSA with C++),sigma-8-live-recordings,OOPS (Part 1),Copy Constructor,6921c898e5a1df936204a49a,5k8e6aj1uy,410.0,6.8,,,,wistia,video
Sigma 8.0 (DSA with C++),sigma-8-live-recordings,OOPS (Part 1),Practice Qs,6921c898e5a1df936204a499,eezjnpcjq5,279.0,4.7,,,,wistia,video
Sigma 8.0 (DSA with C++),sigma-8-live-recordings,OOPS (Part 1),Constructor,6921c898e5a1df936204a498,lt0su0fft1,884.0,14.7,,,,wistia,video
Sigma 8.0 (DSA with C++),sigma-8-live-recordings,OOPS (Part 1),Encapsulation,6921c898e5a1df936204a497,uuk6546jus,159.0,2.6,,,,wistia,video
Sigma 8.0 (DSA with C++),sigma-8-live-recordings,OOPS (Part 1),Getters & Setters,6921c898e5a1df936204a496,7z2xpeeqj3,230.0,3.8,,,,wistia,video
Sigma 8.0 (DSA with C++),sigma-8-live-recordings,OOPS (Part 1),Access Modifiers,6921c898e5a1df936204a495,tb465a0hgo,357.0,6.0,,,,wistia,video
Sigma 8.0 (DSA with C++),sigma-8-live-recordings,OOPS (Part 1),Classes & Objects,6921c897e5a1df936204a494,26dyud9iud,816.0,13.6,,,,wistia,video
Sigma 8.0 (DSA with C++),sigma-8-live-recordings,Bit Manipulation,Fast Exponentiation (Code),6919dfff160eed8be30942ce,91s5658p5m,233.0,3.9,,,,wistia,video
Sigma 8.0 (DSA with C++),sigma-8-live-recordings,Bit Manipulation,Fast Exponentiation,6919dfff160eed8be30942cd,dtc6ch1q0j,428.0,7.1,,,,wistia,video
Sigma 8.0 (DSA with C++),sigma-8-live-recordings,Bit Manipulation,Count Set Bits,6919dfff160eed8be30942cc,ars791w3du,311.0,5.2,,,,wistia,video
Sigma 8.0 (DSA with C++),sigma-8-live-recordings,Bit Manipulation,Clear Last i Bits,6919dfff160eed8be30942cb,l3lgu5rk8d,283.0,4.7,,,,wistia,video
Sigma 8.0 (DSA with C++),sigma-8-live-recordings,Bit Manipulation,Update ith Bit,6919dfff160eed8be30942ca,h01gbefrjo,373.0,6.2,,,,wistia,video
Sigma 8.0 (DSA with C++),sigma-8-live-recordings,Bit Manipulation,Check for Power of 2,6919dfff160eed8be30942c9,mcw6ntd87a,387.0,6.5,,,,wistia,video
Sigma 8.0 (DSA with C++),sigma-8-live-recordings,Bit Manipulation,Clear ith Bit,6919dfff160eed8be30942c8,4w70tfq3g4,305.0,5.1,,,,wistia,video
Sigma 8.0 (DSA with C++),sigma-8-live-recordings,Bit Manipulation,Set ith Bit,6919dfff160eed8be30942c7,l3r5cfk0gt,211.0,3.5,,,,wistia,video
Sigma 8.0 (DSA with C++),sigma-8-live-recordings,Bit Manipulation,Get ith Bit,6919dfff160eed8be30942c6,ls95yxtazo,423.0,7.0,,,,wistia,video
Sigma 8.0 (DSA with C++),sigma-8-live-recordings,Bit Manipulation,Check if Odd or Even,6919dfff160eed8be30942c5,76wr81l2j7,638.0,10.6,,,,wistia,video
Sigma 8.0 (DSA with C++),sigma-8-live-recordings,Bit Manipulation,Practice Qs,6919dfff160eed8be30942c4,hbuxq2u3it,133.0,2.2,,,,wistia,video
Sigma 8.0 (DSA with C++),sigma-8-live-recordings,Bit Manipulation,Bitwise Shift Operators,6919dfff160eed8be30942c3,ug4h8iixtw,431.0,7.2,,,,wistia,video
Sigma 8.0 (DSA with C++),sigma-8-live-recordings,Bit Manipulation,One's Complement,6919dfff160eed8be30942c2,9rtua84bbd,671.0,11.2,,,,wistia,video
Sigma 8.0 (DSA with C++),sigma-8-live-recordings,Bit Manipulation,Bitwise Operators,6919dfff160eed8be30942c1,lmwi0wel80,459.0,7.7,,,,wistia,video
Sigma 8.0 (DSA with C++),sigma-8-live-recordings,Vectors,Practice Qs,6919dfff160eed8be30942be,100ly3m2ot,228.0,3.8,,,,wistia,video
Sigma 8.0 (DSA with C++),sigma-8-live-recordings,Vectors,2D Vectors,6919dfff160eed8be30942bd,4rvt2reex1,561.0,9.3,,,,wistia,video
Sigma 8.0 (DSA with C++),sigma-8-live-recordings,Vectors,Pair Sum,6919dfff160eed8be30942bc,mjxmcrlbcn,696.0,11.6,,,,wistia,video
Sigma 8.0 (DSA with C++),sigma-8-live-recordings,Vectors,Vector Implementation in Memory,6919dfff160eed8be30942bb,si75ddov8j,477.0,8.0,,,,wistia,video
Sigma 8.0 (DSA with C++),sigma-8-live-recordings,Vectors,Vector Introduction,6919dfff160eed8be30942ba,6a1zufzeyq,338.0,5.6,,,,wistia,video
Sigma 8.0 (DSA with C++),sigma-8-live-recordings,Vectors,What is STL-,6919dfff160eed8be30942b9,4rhxnsshn3,291.0,4.8,,,,wistia,video
Sigma 8.0 (DSA with C++),sigma-8-live-recordings,Vectors,2D Dynamic Arrays,6919dfff160eed8be30942b8,irle63sfic,849.0,14.2,,,,wistia,video
Sigma 8.0 (DSA with C++),sigma-8-live-recordings,Vectors,Memory Leak,6919dfff160eed8be30942b7,pxd7wtty2j,387.0,6.5,,,,wistia,video
Sigma 8.0 (DSA with C++),sigma-8-live-recordings,Vectors,Static v-s Dynamic Allocation,6919dfff160eed8be30942b6,ew77esgeyn,62.0,1.0,,,,wistia,video
Sigma 8.0 (DSA with C++),sigma-8-live-recordings,Vectors,Dynamic Memory Allocation,6919dfff160eed8be30942b5,79jirbmgiw,684.0,11.4,,,,wistia,video
Sigma 8.0 (DSA with C++),sigma-8-live-recordings,Vectors,Creating a Dynamic Array,6919dfff160eed8be30942b4,350vyvie0u,327.0,5.5,,,,wistia,video
Sigma 8.0 (DSA with C++),sigma-8-live-recordings,Char Arrays & Strings,Valid Anagram (Code),6919dfff160eed8be30942b1,mva9b9zu5o,469.0,7.8,,,,wistia,video
Sigma 8.0 (DSA with C++),sigma-8-live-recordings,Char Arrays & Strings,Valid Anagram,6919dfff160eed8be30942b0,rgjysres24,609.0,10.2,,,,wistia,video
Sigma 8.0 (DSA with C++),sigma-8-live-recordings,Char Arrays & Strings,String Member Functions,6919dfff160eed8be30942af,678m9f5nky,423.0,7.0,,,,wistia,video
Sigma 8.0 (DSA with C++),sigma-8-live-recordings,Char Arrays & Strings,for each Loop,6919dfff160eed8be30942ae,5jaqmcv186,193.0,3.2,,,,wistia,video
Sigma 8.0 (DSA with C++),sigma-8-live-recordings,Char Arrays & Strings,C++ Strings,6919dfff160eed8be30942ad,dptfghcwj2,393.0,6.5,,,,wistia,video
Sigma 8.0 (DSA with C++),sigma-8-live-recordings,Char Arrays & Strings,OOPs Intro (for Strings),6919dfff160eed8be30942ac,bis31ebi24,398.0,6.6,,,,wistia,video
Sigma 8.0 (DSA with C++),sigma-8-live-recordings,Char Arrays & Strings,cstring Functions,6919dfff160eed8be30942ab,2j1l42qbz5,388.0,6.5,,,,wistia,video
Sigma 8.0 (DSA with C++),sigma-8-live-recordings,Char Arrays & Strings,Valid Palindrome,6919dfff160eed8be30942aa,3v2vnk0a3h,462.0,7.7,,,,wistia,video
Sigma 8.0 (DSA with C++),sigma-8-live-recordings,Char Arrays & Strings,Reverse a Char Array,6919dfff160eed8be30942a9,7ojr5kbzw7,318.0,5.3,,,,wistia,video
Sigma 8.0 (DSA with C++),sigma-8-live-recordings,Char Arrays & Strings,Convert to UpperCase,6919dfff160eed8be30942a8,d698vk8x9y,440.0,7.3,,,,wistia,video
Sigma 8.0 (DSA with C++),sigma-8-live-recordings,Char Arrays & Strings,Input Char Array,6919dfff160eed8be30942a7,hdf6scqvb4,270.0,4.5,,,,wistia,video
Sigma 8.0 (DSA with C++),sigma-8-live-recordings,Char Arrays & Strings,Character Array,6919dfff160eed8be30942a6,uc1ce971q6,728.0,12.1,,,,wistia,video
Sigma 8.0 (DSA with C++),sigma-8-live-recordings,Char Arrays & Strings,Revisit Char Data Type,6919dfff160eed8be30942a5,vyaovk1a7l,419.0,7.0,,,,wistia,video
Sigma 8.0 (DSA with C++),sigma-8-live-recordings,2D Arrays,Matrix Pointers in Functions,690a0cf3feae03277107f0e8,gnzlpb8izq,598.0,10.0,,,,wistia,video
Sigma 8.0 (DSA with C++),sigma-8-live-recordings,2D Arrays,Matrix Pointers,690a0cf3feae03277107f0e7,3g43axc6bb,394.0,6.6,,,,wistia,video
Sigma 8.0 (DSA with C++),sigma-8-live-recordings,2D Arrays,Search in Sorted Matrix (Code),690a0cf3feae03277107f0e6,ipesu27f0i,378.0,6.3,,,,wistia,video
Sigma 8.0 (DSA with C++),sigma-8-live-recordings,2D Arrays,Search in Sorted Matrix,690a0cf3feae03277107f0e5,598ud3w4lg,970.0,16.2,,,,wistia,video
Sigma 8.0 (DSA with C++),sigma-8-live-recordings,2D Arrays,Diagonal Sum (Code),690a0cf3feae03277107f0e4,yqzwinte3f,346.0,5.8,,,,wistia,video
Sigma 8.0 (DSA with C++),sigma-8-live-recordings,2D Arrays,Diagonal Sum,690a0cf3feae03277107f0e3,8b2ejb51ap,403.0,6.7,,,,wistia,video
Sigma 8.0 (DSA with C++),sigma-8-live-recordings,2D Arrays,Spiral Matrix (Code),690a0cf3feae03277107f0e2,e3ty50s55e,1054.0,17.6,,,,wistia,video
Sigma 8.0 (DSA with C++),sigma-8-live-recordings,2D Arrays,Spiral Matrix,690a0cf3feae03277107f0e1,fsdar0wrlo,687.0,11.4,,,,wistia,video
Sigma 8.0 (DSA with C++),sigma-8-live-recordings,2D Arrays,2D Arrays in Memory,690a0cf3feae03277107f0e0,ewi91tu4r9,224.0,3.7,,,,wistia,video
Sigma 8.0 (DSA with C++),sigma-8-live-recordings,2D Arrays,Input & Output a 2D Array,690a0cf3feae03277107f0df,sob4yiph5w,311.0,5.2,,,,wistia,video
Sigma 8.0 (DSA with C++),sigma-8-live-recordings,2D Arrays,Introduction to 2D Arrays,690a0cf3feae03277107f0de,8lxttidbue,609.0,10.2,,,,wistia,video
Sigma 8.0 (DSA with C++),sigma-8-live-recordings,Basic Sorting Algorithms,Practice Qs,690a0cf2feae03277107f0dc,e14epc61pt,232.0,3.9,,,,wistia,video
Sigma 8.0 (DSA with C++),sigma-8-live-recordings,Basic Sorting Algorithms,In-built Sort in C++,690a0cf2feae03277107f0db,fvl0eik4ko,244.0,4.1,,,,wistia,video
Sigma 8.0 (DSA with C++),sigma-8-live-recordings,Basic Sorting Algorithms,Counting Sort (Code),690a0cf2feae03277107f0da,vl4uyghrcr,269.0,4.5,,,,wistia,video
Sigma 8.0 (DSA with C++),sigma-8-live-recordings,Basic Sorting Algorithms,Counting Sort,690a0cf2feae03277107f0d9,7jqgsxe79j,613.0,10.2,,,,wistia,video
Sigma 8.0 (DSA with C++),sigma-8-live-recordings,Basic Sorting Algorithms,Insertion Sort (Code),690a0cf2feae03277107f0d8,cky300wb20,139.0,2.3,,,,wistia,video
Sigma 8.0 (DSA with C++),sigma-8-live-recordings,Basic Sorting Algorithms,Insertion Sort,690a0cf2feae03277107f0d7,ktpb278zx7,623.0,10.4,,,,wistia,video
Sigma 8.0 (DSA with C++),sigma-8-live-recordings,Basic Sorting Algorithms,Selection Sort (Code),690a0cf2feae03277107f0d6,3rdbxak31p,220.0,3.7,,,,wistia,video
Sigma 8.0 (DSA with C++),sigma-8-live-recordings,Basic Sorting Algorithms,Selection Sort,690a0cf2feae03277107f0d5,81zyslgu0o,329.0,5.5,,,,wistia,video
Sigma 8.0 (DSA with C++),sigma-8-live-recordings,Basic Sorting Algorithms,Bubble Sort (Code),690a0cf2feae03277107f0d4,yg7cd27gic,469.0,7.8,,,,wistia,video
Sigma 8.0 (DSA with C++),sigma-8-live-recordings,Basic Sorting Algorithms,Bubble Sort,690a0cf2feae03277107f0d3,yig3u4p150,661.0,11.0,,,,wistia,video
Sigma 8.0 (DSA with C++),sigma-8-live-recordings,Arrays (Part II),Trapping Rainwater (Code),690a0cf2feae03277107f0d0,nkg91k3ioc,901.0,15.0,,,,wistia,video
Sigma 8.0 (DSA with C++),sigma-8-live-recordings,Arrays (Part II),Trapping Rainwater,690a0cf2feae03277107f0cf,jeamqalc80,1048.0,17.5,,,,wistia,video
Sigma 8.0 (DSA with C++),sigma-8-live-recordings,Arrays (Part II),Buy & Sell Stocks (Code),690a0cf2feae03277107f0ce,shqheowc9o,460.0,7.7,,,,wistia,video
Sigma 8.0 (DSA with C++),sigma-8-live-recordings,Arrays (Part II),Buy & Sell Stocks,690a0cf2feae03277107f0cd,dy58k6mzlj,707.0,11.8,,,,wistia,video
Sigma 8.0 (DSA with C++),sigma-8-live-recordings,Arrays (Part II),Kadane's Algorithm for Max Sum Subarray,690a0cf2feae03277107f0cc,jbfry5icdm,428.0,7.1,,,,wistia,video
Sigma 8.0 (DSA with C++),sigma-8-live-recordings,Arrays (Part II),Max Sum Subarray (Slightly Optimized),690a0cf2feae03277107f0cb,kg7grnpz7w,397.0,6.6,,,,wistia,video
Sigma 8.0 (DSA with C++),sigma-8-live-recordings,Arrays (Part II),Max Sum Subarray (Brute Force),690a0cf2feae03277107f0ca,ms69df4ra9,709.0,11.8,,,,wistia,video
Sigma 8.0 (DSA with C++),sigma-8-live-recordings,Arrays (Part II),Print Subarrays,690a0cf2feae03277107f0c9,3ju79ye8vf,865.0,14.4,,,,wistia,video
Sigma 8.0 (DSA with C++),sigma-8-live-recordings,Arrays (Part I),Pointer Arithmetic 4,690a0cf2feae03277107f0c8,yfuva5x231,89.0,1.5,,,,wistia,video
Sigma 8.0 (DSA with C++),sigma-8-live-recordings,Arrays (Part I),Pointer Arithmetic 3,690a0cf2feae03277107f0c7,j622132ljm,303.0,5.0,,,,wistia,video
Sigma 8.0 (DSA with C++),sigma-8-live-recordings,Arrays (Part I),Pointer Arithmetic 2,690a0cf2feae03277107f0c6,t1pqrcjq4a,436.0,7.3,,,,wistia,video
Sigma 8.0 (DSA with C++),sigma-8-live-recordings,Arrays (Part I),Pointer Arithmetic 1,690a0cf2feae03277107f0c5,iqyh2hu66e,379.0,6.3,,,,wistia,video
Sigma 8.0 (DSA with C++),sigma-8-live-recordings,Arrays (Part I),Array Pointer,690a0cf2feae03277107f0c4,s2uri1i9u7,119.0,2.0,,,,wistia,video
Sigma 8.0 (DSA with C++),sigma-8-live-recordings,Arrays (Part I),Binary Search (Time Complexity),690a0cf2feae03277107f0c3,v5ui6nmpbr,481.0,8.0,,,,wistia,video
Sigma 8.0 (DSA with C++),sigma-8-live-recordings,Arrays (Part I),Binary Search Code,690a0cf2feae03277107f0c2,xcb0m2i4uv,188.0,3.1,,,,wistia,video
Sigma 8.0 (DSA with C++),sigma-8-live-recordings,Arrays (Part I),Binary Search,690a0cf2feae03277107f0c1,whr04yw01x,707.0,11.8,,,,wistia,video
Sigma 8.0 (DSA with C++),sigma-8-live-recordings,Arrays (Part I),Reverse an Array,690a0cf2feae03277107f0c0,zdjzh6da5y,1159.0,19.3,,,,wistia,video
Sigma 8.0 (DSA with C++),sigma-8-live-recordings,Arrays (Part I),Linear Search,690a0cf2feae03277107f0bf,qb42vji6sj,659.0,11.0,,,,wistia,video
Sigma 8.0 (DSA with C++),sigma-8-live-recordings,Arrays (Part I),Arrays are passed by Reference,690a0cf2feae03277107f0bd,nakxxc0ggy,767.0,12.8,,,,wistia,video
Sigma 8.0 (DSA with C++),sigma-8-live-recordings,Arrays (Part I),Find Largest in Array,690a0cf2feae03277107f0bc,b98d1pinsx,347.0,5.8,,,,wistia,video
Sigma 8.0 (DSA with C++),sigma-8-live-recordings,Arrays (Part I),Output & Input Array,690a0cf2feae03277107f0bb,bnpgw5eooj,657.0,10.9,,,,wistia,video
Sigma 8.0 (DSA with C++),sigma-8-live-recordings,Arrays (Part I),Creating an Array,690a0cf2feae03277107f0ba,b3k8ug8q58,630.0,10.5,,,,wistia,video
Sigma 8.0 (DSA with C++),sigma-8-live-recordings,Arrays (Part I),Basics of Array,690a0cf2feae03277107f0b9,k7sbxtjcwa,427.0,7.1,,,,wistia,video
Sigma 8.0 (DSA with C++),sigma-8-live-recordings,Introduction to Pointers,Practice Qs,690a0cf2feae03277107f0b6,0e7w3ugsgn,132.0,2.2,,,,wistia,video
Sigma 8.0 (DSA with C++),sigma-8-live-recordings,Introduction to Pointers,Practice Qs,690a0cf2feae03277107f0b5,lieqs6a7lr,170.0,2.8,,,,wistia,video
Sigma 8.0 (DSA with C++),sigma-8-live-recordings,Introduction to Pointers,Reference Variables,690a0cf2feae03277107f0b4,enfuyba8dc,350.0,5.8,,,,wistia,video
Sigma 8.0 (DSA with C++),sigma-8-live-recordings,Introduction to Pointers,Passing Arguments (Value vs Reference),690a0cf2feae03277107f0b3,u8s313xxtl,421.0,7.0,,,,wistia,video
Sigma 8.0 (DSA with C++),sigma-8-live-recordings,Introduction to Pointers,Null Pointers,690a0cf2feae03277107f0b2,50fjqafcjz,183.0,3.0,,,,wistia,video
Sigma 8.0 (DSA with C++),sigma-8-live-recordings,Introduction to Pointers,Dereference Operator,690a0cf2feae03277107f0b1,9e1qs7n1ym,264.0,4.4,,,,wistia,video
Sigma 8.0 (DSA with C++),sigma-8-live-recordings,Introduction to Pointers,What are Pointers-,690a0cf2feae03277107f0b0,kto7p7ooxn,533.0,8.9,,,,wistia,video
Sigma 8.0 (DSA with C++),sigma-8-live-recordings,Introduction to Pointers,AddressOf (&) Operator,690a0cf2feae03277107f0af,j1wqc9fzcd,147.0,2.5,,,,wistia,video
Sigma 8.0 (DSA with C++),sigma-8-live-recordings,Introduction to Pointers,Basic Concepts of Memory,690a0cf2feae03277107f0ae,joenqb8da7,224.0,3.7,,,,wistia,video
Sigma 8.0 (DSA with C++),sigma-8-live-recordings,Binary Number System,Decimal to Binary (Code),690a0cf2feae03277107f0ab,wgk8whf0kj,462.0,7.7,,,,wistia,video
Sigma 8.0 (DSA with C++),sigma-8-live-recordings,Binary Number System,Binary to Decimal (Code),690a0cf2feae03277107f0aa,h1xud0hqx4,259.0,4.3,,,,wistia,video
Sigma 8.0 (DSA with C++),sigma-8-live-recordings,Binary Number System,Data Type Modifiers,690a0cf2feae03277107f0a9,8x5bg625zy,733.0,12.2,,,,wistia,video
Sigma 8.0 (DSA with C++),sigma-8-live-recordings,Binary Number System,Common Numbers in Binary,690a0cf2feae03277107f0a8,nfmcnhdok2,351.0,5.8,,,,wistia,video
Sigma 8.0 (DSA with C++),sigma-8-live-recordings,Binary Number System,Question (Decimal to Binary),690a0cf2feae03277107f0a7,50f1p6qenx,341.0,5.7,,,,wistia,video
Sigma 8.0 (DSA with C++),sigma-8-live-recordings,Binary Number System,Convert Decimal to Binary,690a0cf2feae03277107f0a6,rtli2vnr0y,115.0,1.9,,,,wistia,video
Sigma 8.0 (DSA with C++),sigma-8-live-recordings,Binary Number System,Convert Binary to Decimal,690a0cf2feae03277107f0a5,jmc97t9m5z,168.0,2.8,,,,wistia,video
Sigma 8.0 (DSA with C++),sigma-8-live-recordings,Binary Number System,What is Binary Number System-,690a0cf2feae03277107f0a4,kjermet4gr,402.0,6.7,,,,wistia,video
Sigma 8.0 (DSA with C++),sigma-8-live-recordings,Functions,Practice Qs (Primes in Range),68fa3b4287f7d968610eea23,7ymovmf8gz,310.0,5.2,,,,wistia,video
Sigma 8.0 (DSA with C++),sigma-8-live-recordings,Functions,Function Overloading,68fa3b4287f7d968610eea22,xvjyj7z27b,334.0,5.6,,,,wistia,video
Sigma 8.0 (DSA with C++),sigma-8-live-recordings,Functions,Practice Qs (Binomial Coefficient),68fa3b4287f7d968610eea21,hdvaeuzk5d,309.0,5.2,,,,wistia,video
Sigma 8.0 (DSA with C++),sigma-8-live-recordings,Functions,Practice Qs (Prime Number),68fa3b4287f7d968610eea20,pwjmhy6ztl,348.0,5.8,,,,wistia,video
Sigma 8.0 (DSA with C++),sigma-8-live-recordings,Functions,Scope (Local & Global),68fa3b4287f7d968610eea1f,9al12onk6w,331.0,5.5,,,,wistia,video
Sigma 8.0 (DSA with C++),sigma-8-live-recordings,Functions,Function call in Memory,68fa3b4287f7d968610eea1e,4dvugjwzif,415.0,6.9,,,,wistia,video
Sigma 8.0 (DSA with C++),sigma-8-live-recordings,Functions,Practice Qs (Factorial),68fa3b4287f7d968610eea1d,c6xvyo8nyb,314.0,5.2,,,,wistia,video
Sigma 8.0 (DSA with C++),sigma-8-live-recordings,Functions,Practice Qs,68fa3b4287f7d968610eea1c,z7uq7deazc,176.0,2.9,,,,wistia,video
Sigma 8.0 (DSA with C++),sigma-8-live-recordings,Functions,Syntax with Parameters,68fa3b4287f7d968610eea1b,14jkc994ad,449.0,7.5,,,,wistia,video
Sigma 8.0 (DSA with C++),sigma-8-live-recordings,Functions,Forward Declaration,68fa3b4287f7d968610eea1a,onchwats9j,211.0,3.5,,,,wistia,video
Sigma 8.0 (DSA with C++),sigma-8-live-recordings,Functions,What are Functions-,68fa3b4287f7d968610eea19,0rye5z55q4,543.0,9.1,,,,wistia,video
Sigma 8.0 (DSA with C++),sigma-8-live-recordings,Patterns,Butterfly Pattern,68fa3b4287f7d968610eea15,jp7db5y851,893.0,14.9,,,,wistia,video
Sigma 8.0 (DSA with C++),sigma-8-live-recordings,Patterns,Diamond Pattern,68fa3b4287f7d968610eea14,0ss5aizwp9,856.0,14.3,,,,wistia,video
Sigma 8.0 (DSA with C++),sigma-8-live-recordings,Patterns,Floyd's Triangle Pattern,68fa3b4287f7d968610eea13,hnb8dtdu14,213.0,3.5,,,,wistia,video
Sigma 8.0 (DSA with C++),sigma-8-live-recordings,Patterns,Inverted & Rotated Half-Pyramid Pattern,68fa3b4287f7d968610eea12,gizq32pnhc,511.0,8.5,,,,wistia,video
Sigma 8.0 (DSA with C++),sigma-8-live-recordings,Patterns,Hollow Rectangle Pattern,68fa3b4287f7d968610eea11,rxbkbgvy8g,519.0,8.7,,,,wistia,video
Sigma 8.0 (DSA with C++),sigma-8-live-recordings,Patterns,Character Pyramid Pattern,68fa3b4287f7d968610eea10,3mj0ln557x,350.0,5.8,,,,wistia,video
Sigma 8.0 (DSA with C++),sigma-8-live-recordings,Patterns,Half Pyramid Pattern,68fa3b4287f7d968610eea0f,cl7s9pluc8,367.0,6.1,,,,wistia,video
Sigma 8.0 (DSA with C++),sigma-8-live-recordings,Patterns,Inverted Star Pattern,68fa3b4287f7d968610eea0e,d6ku7qd92s,647.0,10.8,,,,wistia,video
Sigma 8.0 (DSA with C++),sigma-8-live-recordings,Patterns,Star Pattern,68fa3b4287f7d968610eea0d,m93vbtqyz2,464.0,7.7,,,,wistia,video
Sigma 8.0 (DSA with C++),sigma-8-live-recordings,Patterns,Nested Loops (Dry Run),68fa3b4287f7d968610eea0c,fmfzrygdwx,638.0,10.6,,,,wistia,video
Sigma 8.0 (DSA with C++),sigma-8-live-recordings,Patterns,Nested Loops,68fa3b4287f7d968610eea0b,lmrxwzta0w,777.0,12.9,,,,wistia,video
Sigma 8.0 (DSA with C++),sigma-8-live-recordings,Loops,Check for Prime (Optimized),68fa3b4287f7d968610eea08,iee7qirc2f,467.0,7.8,,,,wistia,video
Sigma 8.0 (DSA with C++),sigma-8-live-recordings,Loops,Check for Prime,68fa3b4287f7d968610eea07,a4fwdyhj12,767.0,12.8,,,,wistia,video
Sigma 8.0 (DSA with C++),sigma-8-live-recordings,Loops,Practice Qs (continue),68fa3b4287f7d968610eea06,ikbt4kw8mx,75.0,1.2,,,,wistia,video
Sigma 8.0 (DSA with C++),sigma-8-live-recordings,Loops,continue Statement,68fa3b4287f7d968610eea05,njitpjebk7,93.0,1.6,,,,wistia,video
Sigma 8.0 (DSA with C++),sigma-8-live-recordings,Loops,Practice Qs (break),68fa3b4287f7d968610eea04,mgxozg8w49,196.0,3.3,,,,wistia,video
Sigma 8.0 (DSA with C++),sigma-8-live-recordings,Loops,break Statement,68fa3b4287f7d968610eea03,1d8b9p9qwc,102.0,1.7,,,,wistia,video
Sigma 8.0 (DSA with C++),sigma-8-live-recordings,Loops,do while Loop,68fa3b4287f7d968610eea02,zkxnzz2cwx,255.0,4.2,,,,wistia,video
Sigma 8.0 (DSA with C++),sigma-8-live-recordings,Loops,Practice Qs,68fa3b4287f7d968610eea01,sngzwl0m6m,1131.0,18.9,,,,wistia,video
Sigma 8.0 (DSA with C++),sigma-8-live-recordings,Loops,Practice Qs,68fa3b4287f7d968610eea00,hw8ekewtt4,329.0,5.5,,,,wistia,video
Sigma 8.0 (DSA with C++),sigma-8-live-recordings,Loops,while Loop,68fa3b4287f7d968610ee9ff,o4ye8cda1a,239.0,4.0,,,,wistia,video
Sigma 8.0 (DSA with C++),sigma-8-live-recordings,Loops,Sum of N Natural Numbers,68fa3b4287f7d968610ee9fe,qoh20pg1cb,210.0,3.5,,,,wistia,video
Sigma 8.0 (DSA with C++),sigma-8-live-recordings,Loops,Print N Natural Numbers,68fa3b4287f7d968610ee9fd,rj8omz0g9v,162.0,2.7,,,,wistia,video
Sigma 8.0 (DSA with C++),sigma-8-live-recordings,Loops,Print -apna college-,68fa3b4287f7d968610ee9fc,ndxbn9rt8n,303.0,5.0,,,,wistia,video
Sigma 8.0 (DSA with C++),sigma-8-live-recordings,Loops,for Loop (in Detail),68fa3b4287f7d968610ee9fb,6naqinwkcu,1038.0,17.3,,,,wistia,video
Sigma 8.0 (DSA with C++),sigma-8-live-recordings,Conditional Statements,Build a Calculator,68fa3b4287f7d968610ee9f8,4cl9qiolws,408.0,6.8,,,,wistia,video
Sigma 8.0 (DSA with C++),sigma-8-live-recordings,Conditional Statements,Switch Statement,68fa3b4287f7d968610ee9f7,hbfeaza7we,393.0,6.5,,,,wistia,video
Sigma 8.0 (DSA with C++),sigma-8-live-recordings,Conditional Statements,Ternary Operator,68fa3b4287f7d968610ee9f6,8j0fop8m4o,312.0,5.2,,,,wistia,video
Sigma 8.0 (DSA with C++),sigma-8-live-recordings,Conditional Statements,Practice Qs,68fa3b4287f7d968610ee9f5,kelazdmrbr,166.0,2.8,,,,wistia,video
Sigma 8.0 (DSA with C++),sigma-8-live-recordings,Conditional Statements,Practice Qs,68fa3b4287f7d968610ee9f4,6nbrmva1ep,262.0,4.4,,,,wistia,video
Sigma 8.0 (DSA with C++),sigma-8-live-recordings,Conditional Statements,Else if Statements,68fa3b4287f7d968610ee9f3,2ltcfyitwd,264.0,4.4,,,,wistia,video
Sigma 8.0 (DSA with C++),sigma-8-live-recordings,Conditional Statements,Practice Qs,68fa3b4287f7d968610ee9f2,y08tf3851v,347.0,5.8,,,,wistia,video
Sigma 8.0 (DSA with C++),sigma-8-live-recordings,Conditional Statements,If else Statements,68fa3b4287f7d968610ee9f1,i12bcx9bzr,507.0,8.4,,,,wistia,video
Sigma 8.0 (DSA with C++),sigma-8-live-recordings,Operators,Logical Operators,68fa3b4287f7d968610ee9ee,m527vhrbwb,355.0,5.9,,,,wistia,video
Sigma 8.0 (DSA with C++),sigma-8-live-recordings,Operators,Relational Operators,68fa3b4287f7d968610ee9ed,d8hpulpvqe,243.0,4.0,,,,wistia,video
Sigma 8.0 (DSA with C++),sigma-8-live-recordings,Operators,Assignment Operators,68fa3b4287f7d968610ee9ec,vi4huscgde,216.0,3.6,,,,wistia,video
Sigma 8.0 (DSA with C++),sigma-8-live-recordings,Operators,Unary Arithmetic Operators,68fa3b4287f7d968610ee9eb,v6435th9xe,384.0,6.4,,,,wistia,video
Sigma 8.0 (DSA with C++),sigma-8-live-recordings,Operators,Arithmetic Operators,68fa3b4287f7d968610ee9ea,6x0o398nog,322.0,5.4,,,,wistia,video
Sigma 8.0 (DSA with C++),sigma-8-live-recordings,Operators,Practice Qs,68fa3b4287f7d968610ee9e9,5vie3t6rt3,196.0,3.3,,,,wistia,video
Sigma 8.0 (DSA with C++),sigma-8-live-recordings,Operators,Explicit Typecasting,68fa3b4287f7d968610ee9e8,yw29g8hrj8,163.0,2.7,,,,wistia,video
Sigma 8.0 (DSA with C++),sigma-8-live-recordings,Operators,Implicit Type Conversion,68fa3b4287f7d968610ee9e7,i3clnsrs91,377.0,6.3,,,,wistia,video
Sigma 8.0 (DSA with C++),sigma-8-live-recordings,Operators,Constants,68fa3b4287f7d968610ee9e6,fnsle0gugp,476.0,7.9,,,,wistia,video
Sigma 8.0 (DSA with C++),sigma-8-live-recordings,Variables & Data Types,Print Average Marks,68fa3b4287f7d968610ee9e3,c12pq08h8k,223.0,3.7,,,,wistia,video
Sigma 8.0 (DSA with C++),sigma-8-live-recordings,Variables & Data Types,Input in C++,68fa3b4287f7d968610ee9e2,ep8vtbtyy0,355.0,5.9,,,,wistia,video
Sigma 8.0 (DSA with C++),sigma-8-live-recordings,Variables & Data Types,Comments,68fa3b4287f7d968610ee9e1,joyeyl58nc,156.0,2.6,,,,wistia,video
Sigma 8.0 (DSA with C++),sigma-8-live-recordings,Variables & Data Types,Data Types in C++,68fa3b4287f7d968610ee9e0,2cjjswloau,755.0,12.6,,,,wistia,video
Sigma 8.0 (DSA with C++),sigma-8-live-recordings,Variables & Data Types,Identify Valid Names,68fa3b4287f7d968610ee9df,go32zvrv09,114.0,1.9,,,,wistia,video
Sigma 8.0 (DSA with C++),sigma-8-live-recordings,Variables & Data Types,Naming Conventions,68fa3b4287f7d968610ee9de,0mvajqc5ez,230.0,3.8,,,,wistia,video
Sigma 8.0 (DSA with C++),sigma-8-live-recordings,Variables & Data Types,Variables in C++,68fa3b4287f7d968610ee9dd,yg2fhxw36g,769.0,12.8,,,,wistia,video
Sigma 8.0 (DSA with C++),sigma-8-live-recordings,Variables & Data Types,Print the Pattern,68fa3b4287f7d968610ee9dc,lcy5h8ihm0,127.0,2.1,,,,wistia,video
Sigma 8.0 (DSA with C++),sigma-8-live-recordings,Variables & Data Types,Output in C++,68fa3b4287f7d968610ee9db,7z96ct3frj,514.0,8.6,,,,wistia,video
Sigma 8.0 (DSA with C++),sigma-8-live-recordings,Variables & Data Types,What is Namespace-,68fa3b4287f7d968610ee9da,pr6x81ogih,406.0,6.8,,,,wistia,video
Sigma 8.0 (DSA with C++),sigma-8-live-recordings,Variables & Data Types,Main Function in C++,68fa3b4287f7d968610ee9d9,rk2yk97p13,123.0,2.0,,,,wistia,video
Sigma 8.0 (DSA with C++),sigma-8-live-recordings,Variables & Data Types,Preprocessor Directive,68fa3b4287f7d968610ee9d8,1nxf4f8bfk,349.0,5.8,,,,wistia,video
Sigma 8.0 (DSA with C++),sigma-8-live-recordings,Variables & Data Types,How does code run-,68fa3b4287f7d968610ee9d7,co5ipmy8n8,323.0,5.4,,,,wistia,video
Sigma 8.0 (DSA with C++),sigma-8-live-recordings,Variables & Data Types,Boilerplate Code in C++,68fa3b4287f7d968610ee9d6,o7yffa0n56,402.0,6.7,,,,wistia,video
Sigma 8.0 (DSA with C++),sigma-8-live-recordings,Flowcharts & Pseudocode,Sum of N Natural Numbers,68fa3b4287f7d968610ee9d3,axobv7k4tp,562.0,9.4,,,,wistia,video
Sigma 8.0 (DSA with C++),sigma-8-live-recordings,Flowcharts & Pseudocode,Print N Natural Numbers,68fa3b4287f7d968610ee9d2,17eckvqdc4,547.0,9.1,,,,wistia,video
Sigma 8.0 (DSA with C++),sigma-8-live-recordings,Flowcharts & Pseudocode,Max of 2 Numbers,68fa3b4287f7d968610ee9d1,y925bbrtv4,327.0,5.5,,,,wistia,video
Sigma 8.0 (DSA with C++),sigma-8-live-recordings,Flowcharts & Pseudocode,Calculate Simple Interest,68fa3b4287f7d968610ee9d0,0tw39c6syj,171.0,2.9,,,,wistia,video
Sigma 8.0 (DSA with C++),sigma-8-live-recordings,Flowcharts & Pseudocode,Sum of 2 Numbers,68fa3b4287f7d968610ee9cf,ntie0blcn5,302.0,5.0,,,,wistia,video
Sigma 8.0 (DSA with C++),sigma-8-live-recordings,Flowcharts & Pseudocode,Components of Flowchart,68fa3b4287f7d968610ee9ce,6tjylgikze,338.0,5.6,,,,wistia,video
Sigma 8.0 (DSA with C++),sigma-8-live-recordings,Flowcharts & Pseudocode,What are Flowcharts-,68fa3b4287f7d968610ee9cd,kglw3l507d,359.0,6.0,,,,wistia,video
Sigma 8.0 (DSA with C++),sigma-8-live-recordings,Installation Resources,Using VS Code,68fa3b4287f7d968610ee9cc,s68r1rlwkd,305.0,5.1,,,,wistia,video
Sigma 8.0 (DSA with C++),sigma-8-live-recordings,Installation Resources,For Mac Users - Setting up C++,68fa3b4287f7d968610ee9cb,p74o2pkiiz,73.0,1.2,,,,wistia,video
Sigma 8.0 (DSA with C++),sigma-8-live-recordings,Installation Resources,Using Replit,68fa3b4287f7d968610ee9ca,l3c8mn06g4,158.0,2.6,,,,wistia,video
Sigma 8.0 (DSA with C++),sigma-8-live-recordings,Course Introduction,What to Install-,68fa3b4287f7d968610ee9c8,s3kifwrq6n,272.0,4.5,,,,wistia,video
Sigma 8.0 (DSA with C++),sigma-8-live-recordings,Course Introduction,Pre-requisites,68fa3b4287f7d968610ee9c7,zl1iu1r5ij,167.0,2.8,,,,wistia,video
Sigma 8.0 (DSA with C++),sigma-8-live-recordings,Course Introduction,About the Lectures,68fa3b4287f7d968610ee9c6,0gumrkdg8r,83.0,1.4,,,,wistia,video
Sigma 8.0 (DSA with C++),sigma-8-live-recordings,Course Introduction,Placements & Internships,68fa3b4287f7d968610ee9c5,3u4uh30u69,246.0,4.1,,,,wistia,video
Sigma 8.0 (DSA with C++),sigma-8-live-recordings,Course Introduction,Message from the Teacher,68fa3b4187f7d968610ee9c4,abwboh36t8,381.0,6.3,https://embed-cloudfront.wistia.com/deliveries/95dfbb5dbbb0a67ea54c1c8a8e64cc01c4027790.m3u8,player,,wistia,video
